REF_ID,PRED_ID,SOURCE_PREY_NAME,DATABASE_PREY_NAME,PHYSIOLOG_STATE,SED_ORIGIN,PREY_PARTS,LIFE_HIST_STAGE,COND_INDEX,SEX,SEX_RATIO,LEN_TYPE,MIN_LEN,MAX_LEN,MN_LEN,BIOMASS,PCT_BIOMASS,N_CONS,PCT_N_CONS,VOL_CONS,PCT_VOL_CONS,FREQ_OCC,PCT_FREQ_OCC,IRI,PCT_IRI,IRIa,IIR,E,PREY_NOTES,FB_FOOD_I,FB_FOOD_II,FB_FOOD_III,FB_STAGE
16r,Cchr.1,Crustacea,Crustacea,NA,NA,NA,NA,NA,NA,NA,NA,NA,NA,NA,NA,NA,NA,NA,1.245,0.15,NA,NA,NA,NA,NA,NA,NA,NA,NA,NA,NA,NA
16r,Cchr.1,Stomatopoda larvae,Stomatopoda,NA,NA,NA,larvae,NA,NA,NA,NA,NA,NA,NA,NA,NA,NA,NA,0.581,0.07,NA,NA,NA,NA,NA,NA,NA,NA,NA,NA,NA,NA
16r,Cchr.1,Sergestidae,Sergestidae,NA,NA,NA,NA,NA,NA,NA,NA,NA,NA,NA,NA,NA,NA,NA,0.415,0.05,NA,NA,NA,NA,NA,NA,NA,NA,NA,NA,NA,NA
16r,Cchr.1,Acetes americanus,Acetes americanus,NA,NA,NA,NA,NA,NA,NA,NA,NA,NA,NA,NA,NA,NA,NA,NA,NA,NA,NA,NA,NA,NA,NA,NA,NA,NA,NA,NA,NA
16r,Cchr.1,Lucifer faxoni,Lucifer faxoni,NA,NA,NA,NA,NA,NA,NA,NA,NA,NA,NA,NA,NA,NA,NA,NA,NA,NA,NA,NA,NA,NA,NA,NA,NA,NA,NA,NA,NA
16r,Cchr.1,Cephalopoda,Cephalopoda,NA,NA,NA,NA,NA,NA,NA,NA,NA,NA,NA,NA,NA,NA,NA,0.083,0.01,NA,NA,NA,NA,NA,NA,NA,NA,NA,NA,NA,NA
16r,Cchr.1,Pisces,Actinopterygii,NA,NA,NA,NA,NA,NA,NA,NA,NA,NA,NA,NA,NA,NA,NA,3.901,0.47,NA,NA,NA,NA,NA,NA,NA,NA,NA,NA,NA,NA
16r,Cchr.1,Anchoa hepsetus,Anchoa hepsetus,NA,NA,NA,NA,NA,NA,NA,NA,NA,NA,NA,NA,NA,NA,NA,NA,NA,NA,NA,NA,NA,NA,NA,NA,NA,NA,NA,NA,NA
16r,Cchr.1,Bregmaceros atlanticus,Bregmaceros atlanticus,NA,NA,NA,NA,NA,NA,NA,NA,NA,NA,NA,NA,NA,NA,NA,NA,NA,NA,NA,NA,NA,NA,NA,NA,NA,NA,NA,NA,NA
16r,Cchr.1,Ophichthyidae,Ophichthyidae,NA,NA,NA,NA,NA,NA,NA,NA,NA,NA,NA,NA,NA,NA,NA,NA,NA,NA,NA,NA,NA,NA,NA,NA,NA,NA,NA,NA,NA
16r,Cchr.1,Fishe scales,Actinopterygii,NA,NA,scales,NA,NA,NA,NA,NA,NA,NA,NA,NA,NA,NA,NA,0.166,0.02,NA,NA,NA,NA,NA,NA,NA,NA,NA,NA,NA,NA
16r,Cchr.1,Unidentified digested flesh,Animalia,digestate,NA,NA,NA,NA,NA,NA,NA,NA,NA,NA,NA,NA,NA,NA,1.909,0.23,NA,NA,NA,NA,NA,NA,NA,NA,NA,NA,NA,NA
16r,Cchr.1,Zooea,Decapoda,NA,NA,NA,zoea,NA,NA,NA,NA,NA,NA,NA,NA,NA,NA,NA,NA,NA,NA,NA,NA,NA,NA,NA,NA,NA,NA,NA,NA,NA
16r,Cchr.2,Unidentified crustacea,Crustacea,NA,NA,NA,NA,NA,NA,NA,NA,NA,NA,NA,NA,NA,NA,NA,0.476,0.14,NA,NA,NA,NA,NA,NA,NA,NA,NA,NA,NA,NA
16r,Cchr.2,Fishes,Actinopterygii,NA,NA,NA,NA,NA,NA,NA,NA,NA,NA,NA,NA,NA,NA,NA,2.72,0.8,NA,NA,NA,NA,NA,NA,NA,NA,NA,NA,NA,NA
16r,Cchr.2,Unidentified flesh,Animalia,remains,NA,NA,NA,NA,NA,NA,NA,NA,NA,NA,NA,NA,NA,NA,0.204,0.06,NA,NA,NA,NA,NA,NA,NA,NA,NA,NA,NA,NA
16r,Cchr.3,Unidentified crustacea,Crustacea,NA,NA,NA,NA,NA,NA,NA,NA,NA,NA,NA,NA,NA,NA,NA,0.784,0.16,NA,NA,NA,NA,NA,NA,NA,NA,NA,NA,NA,NA
16r,Cchr.3,Stomatopoda,Stomatopoda,NA,NA,NA,NA,NA,NA,NA,NA,NA,NA,NA,NA,NA,NA,NA,0.588,0.12,NA,NA,NA,NA,NA,NA,NA,NA,NA,NA,NA,NA
16r,Cchr.3,Shrimp,Caridea,NA,NA,NA,NA,NA,NA,NA,NA,NA,NA,NA,NA,NA,NA,NA,0.441,0.09,NA,NA,NA,NA,NA,NA,NA,NA,NA,NA,NA,NA
16r,Cchr.3,Squid,Teuthida,NA,NA,NA,NA,NA,NA,NA,NA,NA,NA,NA,NA,NA,NA,NA,0.098,0.02,NA,NA,NA,NA,NA,NA,NA,NA,NA,NA,NA,NA
16r,Cchr.3,Fishes,Actinopterygii,NA,NA,NA,NA,NA,NA,NA,NA,NA,NA,NA,NA,NA,NA,NA,1.127,0.23,NA,NA,NA,NA,NA,NA,NA,NA,NA,NA,NA,NA
16r,Cchr.3,Fish scales,Actinopterygii,NA,NA,scales,NA,NA,NA,NA,NA,NA,NA,NA,NA,NA,NA,NA,0.196,0.04,NA,NA,NA,NA,NA,NA,NA,NA,NA,NA,NA,NA
16r,Cchr.3,Unidentified flesh,Animalia,remains,NA,NA,NA,NA,NA,NA,NA,NA,NA,NA,NA,NA,NA,NA,0.539,0.11,NA,NA,NA,NA,NA,NA,NA,NA,NA,NA,NA,NA
16r,Cchr.3,Egg masses,Animalia,NA,NA,NA,eggs,NA,NA,NA,NA,NA,NA,NA,NA,NA,NA,NA,1.127,0.23,NA,NA,NA,NA,NA,NA,NA,NA,NA,NA,NA,NA
16r,Cchr.4,Unidentified crustacea,Crustacea,NA,NA,NA,NA,NA,NA,NA,NA,NA,NA,NA,NA,NA,NA,NA,0.72,0.3,NA,NA,NA,NA,NA,NA,NA,NA,NA,NA,NA,NA
16r,Cchr.4,Fish scales,Actinopterygii,NA,NA,scales,NA,NA,NA,NA,NA,NA,NA,NA,NA,NA,NA,NA,0.192,0.08,NA,NA,NA,NA,NA,NA,NA,NA,NA,NA,NA,NA
16r,Cchr.4,Unidentified egg masses,Animalia,NA,NA,NA,eggs,NA,NA,NA,NA,NA,NA,NA,NA,NA,NA,NA,1.176,0.49,NA,NA,NA,NA,NA,NA,NA,NA,NA,NA,NA,NA
16r,Cchr.4,Unidentified flesh,Animalia,remains,NA,NA,NA,NA,NA,NA,NA,NA,NA,NA,NA,NA,NA,NA,0.312,0.13,NA,NA,NA,NA,NA,NA,NA,NA,NA,NA,NA,NA
16r,Cchr.5,Unidentified crustacea,Crustacea,NA,NA,NA,NA,NA,NA,NA,NA,NA,NA,NA,NA,NA,NA,NA,0.472,0.08,NA,NA,NA,NA,NA,NA,NA,NA,NA,NA,NA,NA
16r,Cchr.5,Stomatopoda,Stomatopoda,NA,NA,NA,NA,NA,NA,NA,NA,NA,NA,NA,NA,NA,NA,NA,0.59,0.1,NA,NA,NA,NA,NA,NA,NA,NA,NA,NA,NA,NA
16r,Cchr.5,Shrimp,Caridea,NA,NA,NA,NA,NA,NA,NA,NA,NA,NA,NA,NA,NA,NA,NA,0.413,0.07,NA,NA,NA,NA,NA,NA,NA,NA,NA,NA,NA,NA
16r,Cchr.5,Squid,Teuthida,NA,NA,NA,NA,NA,NA,NA,NA,NA,NA,NA,NA,NA,NA,NA,0.118,0.02,NA,NA,NA,NA,NA,NA,NA,NA,NA,NA,NA,NA
16r,Cchr.5,Fishes,Actinopterygii,NA,NA,NA,NA,NA,NA,NA,NA,NA,NA,NA,NA,NA,NA,NA,3.894,0.66,NA,NA,NA,NA,NA,NA,NA,NA,NA,NA,NA,NA
16r,Cchr.5,Fish scales,Actinopterygii,NA,NA,scales,NA,NA,NA,NA,NA,NA,NA,NA,NA,NA,NA,NA,NA,NA,NA,NA,NA,NA,NA,NA,NA,NA,NA,NA,NA,NA
16r,Cchr.5,Unidentified flesh,Animalia,remains,NA,NA,NA,NA,NA,NA,NA,NA,NA,NA,NA,NA,NA,NA,0.413,0.07,NA,NA,NA,NA,NA,NA,NA,NA,NA,NA,NA,NA
24d,Cchr.1,Detritus,Detritus,NA,NA,NA,NA,NA,NA,NA,NA,NA,NA,NA,NA,NA,NA,NA,NA,NA,7,1,NA,NA,NA,NA,NA,NA,NA,NA,NA,NA
17b,Scav.1,Other fishes,Actinopterygii,NA,NA,NA,NA,NA,NA,NA,NA,NA,NA,NA,NA,NA,NA,0.08,NA,NA,NA,NA,NA,NA,NA,NA,NA,NA,NA,NA,NA,NA
17b,Scav.1,Carangidae,Carangidae,NA,NA,NA,NA,NA,NA,NA,NA,NA,NA,NA,NA,NA,NA,NA,NA,NA,NA,NA,NA,NA,NA,NA,NA,NA,NA,NA,NA,NA
17b,Scav.1,Clupeid fishes,Clupeidae,NA,NA,NA,NA,NA,NA,NA,NA,NA,NA,NA,NA,NA,NA,0.58,NA,NA,NA,NA,NA,NA,NA,NA,NA,NA,NA,NA,NA,NA
17b,Scav.1,Harengula pensacolae,Harengula jaguana,NA,NA,NA,NA,NA,NA,NA,NA,NA,NA,NA,NA,NA,NA,NA,NA,NA,NA,NA,NA,NA,NA,NA,NA,NA,NA,NA,NA,NA
17b,Scav.1,Invertebrates,Invertebrata,NA,NA,NA,NA,NA,NA,NA,NA,NA,NA,NA,NA,NA,NA,0.33,NA,NA,NA,NA,NA,NA,NA,NA,NA,NA,NA,NA,NA,NA
17b,Scav.1,Lutjanidae,Lutjanidae,NA,NA,NA,NA,NA,NA,NA,NA,NA,NA,NA,NA,NA,NA,NA,NA,NA,NA,NA,NA,NA,NA,NA,NA,NA,NA,NA,NA,NA
17b,Scav.1,Opisthonema oglinum,Opisthonema oglinum,NA,NA,NA,NA,NA,NA,NA,NA,NA,NA,NA,NA,NA,NA,NA,NA,NA,NA,NA,NA,NA,NA,NA,NA,NA,NA,NA,NA,NA
17b,Scav.1,scallop,Pectinidae,NA,NA,NA,NA,NA,NA,NA,NA,NA,NA,NA,NA,NA,NA,NA,NA,NA,NA,NA,NA,NA,NA,NA,NA,NA,NA,NA,NA,NA
17b,Scav.1,penaeid shrimp,Penaeidae,NA,NA,NA,NA,NA,NA,NA,NA,NA,NA,NA,NA,NA,NA,NA,NA,NA,NA,NA,NA,NA,NA,NA,NA,NA,NA,NA,NA,NA
17b,Scav.1,Pomadasyidae,Pomadasyidae,NA,NA,NA,NA,NA,NA,NA,NA,NA,NA,NA,NA,NA,NA,NA,NA,NA,NA,NA,NA,NA,NA,NA,NA,NA,NA,NA,NA,NA
17b,Scav.1,Sparidae,Sparidae,NA,NA,NA,NA,NA,NA,NA,NA,NA,NA,NA,NA,NA,NA,NA,NA,NA,NA,NA,NA,NA,NA,NA,NA,NA,NA,NA,NA,NA
17b,Scav.1,squid ,Teuthida,NA,NA,NA,NA,NA,NA,NA,NA,NA,NA,NA,NA,NA,NA,NA,NA,NA,NA,NA,NA,NA,NA,NA,NA,NA,NA,NA,NA,NA
17b,Scav.1,Triglidae,Triglidae,NA,NA,NA,NA,NA,NA,NA,NA,NA,NA,NA,NA,NA,NA,NA,NA,NA,NA,NA,NA,NA,NA,NA,NA,NA,NA,NA,NA,NA
17b,Scav.1,Unidentifiable food items,Organic matter,NA,NA,NA,NA,NA,NA,NA,NA,NA,NA,NA,NA,NA,NA,NA,NA,NA,NA,NA,NA,NA,NA,NA,NA,NA,NA,NA,NA,NA
61b,Scav.1,silversides,Atheriniformes,NA,NA,NA,NA,NA,NA,NA,NA,NA,NA,NA,NA,NA,NA,NA,NA,NA,NA,NA,NA,NA,NA,NA,NA,NA,NA,NA,NA,NA
61b,Scav.1,shrimp,Caridea,NA,NA,NA,NA,NA,NA,NA,NA,NA,NA,NA,NA,NA,NA,NA,NA,NA,NA,NA,NA,NA,NA,NA,NA,NA,NA,NA,NA,NA
61b,Scav.1,herrings,Clupeidae,NA,NA,NA,NA,NA,NA,NA,NA,NA,NA,NA,NA,NA,NA,NA,NA,NA,NA,NA,NA,NA,NA,NA,NA,NA,NA,NA,NA,NA
61b,Scav.1,squid ,Teuthida,NA,NA,NA,NA,NA,NA,NA,NA,NA,NA,NA,NA,NA,NA,NA,NA,NA,NA,NA,NA,NA,NA,NA,NA,NA,NA,NA,NA,NA
24d,Mund.1,Detritus,Detritus,NA,NA,NA,NA,NA,NA,NA,NA,NA,NA,NA,NA,NA,NA,NA,NA,NA,NA,0.81,NA,NA,NA,NA,NA,NA,NA,NA,NA,NA
24d,Mund.1,Shrimp,Caridea,NA,NA,NA,NA,NA,NA,NA,NA,NA,NA,NA,NA,NA,NA,NA,NA,NA,NA,0.11,NA,NA,NA,NA,NA,NA,NA,NA,NA,NA
24d,Mund.1,Holothurians,Holothuroidea,NA,NA,NA,NA,NA,NA,NA,NA,NA,NA,NA,NA,NA,NA,NA,NA,NA,NA,0.08,NA,NA,NA,NA,NA,NA,NA,NA,NA,NA
24d,Mund.1,Crabs,Brachyura,NA,NA,NA,NA,NA,NA,NA,NA,NA,NA,NA,NA,NA,NA,NA,NA,NA,NA,0.01,NA,NA,NA,NA,NA,NA,NA,NA,NA,NA
24d,Mund.1,Fishes,Actinopterygii,NA,NA,NA,NA,NA,NA,NA,NA,NA,NA,NA,NA,NA,NA,NA,NA,NA,NA,0.01,NA,NA,NA,NA,NA,NA,NA,NA,NA,NA
24d,Mund.1,Other taxa,Animalia,NA,NA,NA,NA,NA,NA,NA,NA,NA,NA,NA,NA,NA,NA,NA,NA,NA,NA,0.01,NA,NA,NA,NA,NA,NA,NA,NA,NA,NA
24d,Mund.1,Trachypenaeus,Trachypenaeus spp.,NA,NA,NA,NA,NA,NA,NA,TaiL,10,45,19.64,NA,NA,NA,NA,NA,NA,21,0.04,NA,NA,NA,NA,NA,NA,NA,NA,NA,NA
24d,Mund.1,Sicyonia,Sicyonia spp.,NA,NA,NA,NA,NA,NA,NA,TaiL,15,15,15,NA,NA,NA,NA,NA,NA,2,0,NA,NA,NA,NA,NA,NA,NA,NA,NA,NA
24d,Mund.2,Detritus,Detritus,NA,NA,NA,NA,NA,NA,NA,NA,NA,NA,NA,NA,NA,NA,NA,NA,NA,NA,0.82,NA,NA,NA,NA,NA,NA,NA,NA,NA,NA
24d,Mund.2,Shrimp,Caridea,NA,NA,NA,NA,NA,NA,NA,NA,NA,NA,NA,NA,NA,NA,NA,NA,NA,NA,0.1,NA,NA,NA,NA,NA,NA,NA,NA,NA,NA
24d,Mund.2,Holothurians,Holothuroidea,NA,NA,NA,NA,NA,NA,NA,NA,NA,NA,NA,NA,NA,NA,NA,NA,NA,NA,0.05,NA,NA,NA,NA,NA,NA,NA,NA,NA,NA
24d,Mund.2,Crabs,Brachyura,NA,NA,NA,NA,NA,NA,NA,NA,NA,NA,NA,NA,NA,NA,NA,NA,NA,NA,0.03,NA,NA,NA,NA,NA,NA,NA,NA,NA,NA
24d,Mund.2,Fishes,Actinopterygii,NA,NA,NA,NA,NA,NA,NA,NA,NA,NA,NA,NA,NA,NA,NA,NA,NA,NA,0.01,NA,NA,NA,NA,NA,NA,NA,NA,NA,NA
24d,Mund.2,Other taxa,Animalia,NA,NA,NA,NA,NA,NA,NA,NA,NA,NA,NA,NA,NA,NA,NA,NA,NA,NA,0.02,NA,NA,NA,NA,NA,NA,NA,NA,NA,NA
24d,Mund.2,eel,Anguilliformes,NA,NA,NA,NA,NA,NA,NA,NA,NA,NA,NA,NA,NA,NA,NA,NA,NA,2,0,NA,NA,NA,NA,NA,NA,NA,NA,NA,NA
24d,Mund.2,Ophichthus,Ophichthus spp.,NA,NA,NA,NA,NA,NA,NA,NA,NA,NA,NA,NA,NA,NA,NA,NA,NA,1,0,NA,NA,NA,NA,NA,NA,NA,NA,NA,NA
24d,Mund.2,Trachypenaeus,Trachypenaeus spp.,NA,NA,NA,NA,NA,NA,NA,TaiL,5,35,20,NA,NA,NA,NA,NA,NA,41,0.04,NA,NA,NA,NA,NA,NA,NA,NA,NA,NA
24d,Mund.2,Sicyonia,Sicyonia spp.,NA,NA,NA,NA,NA,NA,NA,TaiL,10,10,10,NA,NA,NA,NA,NA,NA,1,0,NA,NA,NA,NA,NA,NA,NA,NA,NA,NA
24d,Mund.2,Penaeus,Litopenaeus aztecus,NA,NA,NA,NA,NA,NA,NA,TaiL,45,45,45,NA,NA,NA,NA,NA,NA,1,0,NA,NA,NA,NA,NA,NA,NA,NA,NA,NA
24d,Mund.3,Detritus,Detritus,NA,NA,NA,NA,NA,NA,NA,NA,NA,NA,NA,NA,NA,NA,NA,NA,NA,NA,0.91,NA,NA,NA,NA,NA,NA,NA,NA,NA,NA
24d,Mund.3,Shrimp,Caridea,NA,NA,NA,NA,NA,NA,NA,NA,NA,NA,NA,NA,NA,NA,NA,NA,NA,NA,0.04,NA,NA,NA,NA,NA,NA,NA,NA,NA,NA
24d,Mund.3,Crabs,Brachyura,NA,NA,NA,NA,NA,NA,NA,NA,NA,NA,NA,NA,NA,NA,NA,NA,NA,NA,0.01,NA,NA,NA,NA,NA,NA,NA,NA,NA,NA
24d,Mund.3,Other taxa,Animalia,NA,NA,NA,NA,NA,NA,NA,NA,NA,NA,NA,NA,NA,NA,NA,NA,NA,NA,0.03,NA,NA,NA,NA,NA,NA,NA,NA,NA,NA
24d,Mund.3,Trachypenaeus,Trachypenaeus spp.,NA,NA,NA,NA,NA,NA,NA,TaiL,5,30,15,NA,NA,NA,NA,NA,NA,3,0.01,NA,NA,NA,NA,NA,NA,NA,NA,NA,NA
24d,Mund.3,Sicyonia,Sicyonia spp.,NA,NA,NA,NA,NA,NA,NA,TaiL,15,15,15,NA,NA,NA,NA,NA,NA,1,0,NA,NA,NA,NA,NA,NA,NA,NA,NA,NA
24d,Mund.4,Detritus,Detritus,NA,NA,NA,NA,NA,NA,NA,NA,NA,NA,NA,NA,NA,NA,NA,NA,NA,NA,0.87,NA,NA,NA,NA,NA,NA,NA,NA,NA,NA
24d,Mund.4,Shrimp,Caridea,NA,NA,NA,NA,NA,NA,NA,NA,NA,NA,NA,NA,NA,NA,NA,NA,NA,NA,0.07,NA,NA,NA,NA,NA,NA,NA,NA,NA,NA
24d,Mund.4,Fishes,Actinopterygii,NA,NA,NA,NA,NA,NA,NA,NA,NA,NA,NA,NA,NA,NA,NA,NA,NA,NA,0.03,NA,NA,NA,NA,NA,NA,NA,NA,NA,NA
24d,Mund.4,Crabs,Brachyura,NA,NA,NA,NA,NA,NA,NA,NA,NA,NA,NA,NA,NA,NA,NA,NA,NA,NA,0.03,NA,NA,NA,NA,NA,NA,NA,NA,NA,NA
24d,Mund.4,Other taxa,Animalia,NA,NA,NA,NA,NA,NA,NA,NA,NA,NA,NA,NA,NA,NA,NA,NA,NA,NA,0.02,NA,NA,NA,NA,NA,NA,NA,NA,NA,NA
24d,Mund.4,Anchoa ,Anchoa spp.,NA,NA,NA,NA,NA,NA,NA,NA,NA,NA,NA,NA,NA,NA,NA,NA,NA,NA,NA,NA,NA,NA,NA,NA,NA,NA,NA,NA,NA
24d,Mund.4,Saurida,Saurida spp.,NA,NA,NA,NA,NA,NA,NA,NA,NA,NA,NA,NA,NA,NA,NA,NA,NA,NA,NA,NA,NA,NA,NA,NA,NA,NA,NA,NA,NA
24d,Mund.4,eel,Anguilliformes,NA,NA,NA,NA,NA,NA,NA,NA,NA,NA,NA,NA,NA,NA,NA,NA,NA,NA,NA,NA,NA,NA,NA,NA,NA,NA,NA,NA,NA
24d,Mund.4,Trachypenaeus,Trachypenaeus spp.,NA,NA,NA,NA,NA,NA,NA,TaiL,3,45,24,NA,NA,NA,NA,NA,NA,13,0.02,NA,NA,NA,NA,NA,NA,NA,NA,NA,NA
24d,Mund.5,Detritus,Detritus,NA,NA,NA,NA,NA,NA,NA,NA,NA,NA,NA,NA,NA,NA,NA,NA,NA,NA,0.67,NA,NA,NA,NA,NA,NA,NA,NA,NA,NA
24d,Mund.5,Shrimp,Caridea,NA,NA,NA,NA,NA,NA,NA,NA,NA,NA,NA,NA,NA,NA,NA,NA,NA,NA,0.33,NA,NA,NA,NA,NA,NA,NA,NA,NA,NA
24d,Mund.5,Trachypenaeus,Trachypenaeus spp.,NA,NA,NA,NA,NA,NA,NA,TaiL,5,5,5,NA,NA,NA,NA,NA,NA,1,0.07,NA,NA,NA,NA,NA,NA,NA,NA,NA,NA
24d,Mund.6,Detritus,Detritus,NA,NA,NA,NA,NA,NA,NA,NA,NA,NA,NA,NA,NA,NA,NA,NA,NA,NA,0.86,NA,NA,NA,NA,NA,NA,NA,NA,NA,NA
24d,Mund.6,Fish,Actinopterygii,NA,NA,NA,NA,NA,NA,NA,NA,NA,NA,NA,NA,NA,NA,NA,NA,NA,NA,0.01,NA,NA,NA,NA,NA,NA,NA,NA,NA,NA
24d,Mund.6,Shrimp,Caridea,NA,NA,NA,NA,NA,NA,NA,NA,NA,NA,NA,NA,NA,NA,NA,NA,NA,NA,0.09,NA,NA,NA,NA,NA,NA,NA,NA,NA,NA
24d,Mund.6,Crabs,Brachyura,NA,NA,NA,NA,NA,NA,NA,NA,NA,NA,NA,NA,NA,NA,NA,NA,NA,NA,0.02,NA,NA,NA,NA,NA,NA,NA,NA,NA,NA
24d,Mund.6,Stomatopods,Stomatopoda,NA,NA,NA,NA,NA,NA,NA,NA,NA,NA,NA,NA,NA,NA,NA,NA,NA,NA,0.01,NA,NA,NA,NA,NA,NA,NA,NA,NA,NA
24d,Mund.6,Squid,Teuthida,NA,NA,NA,NA,NA,NA,NA,NA,NA,NA,NA,NA,NA,NA,NA,NA,NA,NA,0.01,NA,NA,NA,NA,NA,NA,NA,NA,NA,NA
24d,Mund.6,Other foods,Animalia,NA,NA,NA,NA,NA,NA,NA,NA,NA,NA,NA,NA,NA,NA,NA,NA,NA,NA,0.06,NA,NA,NA,NA,NA,NA,NA,NA,NA,NA
24d,Mund.6,Trachypenaeus,Trachypenaeus spp.,NA,NA,NA,NA,NA,NA,NA,TaiL,5,45,25,NA,NA,NA,NA,NA,NA,84,0.03,NA,NA,NA,NA,NA,NA,NA,NA,NA,NA
24d,Mund.6,Sicyonia,Sicyonia spp.,NA,NA,NA,NA,NA,NA,NA,TaiL,15,15,15,NA,NA,NA,NA,NA,NA,4,0,NA,NA,NA,NA,NA,NA,NA,NA,NA,NA
24d,Mund.6,Penaeus,Litopenaeus aztecus,NA,NA,NA,NA,NA,NA,NA,TaiL,45,45,45,NA,NA,NA,NA,NA,NA,1,0,NA,NA,NA,NA,NA,NA,NA,NA,NA,NA
16r,Mund.1,Polychaeta,Polychaeta,NA,NA,NA,NA,NA,NA,NA,NA,NA,NA,NA,NA,NA,NA,NA,5.742,0.29,NA,NA,NA,NA,NA,NA,NA,NA,NA,NA,NA,NA
16r,Mund.1,Prionospio pinnata,Prionospio pinnata,NA,NA,NA,NA,NA,NA,NA,NA,NA,NA,NA,NA,NA,NA,NA,NA,NA,NA,NA,NA,NA,NA,NA,NA,NA,NA,NA,NA,NA
16r,Mund.1,Diopatra cuprea,Diopatra cuprea,NA,NA,NA,NA,NA,NA,NA,NA,NA,NA,NA,NA,NA,NA,NA,NA,NA,NA,NA,NA,NA,NA,NA,NA,NA,NA,NA,NA,NA
16r,Mund.1,Glycera americana,Glycera americana,NA,NA,NA,NA,NA,NA,NA,NA,NA,NA,NA,NA,NA,NA,NA,NA,NA,NA,NA,NA,NA,NA,NA,NA,NA,NA,NA,NA,NA
16r,Mund.1,Ancistrosyllis sp.,Ancistrosyllis sp.,NA,NA,NA,NA,NA,NA,NA,NA,NA,NA,NA,NA,NA,NA,NA,NA,NA,NA,NA,NA,NA,NA,NA,NA,NA,NA,NA,NA,NA
16r,Mund.1,Armanida agilis,Armanida agilis,NA,NA,NA,NA,NA,NA,NA,NA,NA,NA,NA,NA,NA,NA,NA,NA,NA,NA,NA,NA,NA,NA,NA,NA,NA,NA,NA,NA,NA
16r,Mund.1,Eteone sp.,Eteone sp.,NA,NA,NA,NA,NA,NA,NA,NA,NA,NA,NA,NA,NA,NA,NA,NA,NA,NA,NA,NA,NA,NA,NA,NA,NA,NA,NA,NA,NA
16r,Mund.1,Glycinde solitaria,Glycinde solitaria,NA,NA,NA,NA,NA,NA,NA,NA,NA,NA,NA,NA,NA,NA,NA,NA,NA,NA,NA,NA,NA,NA,NA,NA,NA,NA,NA,NA,NA
16r,Mund.1,Lumbrinereis tenuis,Lumbrinereis tenuis,NA,NA,NA,NA,NA,NA,NA,NA,NA,NA,NA,NA,NA,NA,NA,NA,NA,NA,NA,NA,NA,NA,NA,NA,NA,NA,NA,NA,NA
16r,Mund.1,Lumbrinereis sp.,Lumbrinereis sp.,NA,NA,NA,NA,NA,NA,NA,NA,NA,NA,NA,NA,NA,NA,NA,NA,NA,NA,NA,NA,NA,NA,NA,NA,NA,NA,NA,NA,NA
16r,Mund.1,Mediomastis californiensis,Mediomastis californiensis,NA,NA,NA,NA,NA,NA,NA,NA,NA,NA,NA,NA,NA,NA,NA,NA,NA,NA,NA,NA,NA,NA,NA,NA,NA,NA,NA,NA,NA
16r,Mund.1,Sigambra tentaculata,Sigambra tentaculata,NA,NA,NA,NA,NA,NA,NA,NA,NA,NA,NA,NA,NA,NA,NA,NA,NA,NA,NA,NA,NA,NA,NA,NA,NA,NA,NA,NA,NA
16r,Mund.1,Sigambra sp.,Sigambra sp.,NA,NA,NA,NA,NA,NA,NA,NA,NA,NA,NA,NA,NA,NA,NA,NA,NA,NA,NA,NA,NA,NA,NA,NA,NA,NA,NA,NA,NA
16r,Mund.1,Capitellidae,Capitellidae,NA,NA,NA,NA,NA,NA,NA,NA,NA,NA,NA,NA,NA,NA,NA,NA,NA,NA,NA,NA,NA,NA,NA,NA,NA,NA,NA,NA,NA
16r,Mund.1,Goniadidae,Goniadidae,NA,NA,NA,NA,NA,NA,NA,NA,NA,NA,NA,NA,NA,NA,NA,NA,NA,NA,NA,NA,NA,NA,NA,NA,NA,NA,NA,NA,NA
16r,Mund.1,Hesionidae,Hesionidae,NA,NA,NA,NA,NA,NA,NA,NA,NA,NA,NA,NA,NA,NA,NA,NA,NA,NA,NA,NA,NA,NA,NA,NA,NA,NA,NA,NA,NA
16r,Mund.1,Nephtyidae,Nephtyidae,NA,NA,NA,NA,NA,NA,NA,NA,NA,NA,NA,NA,NA,NA,NA,NA,NA,NA,NA,NA,NA,NA,NA,NA,NA,NA,NA,NA,NA
16r,Mund.1,Paraonidae,Paraonidae,NA,NA,NA,NA,NA,NA,NA,NA,NA,NA,NA,NA,NA,NA,NA,NA,NA,NA,NA,NA,NA,NA,NA,NA,NA,NA,NA,NA,NA
16r,Mund.1,Pilargidae,Pilargidae,NA,NA,NA,NA,NA,NA,NA,NA,NA,NA,NA,NA,NA,NA,NA,NA,NA,NA,NA,NA,NA,NA,NA,NA,NA,NA,NA,NA,NA
16r,Mund.1,Stomatopoda,Stomatopoda,NA,NA,NA,NA,NA,NA,NA,NA,NA,NA,NA,NA,NA,NA,NA,3.96,0.2,NA,NA,NA,NA,NA,NA,NA,NA,NA,NA,NA,NA
16r,Mund.1,Squilla empusa,Squilla empusa,NA,NA,NA,NA,NA,NA,NA,NA,NA,NA,NA,NA,NA,NA,NA,NA,NA,NA,NA,NA,NA,NA,NA,NA,NA,NA,NA,NA,NA
16r,Mund.1,Amphipoda,Amphipoda,NA,NA,NA,NA,NA,NA,NA,NA,NA,NA,NA,NA,NA,NA,NA,0.198,0.01,NA,NA,NA,NA,NA,NA,NA,NA,NA,NA,NA,NA
16r,Mund.1,Natantia,Decapoda,NA,NA,NA,NA,NA,NA,NA,NA,NA,NA,NA,NA,NA,NA,NA,1.386,0.07,NA,NA,NA,NA,NA,NA,NA,NA,NA,NA,NA,NA
16r,Mund.1,Zoea larvae,Decapoda,NA,NA,NA,zoea,NA,NA,NA,NA,NA,NA,NA,NA,NA,NA,NA,NA,NA,NA,NA,NA,NA,NA,NA,NA,NA,NA,NA,NA,NA
16r,Mund.1,Sergestidae,Sergestidae,NA,NA,NA,NA,NA,NA,NA,NA,NA,NA,NA,NA,NA,NA,NA,NA,NA,NA,NA,NA,NA,NA,NA,NA,NA,NA,NA,NA,NA
16r,Mund.1,Acetes americanus,Acetes americanus,NA,NA,NA,NA,NA,NA,NA,NA,NA,NA,NA,NA,NA,NA,NA,NA,NA,NA,NA,NA,NA,NA,NA,NA,NA,NA,NA,NA,NA
16r,Mund.1,Caridea,Caridea,NA,NA,NA,NA,NA,NA,NA,NA,NA,NA,NA,NA,NA,NA,NA,NA,NA,NA,NA,NA,NA,NA,NA,NA,NA,NA,NA,NA,NA
16r,Mund.1,Processa hemphilli,Processa hemphilli,NA,NA,NA,NA,NA,NA,NA,NA,NA,NA,NA,NA,NA,NA,NA,NA,NA,NA,NA,NA,NA,NA,NA,NA,NA,NA,NA,NA,NA
16r,Mund.1,Alphaeidae,Alphaeidae,NA,NA,NA,NA,NA,NA,NA,NA,NA,NA,NA,NA,NA,NA,NA,NA,NA,NA,NA,NA,NA,NA,NA,NA,NA,NA,NA,NA,NA
16r,Mund.1,Alphaeus floridanus,Alphaeus floridanus,NA,NA,NA,NA,NA,NA,NA,NA,NA,NA,NA,NA,NA,NA,NA,NA,NA,NA,NA,NA,NA,NA,NA,NA,NA,NA,NA,NA,NA
16r,Mund.1,Portunidae,Portunidae,NA,NA,NA,NA,NA,NA,NA,NA,NA,NA,NA,NA,NA,NA,NA,2.376,0.12,NA,NA,NA,NA,NA,NA,NA,NA,NA,NA,NA,NA
16r,Mund.1,Callinectes sapidus,Callinectes sapidus,NA,NA,NA,NA,NA,NA,NA,NA,NA,NA,NA,NA,NA,NA,NA,NA,NA,NA,NA,NA,NA,NA,NA,NA,NA,NA,NA,NA,NA
16r,Mund.1,Cephalopoda,Cephalopoda,NA,NA,NA,NA,NA,NA,NA,NA,NA,NA,NA,NA,NA,NA,NA,0.198,0.01,NA,NA,NA,NA,NA,NA,NA,NA,NA,NA,NA,NA
16r,Mund.1,Octopus sp.,Octopus sp.,NA,NA,NA,NA,NA,NA,NA,NA,NA,NA,NA,NA,NA,NA,NA,NA,NA,NA,NA,NA,NA,NA,NA,NA,NA,NA,NA,NA,NA
16r,Mund.1,Pisces,Actinopterygii,NA,NA,NA,NA,NA,NA,NA,NA,NA,NA,NA,NA,NA,NA,NA,NA,NA,NA,NA,NA,NA,NA,NA,NA,NA,NA,NA,NA,NA
16r,Mund.1,Fragments of flesh and bone,Actinopterygii,NA,NA,bone,NA,NA,NA,NA,NA,NA,NA,NA,NA,NA,NA,NA,NA,NA,NA,NA,NA,NA,NA,NA,NA,NA,NA,NA,NA,NA
16r,Mund.1,Fragments of flesh and bone,Actinopterygii,remains,NA,NA,NA,NA,NA,NA,NA,NA,NA,NA,NA,NA,NA,NA,NA,NA,NA,NA,NA,NA,NA,NA,NA,NA,NA,NA,NA,NA
16r,Mund.1,Symphurus sp.,Symphurus sp.,NA,NA,NA,NA,NA,NA,NA,NA,NA,NA,NA,NA,NA,NA,NA,NA,NA,NA,NA,NA,NA,NA,NA,NA,NA,NA,NA,NA,NA
16r,Mund.1,Sediment and detritus,Animalia,digestate,NA,NA,NA,NA,NA,NA,NA,NA,NA,NA,NA,NA,NA,NA,1.287,0.07,NA,NA,NA,NA,NA,NA,NA,NA,NA,NA,NA,NA
16r,Mund.1,Sediment and detritus,Sediment,NA,NA,NA,NA,NA,NA,NA,NA,NA,NA,NA,NA,NA,NA,NA,1.287,0.07,NA,NA,NA,NA,NA,NA,NA,NA,NA,NA,NA,NA
16r,Mund.1,Unidentified digested flesh,Animalia,digestate,NA,NA,NA,NA,NA,NA,NA,NA,NA,NA,NA,NA,NA,NA,0.792,0.04,NA,NA,NA,NA,NA,NA,NA,NA,NA,NA,NA,NA
16r,Mund.2,Polychaeta,Polychaeta,NA,NA,NA,NA,NA,NA,NA,NA,NA,NA,NA,NA,NA,NA,NA,0.168,0.24,NA,NA,NA,NA,NA,NA,NA,NA,NA,NA,NA,NA
16r,Mund.2,Stomatopoda,Stomatopoda,NA,NA,NA,NA,NA,NA,NA,NA,NA,NA,NA,NA,NA,NA,NA,0.133,0.19,NA,NA,NA,NA,NA,NA,NA,NA,NA,NA,NA,NA
16r,Mund.2,Shrimp,Caridea,NA,NA,NA,NA,NA,NA,NA,NA,NA,NA,NA,NA,NA,NA,NA,0.133,0.19,NA,NA,NA,NA,NA,NA,NA,NA,NA,NA,NA,NA
16r,Mund.2,Fishes,Actinopterygii,NA,NA,NA,NA,NA,NA,NA,NA,NA,NA,NA,NA,NA,NA,NA,0.119,0.17,NA,NA,NA,NA,NA,NA,NA,NA,NA,NA,NA,NA
16r,Mund.2,Unidentified flesh,Animalia,remains,NA,NA,NA,NA,NA,NA,NA,NA,NA,NA,NA,NA,NA,NA,0.105,0.15,NA,NA,NA,NA,NA,NA,NA,NA,NA,NA,NA,NA
16r,Mund.2,Detritus and Sediment,Animalia,digestate,NA,NA,NA,NA,NA,NA,NA,NA,NA,NA,NA,NA,NA,NA,0.021,0.03,NA,NA,NA,NA,NA,NA,NA,NA,NA,NA,NA,NA
16r,Mund.2,Detritus and Sediment,Sediment,NA,NA,NA,NA,NA,NA,NA,NA,NA,NA,NA,NA,NA,NA,NA,0.021,0.03,NA,NA,NA,NA,NA,NA,NA,NA,NA,NA,NA,NA
16r,Mund.3,Polychaeta,Polychaeta,NA,NA,NA,NA,NA,NA,NA,NA,NA,NA,NA,NA,NA,NA,NA,0.72,0.24,NA,NA,NA,NA,NA,NA,NA,NA,NA,NA,NA,NA
16r,Mund.3,Stomatopoda,Stomatopoda,NA,NA,NA,NA,NA,NA,NA,NA,NA,NA,NA,NA,NA,NA,NA,0.18,0.06,NA,NA,NA,NA,NA,NA,NA,NA,NA,NA,NA,NA
16r,Mund.3,Shrimp,Caridea,NA,NA,NA,NA,NA,NA,NA,NA,NA,NA,NA,NA,NA,NA,NA,0.03,0.01,NA,NA,NA,NA,NA,NA,NA,NA,NA,NA,NA,NA
16r,Mund.3,Fishes,Actinopterygii,NA,NA,NA,NA,NA,NA,NA,NA,NA,NA,NA,NA,NA,NA,NA,0.45,0.15,NA,NA,NA,NA,NA,NA,NA,NA,NA,NA,NA,NA
16r,Mund.3,Unidentified flesh,Animalia,remains,NA,NA,NA,NA,NA,NA,NA,NA,NA,NA,NA,NA,NA,NA,0.45,0.15,NA,NA,NA,NA,NA,NA,NA,NA,NA,NA,NA,NA
16r,Mund.3,Detritus and Sediment,Animalia,digestate,NA,NA,NA,NA,NA,NA,NA,NA,NA,NA,NA,NA,NA,NA,0.585,0.2,NA,NA,NA,NA,NA,NA,NA,NA,NA,NA,NA,NA
16r,Mund.3,Detritus and Sediment,Sediment,NA,NA,NA,NA,NA,NA,NA,NA,NA,NA,NA,NA,NA,NA,NA,0.585,0.2,NA,NA,NA,NA,NA,NA,NA,NA,NA,NA,NA,NA
16r,Mund.4,Polychaeta,Polychaeta,NA,NA,NA,NA,NA,NA,NA,NA,NA,NA,NA,NA,NA,NA,NA,4.991,0.31,NA,NA,NA,NA,NA,NA,NA,NA,NA,NA,NA,NA
16r,Mund.4,Stomatopoda,Stomatopoda,NA,NA,NA,NA,NA,NA,NA,NA,NA,NA,NA,NA,NA,NA,NA,3.703,0.23,NA,NA,NA,NA,NA,NA,NA,NA,NA,NA,NA,NA
16r,Mund.4,Amphipoda,Amphipoda,NA,NA,NA,NA,NA,NA,NA,NA,NA,NA,NA,NA,NA,NA,NA,0.161,0.01,NA,NA,NA,NA,NA,NA,NA,NA,NA,NA,NA,NA
16r,Mund.4,Shrimp,Caridea,NA,NA,NA,NA,NA,NA,NA,NA,NA,NA,NA,NA,NA,NA,NA,1.127,0.07,NA,NA,NA,NA,NA,NA,NA,NA,NA,NA,NA,NA
16r,Mund.4,Shrimp zoeae,Caridea,NA,NA,NA,zoea,NA,NA,NA,NA,NA,NA,NA,NA,NA,NA,NA,0.161,0.01,NA,NA,NA,NA,NA,NA,NA,NA,NA,NA,NA,NA
16r,Mund.4,Crabs,Brachyura,NA,NA,NA,NA,NA,NA,NA,NA,NA,NA,NA,NA,NA,NA,NA,2.415,0.15,NA,NA,NA,NA,NA,NA,NA,NA,NA,NA,NA,NA
16r,Mund.4,Squid,Teuthida,NA,NA,NA,NA,NA,NA,NA,NA,NA,NA,NA,NA,NA,NA,NA,0.161,0.01,NA,NA,NA,NA,NA,NA,NA,NA,NA,NA,NA,NA
16r,Mund.4,Fishes,Actinopterygii,NA,NA,NA,NA,NA,NA,NA,NA,NA,NA,NA,NA,NA,NA,NA,1.932,0.12,NA,NA,NA,NA,NA,NA,NA,NA,NA,NA,NA,NA
16r,Mund.4,Unidentified flesh,Animalia,remains,NA,NA,NA,NA,NA,NA,NA,NA,NA,NA,NA,NA,NA,NA,0.161,0.01,NA,NA,NA,NA,NA,NA,NA,NA,NA,NA,NA,NA
16r,Mund.4,Detritus and Sediment,Animalia,digestate,NA,NA,NA,NA,NA,NA,NA,NA,NA,NA,NA,NA,NA,NA,0.644,0.04,NA,NA,NA,NA,NA,NA,NA,NA,NA,NA,NA,NA
16r,Mund.4,Detritus and Sediment,Sediment,NA,NA,NA,NA,NA,NA,NA,NA,NA,NA,NA,NA,NA,NA,NA,0.644,0.04,NA,NA,NA,NA,NA,NA,NA,NA,NA,NA,NA,NA
16r,Mund.5,Polychaeta,Polychaeta,NA,NA,NA,NA,NA,NA,NA,NA,NA,NA,NA,NA,NA,NA,NA,0.875,0.35,NA,NA,NA,NA,NA,NA,NA,NA,NA,NA,NA,NA
16r,Mund.5,Stomatopoda,Stomatopoda,NA,NA,NA,NA,NA,NA,NA,NA,NA,NA,NA,NA,NA,NA,NA,1,0.4,NA,NA,NA,NA,NA,NA,NA,NA,NA,NA,NA,NA
16r,Mund.5,Shrimp,Caridea,NA,NA,NA,NA,NA,NA,NA,NA,NA,NA,NA,NA,NA,NA,NA,0.125,0.05,NA,NA,NA,NA,NA,NA,NA,NA,NA,NA,NA,NA
16r,Mund.5,Squid,Teuthida,NA,NA,NA,NA,NA,NA,NA,NA,NA,NA,NA,NA,NA,NA,NA,0.25,0.1,NA,NA,NA,NA,NA,NA,NA,NA,NA,NA,NA,NA
16r,Mund.5,Fishes,Actinopterygii,NA,NA,NA,NA,NA,NA,NA,NA,NA,NA,NA,NA,NA,NA,NA,0.05,0.02,NA,NA,NA,NA,NA,NA,NA,NA,NA,NA,NA,NA
16r,Mund.5,Unidentified flesh,Animalia,remains,NA,NA,NA,NA,NA,NA,NA,NA,NA,NA,NA,NA,NA,NA,0.2,0.08,NA,NA,NA,NA,NA,NA,NA,NA,NA,NA,NA,NA
16r,Mund.6,Polychaeta,Polychaeta,NA,NA,NA,NA,NA,NA,NA,NA,NA,NA,NA,NA,NA,NA,NA,0.912,0.19,NA,NA,NA,NA,NA,NA,NA,NA,NA,NA,NA,NA
16r,Mund.6,Stomatopoda,Stomatopoda,NA,NA,NA,NA,NA,NA,NA,NA,NA,NA,NA,NA,NA,NA,NA,2.112,0.44,NA,NA,NA,NA,NA,NA,NA,NA,NA,NA,NA,NA
16r,Mund.6,Amphipoda,Amphipoda,NA,NA,NA,NA,NA,NA,NA,NA,NA,NA,NA,NA,NA,NA,NA,0.096,0.02,NA,NA,NA,NA,NA,NA,NA,NA,NA,NA,NA,NA
16r,Mund.6,Shrimp,Caridea,NA,NA,NA,NA,NA,NA,NA,NA,NA,NA,NA,NA,NA,NA,NA,0.432,0.09,NA,NA,NA,NA,NA,NA,NA,NA,NA,NA,NA,NA
16r,Mund.6,Crabs,Brachyura,NA,NA,NA,NA,NA,NA,NA,NA,NA,NA,NA,NA,NA,NA,NA,0.864,0.18,NA,NA,NA,NA,NA,NA,NA,NA,NA,NA,NA,NA
16r,Mund.6,Fishes,Actinopterygii,NA,NA,NA,NA,NA,NA,NA,NA,NA,NA,NA,NA,NA,NA,NA,0.096,0.02,NA,NA,NA,NA,NA,NA,NA,NA,NA,NA,NA,NA
16r,Mund.6,Unidentified flesh,Animalia,remains,NA,NA,NA,NA,NA,NA,NA,NA,NA,NA,NA,NA,NA,NA,0.096,0.02,NA,NA,NA,NA,NA,NA,NA,NA,NA,NA,NA,NA
16r,Mund.6,Detritus and Sediment,Animalia,digestate,NA,NA,NA,NA,NA,NA,NA,NA,NA,NA,NA,NA,NA,NA,0.096,0.02,NA,NA,NA,NA,NA,NA,NA,NA,NA,NA,NA,NA
16r,Mund.6,Detritus and Sediment,Sediment,NA,NA,NA,NA,NA,NA,NA,NA,NA,NA,NA,NA,NA,NA,NA,0.096,0.02,NA,NA,NA,NA,NA,NA,NA,NA,NA,NA,NA,NA
16r,Mund.7,Polychaeta,Polychaeta,NA,NA,NA,NA,NA,NA,NA,NA,NA,NA,NA,NA,NA,NA,NA,2.4,0.32,NA,NA,NA,NA,NA,NA,NA,NA,NA,NA,NA,NA
16r,Mund.7,Stomatopoda,Stomatopoda,NA,NA,NA,NA,NA,NA,NA,NA,NA,NA,NA,NA,NA,NA,NA,0.525,0.07,NA,NA,NA,NA,NA,NA,NA,NA,NA,NA,NA,NA
16r,Mund.7,Shrimp,Caridea,NA,NA,NA,NA,NA,NA,NA,NA,NA,NA,NA,NA,NA,NA,NA,0.225,0.03,NA,NA,NA,NA,NA,NA,NA,NA,NA,NA,NA,NA
16r,Mund.7,Fishes,Actinopterygii,NA,NA,NA,NA,NA,NA,NA,NA,NA,NA,NA,NA,NA,NA,NA,2.025,0.27,NA,NA,NA,NA,NA,NA,NA,NA,NA,NA,NA,NA
16r,Mund.7,Unidentified flesh,Animalia,remains,NA,NA,NA,NA,NA,NA,NA,NA,NA,NA,NA,NA,NA,NA,0.525,0.07,NA,NA,NA,NA,NA,NA,NA,NA,NA,NA,NA,NA
16r,Mund.7,Detritus and Sediment,Animalia,digestate,NA,NA,NA,NA,NA,NA,NA,NA,NA,NA,NA,NA,NA,NA,0.9,0.12,NA,NA,NA,NA,NA,NA,NA,NA,NA,NA,NA,NA
16r,Mund.7,Detritus and Sediment,Sediment,NA,NA,NA,NA,NA,NA,NA,NA,NA,NA,NA,NA,NA,NA,NA,0.9,0.12,NA,NA,NA,NA,NA,NA,NA,NA,NA,NA,NA,NA
16r,Mund.8,Polychaeta,Polychaeta,NA,NA,NA,NA,NA,NA,NA,NA,NA,NA,NA,NA,NA,NA,NA,1.6,0.32,NA,NA,NA,NA,NA,NA,NA,NA,NA,NA,NA,NA
16r,Mund.8,Stomatopoda,Stomatopoda,NA,NA,NA,NA,NA,NA,NA,NA,NA,NA,NA,NA,NA,NA,NA,0.4,0.08,NA,NA,NA,NA,NA,NA,NA,NA,NA,NA,NA,NA
16r,Mund.8,Amphipoda,Amphipoda,NA,NA,NA,NA,NA,NA,NA,NA,NA,NA,NA,NA,NA,NA,NA,0.15,0.03,NA,NA,NA,NA,NA,NA,NA,NA,NA,NA,NA,NA
16r,Mund.8,Shrimp,Caridea,NA,NA,NA,NA,NA,NA,NA,NA,NA,NA,NA,NA,NA,NA,NA,0.25,0.05,NA,NA,NA,NA,NA,NA,NA,NA,NA,NA,NA,NA
16r,Mund.8,Shrimp zoeae,Caridea,NA,NA,NA,zoea,NA,NA,NA,NA,NA,NA,NA,NA,NA,NA,NA,0.15,0.03,NA,NA,NA,NA,NA,NA,NA,NA,NA,NA,NA,NA
16r,Mund.8,Crabs,Brachyura,NA,NA,NA,NA,NA,NA,NA,NA,NA,NA,NA,NA,NA,NA,NA,1.6,0.32,NA,NA,NA,NA,NA,NA,NA,NA,NA,NA,NA,NA
16r,Mund.8,Fishes,Actinopterygii,NA,NA,NA,NA,NA,NA,NA,NA,NA,NA,NA,NA,NA,NA,NA,0.4,0.08,NA,NA,NA,NA,NA,NA,NA,NA,NA,NA,NA,NA
16r,Mund.8,Detritus and Sediment,Animalia,digestate,NA,NA,NA,NA,NA,NA,NA,NA,NA,NA,NA,NA,NA,NA,0.225,0.05,NA,NA,NA,NA,NA,NA,NA,NA,NA,NA,NA,NA
16r,Mund.8,Detritus and Sediment,Sediment,NA,NA,NA,NA,NA,NA,NA,NA,NA,NA,NA,NA,NA,NA,NA,0.225,0.05,NA,NA,NA,NA,NA,NA,NA,NA,NA,NA,NA,NA
