REF_ID,PRED_ID,LOC_ID,STA_ID,GIS_STA_ID,STA_NUM,STA_NAME,STA_TYPE,COORD_DATA_SOURCE,STA_TRA_MDPT_LAT,STA_TRA_MDPT_LONG,STA_DEP,SAMP_DEP,TIME_ZONE,YEAR,MON,DAY,TIME,SEAS,BEG_TRA_LAT,BEG_TRA_LONG,BEG_TRA_DEP,BEG_TRA_SAMP_DEP,BEG_YEAR,BEG_MON,BEG_DAY,BEG_TIME,BEG_SEAS,END_TRA_LAT,END_TRA_LONG,END_TRA_DEP,END_TRA_SAMP_DEP,END_YEAR,END_MON,END_DAY,END_TIME,END_SEAS,TRA_LEN,TRA_WID,TRAWL_AREA,TRA_HT,TRA_VOL,HAB_SYSTEM,HAB_SUBSYSTEM,TIDAL_ZONE,REALM,PROVINCE,ECOREGION,SYS_CONF,STA_NOTES
16r,Mund.5,16r.1,16r.1,NA,26,NA,Trawl mid-point,Extracted from map provided with the reference.,27.99493513,-96.81354474,NA,NA,CDST,NA,NA,NA,NA,NA,NA,NA,NA,NA,NA,NA,NA,NA,NA,NA,NA,NA,NA,NA,NA,NA,NA,NA,NA,NA,NA,NA,NA,NA,NA,NA,NA,NA,NA,NA,NA
16r,Mund.5,16r.1,16r.2,NA,27,NA,Trawl mid-point,Extracted from map provided with the reference.,28.25797487,-96.40304334,NA,NA,CDST,NA,NA,NA,NA,NA,NA,NA,NA,NA,NA,NA,NA,NA,NA,NA,NA,NA,NA,NA,NA,NA,NA,NA,NA,NA,NA,NA,NA,NA,NA,NA,NA,NA,NA,NA,NA
16r,Mund.6,16r.2,16r.3,NA,31,NA,Trawl mid-point,Extracted from map provided with the reference.,29.27157909,-94.59031004,NA,NA,CDST,NA,NA,NA,NA,NA,NA,NA,NA,NA,NA,NA,NA,NA,NA,NA,NA,NA,NA,NA,NA,NA,NA,NA,NA,NA,NA,NA,NA,NA,NA,NA,NA,NA,NA,NA,NA
16r,Mund.6,16r.3,16r.4,NA,34,NA,Trawl mid-point,Extracted from map provided with the reference.,29.51339179,-93.18279929,NA,NA,CDST,NA,NA,NA,NA,NA,NA,NA,NA,NA,NA,NA,NA,NA,NA,NA,NA,NA,NA,NA,NA,NA,NA,NA,NA,NA,NA,NA,NA,NA,NA,NA,NA,NA,NA,NA,NA
16r,Mund.7,16r.4,16r.5,NA,85,NA,Trawl mid-point,Extracted from map provided with the reference.,29.15868669,-89.87088987,NA,NA,CDST,NA,NA,NA,NA,NA,NA,NA,NA,NA,NA,NA,NA,NA,NA,NA,NA,NA,NA,NA,NA,NA,NA,NA,NA,NA,NA,NA,NA,NA,NA,NA,NA,NA,NA,NA,NA
16r,Mund.7,16r.5,16r.6,NA,93,NA,Trawl mid-point,Extracted from map provided with the reference.,29.03115228,-89.09372701,NA,NA,CDST,NA,NA,NA,NA,NA,NA,NA,NA,NA,NA,NA,NA,NA,NA,NA,NA,NA,NA,NA,NA,NA,NA,NA,NA,NA,NA,NA,NA,NA,NA,NA,NA,NA,NA,NA,NA
16r,Mund.7,16r.5,16r.7,NA,97,NA,Trawl mid-point,Extracted from map provided with the reference.,29.13875944,-88.95423624,NA,NA,CDST,NA,NA,NA,NA,NA,NA,NA,NA,NA,NA,NA,NA,NA,NA,NA,NA,NA,NA,NA,NA,NA,NA,NA,NA,NA,NA,NA,NA,NA,NA,NA,NA,NA,NA,NA,NA
16r,Mund.8,16r.6,16r.8,NA,109,NA,Trawl mid-point,Extracted from map provided with the reference.,30.13910753,-88.87452723,NA,NA,CDST,NA,NA,NA,NA,NA,NA,NA,NA,NA,NA,NA,NA,NA,NA,NA,NA,NA,NA,NA,NA,NA,NA,NA,NA,NA,NA,NA,NA,NA,NA,NA,NA,NA,NA,NA,NA
16r,Mund.8,16r.6,16r.9,NA,111,NA,Trawl mid-point,Extracted from map provided with the reference.,29.79635878,-88.83068728,NA,NA,CDST,NA,NA,NA,NA,NA,NA,NA,NA,NA,NA,NA,NA,NA,NA,NA,NA,NA,NA,NA,NA,NA,NA,NA,NA,NA,NA,NA,NA,NA,NA,NA,NA,NA,NA,NA,NA
16r,Cchr.4,16r.1,16r.1,NA,34,NA,Trawl mid-point,Extracted from map provided with the reference.,29.51339179,-93.18279929,NA,NA,CDST,NA,NA,NA,NA,NA,NA,NA,NA,NA,NA,NA,NA,NA,NA,NA,NA,NA,NA,NA,NA,NA,NA,NA,NA,NA,NA,NA,NA,NA,NA,NA,NA,NA,NA,NA,NA
16r,Cchr.4,16r.1,16r.2,NA,35,NA,Trawl mid-point,Extracted from map provided with the reference.,29.2383957,-92.89584685,NA,NA,CDST,NA,NA,NA,NA,NA,NA,NA,NA,NA,NA,NA,NA,NA,NA,NA,NA,NA,NA,NA,NA,NA,NA,NA,NA,NA,NA,NA,NA,NA,NA,NA,NA,NA,NA,NA,NA
16r,Cchr.4,16r.1,16r.3,NA,36,NA,Trawl mid-point,Extracted from map provided with the reference.,29.22643935,-92.64874891,NA,NA,CDST,NA,NA,NA,NA,NA,NA,NA,NA,NA,NA,NA,NA,NA,NA,NA,NA,NA,NA,NA,NA,NA,NA,NA,NA,NA,NA,NA,NA,NA,NA,NA,NA,NA,NA,NA,NA
16r,Cchr.5,16r.2,16r.4,NA,38,NA,Trawl mid-point,Extracted from map provided with the reference.,28.98731232,-92.40165098,NA,NA,CDST,NA,NA,NA,NA,NA,NA,NA,NA,NA,NA,NA,NA,NA,NA,NA,NA,NA,NA,NA,NA,NA,NA,NA,NA,NA,NA,NA,NA,NA,NA,NA,NA,NA,NA,NA,NA
24d,Cchr.1,24d.1,24d.1,NA,1,NA,Trawl mid-point,Coordinates were provided in reference 58c,29.13333333,-93.87222222,NA,NA,CDST,NA,NA,NA,NA,NA,NA,NA,NA,NA,NA,NA,NA,NA,NA,NA,NA,NA,NA,NA,NA,NA,NA,NA,NA,NA,NA,NA,NA,NA,NA,NA,NA,NA,NA,NA,NA
24d,Cchr.1,24d.1,24d.2,NA,2,NA,Trawl mid-point,Coordinates were provided in reference 58c,28.95,-93.86666667,NA,NA,CDST,NA,NA,NA,NA,NA,NA,NA,NA,NA,NA,NA,NA,NA,NA,NA,NA,NA,NA,NA,NA,NA,NA,NA,NA,NA,NA,NA,NA,NA,NA,NA,NA,NA,NA,NA,NA
24d,Cchr.1,24d.1,24d.3,NA,5,NA,Trawl mid-point,Coordinates were provided in reference 58c,29.08333333,-94.025,NA,NA,CDST,NA,NA,NA,NA,NA,NA,NA,NA,NA,NA,NA,NA,NA,NA,NA,NA,NA,NA,NA,NA,NA,NA,NA,NA,NA,NA,NA,NA,NA,NA,NA,NA,NA,NA,NA,NA
24d,Cchr.1,24d.1,24d.4,NA,7,NA,Trawl mid-point,Coordinates were provided in reference 58c,28.91666667,-94.15277778,NA,NA,CDST,NA,NA,NA,NA,NA,NA,NA,NA,NA,NA,NA,NA,NA,NA,NA,NA,NA,NA,NA,NA,NA,NA,NA,NA,NA,NA,NA,NA,NA,NA,NA,NA,NA,NA,NA,NA
24d,Cchr.1,24d.1,24d.5,NA,8,NA,Trawl mid-point,Coordinates were provided in reference 58c,28.78333333,-94.20833333,NA,NA,CDST,NA,NA,NA,NA,NA,NA,NA,NA,NA,NA,NA,NA,NA,NA,NA,NA,NA,NA,NA,NA,NA,NA,NA,NA,NA,NA,NA,NA,NA,NA,NA,NA,NA,NA,NA,NA
24d,Cchr.1,24d.1,24d.6,NA,13,NA,Trawl mid-point,Coordinates were provided in reference 58c,28.95,-94.58611111,NA,NA,CDST,NA,NA,NA,NA,NA,NA,NA,NA,NA,NA,NA,NA,NA,NA,NA,NA,NA,NA,NA,NA,NA,NA,NA,NA,NA,NA,NA,NA,NA,NA,NA,NA,NA,NA,NA,NA
24d,Cchr.1,24d.1,24d.7,NA,14,NA,Trawl mid-point,Coordinates were provided in reference 58c,28.78333333,-94.50555556,NA,NA,CDST,NA,NA,NA,NA,NA,NA,NA,NA,NA,NA,NA,NA,NA,NA,NA,NA,NA,NA,NA,NA,NA,NA,NA,NA,NA,NA,NA,NA,NA,NA,NA,NA,NA,NA,NA,NA
24d,Cchr.1,24d.1,24d.8,NA,19,NA,Trawl mid-point,Coordinates were provided in reference 58c,28.73333333,-94.91666667,NA,NA,CDST,NA,NA,NA,NA,NA,NA,NA,NA,NA,NA,NA,NA,NA,NA,NA,NA,NA,NA,NA,NA,NA,NA,NA,NA,NA,NA,NA,NA,NA,NA,NA,NA,NA,NA,NA,NA
24d,Cchr.1,24d.1,24d.9,NA,24,NA,Trawl mid-point,Coordinates were provided in reference 58c,28.70277778,-95.10833333,NA,NA,CDST,NA,NA,NA,NA,NA,NA,NA,NA,NA,NA,NA,NA,NA,NA,NA,NA,NA,NA,NA,NA,NA,NA,NA,NA,NA,NA,NA,NA,NA,NA,NA,NA,NA,NA,NA,NA
24d,Cchr.1,24d.1,24d.10,NA,29,NA,Trawl mid-point,Coordinates were provided in reference 58c,28.55555556,-95.58333333,NA,NA,CDST,NA,NA,NA,NA,NA,NA,NA,NA,NA,NA,NA,NA,NA,NA,NA,NA,NA,NA,NA,NA,NA,NA,NA,NA,NA,NA,NA,NA,NA,NA,NA,NA,NA,NA,NA,NA
24d,Cchr.1,24d.1,24d.11,NA,33,NA,Trawl mid-point,Coordinates were provided in reference 58c,28.51111111,-95.75,NA,NA,CDST,NA,NA,NA,NA,NA,NA,NA,NA,NA,NA,NA,NA,NA,NA,NA,NA,NA,NA,NA,NA,NA,NA,NA,NA,NA,NA,NA,NA,NA,NA,NA,NA,NA,NA,NA,NA
24d,Cchr.1,24d.1,24d.12,NA,35,NA,Trawl mid-point,Coordinates were provided in reference 58c,28.30833333,-95.83333333,NA,NA,CDST,NA,NA,NA,NA,NA,NA,NA,NA,NA,NA,NA,NA,NA,NA,NA,NA,NA,NA,NA,NA,NA,NA,NA,NA,NA,NA,NA,NA,NA,NA,NA,NA,NA,NA,NA,NA
24d,Cchr.1,24d.1,24d.13,NA,43,NA,Trawl mid-point,Coordinates were provided in reference 58c,28.23055556,-96.41666667,NA,NA,CDST,NA,NA,NA,NA,NA,NA,NA,NA,NA,NA,NA,NA,NA,NA,NA,NA,NA,NA,NA,NA,NA,NA,NA,NA,NA,NA,NA,NA,NA,NA,NA,NA,NA,NA,NA,NA
24d,Cchr.1,24d.1,24d.14,NA,46,NA,Trawl mid-point,Coordinates were provided in reference 58c,28.00555556,-96.66666667,NA,NA,CDST,NA,NA,NA,NA,NA,NA,NA,NA,NA,NA,NA,NA,NA,NA,NA,NA,NA,NA,NA,NA,NA,NA,NA,NA,NA,NA,NA,NA,NA,NA,NA,NA,NA,NA,NA,NA
24d,Cchr.1,24d.1,24d.15,NA,47,NA,Trawl mid-point,Coordinates were provided in reference 58c,27.97222222,-96.58333333,NA,NA,CDST,NA,NA,NA,NA,NA,NA,NA,NA,NA,NA,NA,NA,NA,NA,NA,NA,NA,NA,NA,NA,NA,NA,NA,NA,NA,NA,NA,NA,NA,NA,NA,NA,NA,NA,NA,NA
24d,Cchr.1,24d.1,24d.16,NA,51,NA,Trawl mid-point,Coordinates were provided in reference 58c,27.84166667,-96.75833333,NA,NA,CDST,NA,NA,NA,NA,NA,NA,NA,NA,NA,NA,NA,NA,NA,NA,NA,NA,NA,NA,NA,NA,NA,NA,NA,NA,NA,NA,NA,NA,NA,NA,NA,NA,NA,NA,NA,NA
24d,Cchr.1,24d.1,24d.17,NA,54,NA,Trawl mid-point,Coordinates were provided in reference 58c,27.76666667,-96.83333333,NA,NA,CDST,NA,NA,NA,NA,NA,NA,NA,NA,NA,NA,NA,NA,NA,NA,NA,NA,NA,NA,NA,NA,NA,NA,NA,NA,NA,NA,NA,NA,NA,NA,NA,NA,NA,NA,NA,NA
24d,Cchr.1,24d.1,24d.18,NA,57,NA,Trawl mid-point,Coordinates were provided in reference 58c,27.73611111,-96.91666667,NA,NA,CDST,NA,NA,NA,NA,NA,NA,NA,NA,NA,NA,NA,NA,NA,NA,NA,NA,NA,NA,NA,NA,NA,NA,NA,NA,NA,NA,NA,NA,NA,NA,NA,NA,NA,NA,NA,NA
24d,Cchr.1,24d.1,24d.19,NA,58,NA,Trawl mid-point,Coordinates were provided in reference 58c,27.72777778,-96.91666667,NA,NA,CDST,NA,NA,NA,NA,NA,NA,NA,NA,NA,NA,NA,NA,NA,NA,NA,NA,NA,NA,NA,NA,NA,NA,NA,NA,NA,NA,NA,NA,NA,NA,NA,NA,NA,NA,NA,NA
24d,Cchr.1,24d.1,24d.20,NA,59,NA,Trawl mid-point,Coordinates were provided in reference 58c,27.66111111,-96.91666667,NA,NA,CDST,NA,NA,NA,NA,NA,NA,NA,NA,NA,NA,NA,NA,NA,NA,NA,NA,NA,NA,NA,NA,NA,NA,NA,NA,NA,NA,NA,NA,NA,NA,NA,NA,NA,NA,NA,NA
24d,Cchr.1,24d.1,24d.21,NA,61,NA,Trawl mid-point,Coordinates were provided in reference 58c,27.58888889,-97.04166667,NA,NA,CDST,NA,NA,NA,NA,NA,NA,NA,NA,NA,NA,NA,NA,NA,NA,NA,NA,NA,NA,NA,NA,NA,NA,NA,NA,NA,NA,NA,NA,NA,NA,NA,NA,NA,NA,NA,NA
24d,Cchr.1,24d.1,24d.22,NA,67,NA,Trawl mid-point,Coordinates were provided in reference 58c,27.41388889,-97.10833333,NA,NA,CDST,NA,NA,NA,NA,NA,NA,NA,NA,NA,NA,NA,NA,NA,NA,NA,NA,NA,NA,NA,NA,NA,NA,NA,NA,NA,NA,NA,NA,NA,NA,NA,NA,NA,NA,NA,NA
24d,Cchr.1,24d.1,24d.23,NA,73,NA,Trawl mid-point,Coordinates were provided in reference 58c,27.18055556,-97.25,NA,NA,CDST,NA,NA,NA,NA,NA,NA,NA,NA,NA,NA,NA,NA,NA,NA,NA,NA,NA,NA,NA,NA,NA,NA,NA,NA,NA,NA,NA,NA,NA,NA,NA,NA,NA,NA,NA,NA
24d,Cchr.1,24d.1,24d.24,NA,76,NA,Trawl mid-point,Coordinates were provided in reference 58c,26.975,-97.25,NA,NA,CDST,NA,NA,NA,NA,NA,NA,NA,NA,NA,NA,NA,NA,NA,NA,NA,NA,NA,NA,NA,NA,NA,NA,NA,NA,NA,NA,NA,NA,NA,NA,NA,NA,NA,NA,NA,NA
24d,Cchr.1,24d.1,24d.25,NA,79,NA,Trawl mid-point,Coordinates were provided in reference 58c,26.88888889,-97.25,NA,NA,CDST,NA,NA,NA,NA,NA,NA,NA,NA,NA,NA,NA,NA,NA,NA,NA,NA,NA,NA,NA,NA,NA,NA,NA,NA,NA,NA,NA,NA,NA,NA,NA,NA,NA,NA,NA,NA
24d,Cchr.1,24d.1,24d.26,NA,80,NA,Trawl mid-point,Coordinates were provided in reference 58c,26.86666667,-97.25,NA,NA,CDST,NA,NA,NA,NA,NA,NA,NA,NA,NA,NA,NA,NA,NA,NA,NA,NA,NA,NA,NA,NA,NA,NA,NA,NA,NA,NA,NA,NA,NA,NA,NA,NA,NA,NA,NA,NA
24d,Cchr.1,24d.1,24d.27,NA,81,NA,Trawl mid-point,Coordinates were provided in reference 58c,26.79166667,-97.19166667,NA,NA,CDST,NA,NA,NA,NA,NA,NA,NA,NA,NA,NA,NA,NA,NA,NA,NA,NA,NA,NA,NA,NA,NA,NA,NA,NA,NA,NA,NA,NA,NA,NA,NA,NA,NA,NA,NA,NA
24d,Cchr.1,24d.1,24d.28,NA,84,NA,Trawl mid-point,Coordinates were provided in reference 58c,26.49722222,-97.08333333,NA,NA,CDST,NA,NA,NA,NA,NA,NA,NA,NA,NA,NA,NA,NA,NA,NA,NA,NA,NA,NA,NA,NA,NA,NA,NA,NA,NA,NA,NA,NA,NA,NA,NA,NA,NA,NA,NA,NA
24d,Cchr.1,24d.1,24d.29,NA,89,NA,Trawl mid-point,Coordinates were provided in reference 58c,26.21111111,-97.075,NA,NA,CDST,NA,NA,NA,NA,NA,NA,NA,NA,NA,NA,NA,NA,NA,NA,NA,NA,NA,NA,NA,NA,NA,NA,NA,NA,NA,NA,NA,NA,NA,NA,NA,NA,NA,NA,NA,NA
24d,Cchr.1,24d.1,24d.30,NA,92,NA,Trawl mid-point,Coordinates were provided in reference 58c,26.15277778,-97,NA,NA,CDST,NA,NA,NA,NA,NA,NA,NA,NA,NA,NA,NA,NA,NA,NA,NA,NA,NA,NA,NA,NA,NA,NA,NA,NA,NA,NA,NA,NA,NA,NA,NA,NA,NA,NA,NA,NA
24d,Cchr.1,24d.1,24d.31,NA,100,NA,Trawl mid-point,Coordinates were provided in reference 58c,25.99166667,-97.025,NA,NA,CDST,NA,NA,NA,NA,NA,NA,NA,NA,NA,NA,NA,NA,NA,NA,NA,NA,NA,NA,NA,NA,NA,NA,NA,NA,NA,NA,NA,NA,NA,NA,NA,NA,NA,NA,NA,NA
24d,Cchr.1,24d.1,24d.32,NA,3,NA,Trawl mid-point,Coordinates were provided in reference 58c,28.66666667,-93.875,NA,NA,CDST,NA,NA,NA,NA,NA,NA,NA,NA,NA,NA,NA,NA,NA,NA,NA,NA,NA,NA,NA,NA,NA,NA,NA,NA,NA,NA,NA,NA,NA,NA,NA,NA,NA,NA,NA,NA
24d,Cchr.1,24d.1,24d.33,NA,15,NA,Trawl mid-point,Coordinates were provided in reference 58c,28.7,-94.32777778,NA,NA,CDST,NA,NA,NA,NA,NA,NA,NA,NA,NA,NA,NA,NA,NA,NA,NA,NA,NA,NA,NA,NA,NA,NA,NA,NA,NA,NA,NA,NA,NA,NA,NA,NA,NA,NA,NA,NA
24d,Cchr.1,24d.1,24d.34,NA,30,NA,Trawl mid-point,Coordinates were provided in reference 58c,28.55833333,-95.41666667,NA,NA,CDST,NA,NA,NA,NA,NA,NA,NA,NA,NA,NA,NA,NA,NA,NA,NA,NA,NA,NA,NA,NA,NA,NA,NA,NA,NA,NA,NA,NA,NA,NA,NA,NA,NA,NA,NA,NA
24d,Cchr.1,24d.1,24d.35,NA,31,NA,Trawl mid-point,Coordinates were provided in reference 58c,28.32222222,-95.41666667,NA,NA,CDST,NA,NA,NA,NA,NA,NA,NA,NA,NA,NA,NA,NA,NA,NA,NA,NA,NA,NA,NA,NA,NA,NA,NA,NA,NA,NA,NA,NA,NA,NA,NA,NA,NA,NA,NA,NA
24d,Cchr.1,24d.1,24d.36,NA,32,NA,Trawl mid-point,Coordinates were provided in reference 58c,28.32222222,-95.33333333,NA,NA,CDST,NA,NA,NA,NA,NA,NA,NA,NA,NA,NA,NA,NA,NA,NA,NA,NA,NA,NA,NA,NA,NA,NA,NA,NA,NA,NA,NA,NA,NA,NA,NA,NA,NA,NA,NA,NA
24d,Cchr.1,24d.1,24d.37,NA,36,NA,Trawl mid-point,Coordinates were provided in reference 58c,28.19722222,-95.75,NA,NA,CDST,NA,NA,NA,NA,NA,NA,NA,NA,NA,NA,NA,NA,NA,NA,NA,NA,NA,NA,NA,NA,NA,NA,NA,NA,NA,NA,NA,NA,NA,NA,NA,NA,NA,NA,NA,NA
24d,Cchr.1,24d.1,24d.38,NA,40,NA,Trawl mid-point,Coordinates were provided in reference 58c,28.21666667,-96,NA,NA,CDST,NA,NA,NA,NA,NA,NA,NA,NA,NA,NA,NA,NA,NA,NA,NA,NA,NA,NA,NA,NA,NA,NA,NA,NA,NA,NA,NA,NA,NA,NA,NA,NA,NA,NA,NA,NA
24d,Cchr.1,24d.1,24d.39,NA,41,NA,Trawl mid-point,Coordinates were provided in reference 58c,28.2,-96,NA,NA,CDST,NA,NA,NA,NA,NA,NA,NA,NA,NA,NA,NA,NA,NA,NA,NA,NA,NA,NA,NA,NA,NA,NA,NA,NA,NA,NA,NA,NA,NA,NA,NA,NA,NA,NA,NA,NA
24d,Cchr.1,24d.1,24d.40,NA,42,NA,Trawl mid-point,Coordinates were provided in reference 58c,28.13333333,-96,NA,NA,CDST,NA,NA,NA,NA,NA,NA,NA,NA,NA,NA,NA,NA,NA,NA,NA,NA,NA,NA,NA,NA,NA,NA,NA,NA,NA,NA,NA,NA,NA,NA,NA,NA,NA,NA,NA,NA
24d,Cchr.1,24d.1,24d.41,NA,44,NA,Trawl mid-point,Coordinates were provided in reference 58c,28.05,-96.16666667,NA,NA,CDST,NA,NA,NA,NA,NA,NA,NA,NA,NA,NA,NA,NA,NA,NA,NA,NA,NA,NA,NA,NA,NA,NA,NA,NA,NA,NA,NA,NA,NA,NA,NA,NA,NA,NA,NA,NA
24d,Cchr.1,24d.1,24d.42,NA,45,NA,Trawl mid-point,Coordinates were provided in reference 58c,28.03333333,-96.41666667,NA,NA,CDST,NA,NA,NA,NA,NA,NA,NA,NA,NA,NA,NA,NA,NA,NA,NA,NA,NA,NA,NA,NA,NA,NA,NA,NA,NA,NA,NA,NA,NA,NA,NA,NA,NA,NA,NA,NA
24d,Cchr.1,24d.1,24d.43,NA,52,NA,Trawl mid-point,Coordinates were provided in reference 58c,27.80833333,-96.66666667,NA,NA,CDST,NA,NA,NA,NA,NA,NA,NA,NA,NA,NA,NA,NA,NA,NA,NA,NA,NA,NA,NA,NA,NA,NA,NA,NA,NA,NA,NA,NA,NA,NA,NA,NA,NA,NA,NA,NA
24d,Cchr.1,24d.1,24d.44,NA,55,NA,Trawl mid-point,Coordinates were provided in reference 58c,27.73611111,-96.75,NA,NA,CDST,NA,NA,NA,NA,NA,NA,NA,NA,NA,NA,NA,NA,NA,NA,NA,NA,NA,NA,NA,NA,NA,NA,NA,NA,NA,NA,NA,NA,NA,NA,NA,NA,NA,NA,NA,NA
24d,Cchr.1,24d.1,24d.45,NA,62,NA,Trawl mid-point,Coordinates were provided in reference 58c,27.51944444,-96.875,NA,NA,CDST,NA,NA,NA,NA,NA,NA,NA,NA,NA,NA,NA,NA,NA,NA,NA,NA,NA,NA,NA,NA,NA,NA,NA,NA,NA,NA,NA,NA,NA,NA,NA,NA,NA,NA,NA,NA
24d,Cchr.1,24d.1,24d.46,NA,63,NA,Trawl mid-point,Coordinates were provided in reference 58c,27.475,-97,NA,NA,CDST,NA,NA,NA,NA,NA,NA,NA,NA,NA,NA,NA,NA,NA,NA,NA,NA,NA,NA,NA,NA,NA,NA,NA,NA,NA,NA,NA,NA,NA,NA,NA,NA,NA,NA,NA,NA
24d,Cchr.1,24d.1,24d.47,NA,64,NA,Trawl mid-point,Coordinates were provided in reference 58c,27.46944444,-97,NA,NA,CDST,NA,NA,NA,NA,NA,NA,NA,NA,NA,NA,NA,NA,NA,NA,NA,NA,NA,NA,NA,NA,NA,NA,NA,NA,NA,NA,NA,NA,NA,NA,NA,NA,NA,NA,NA,NA
24d,Cchr.1,24d.1,24d.48,NA,69,NA,Trawl mid-point,Coordinates were provided in reference 58c,27.29444444,-97.11666667,NA,NA,CDST,NA,NA,NA,NA,NA,NA,NA,NA,NA,NA,NA,NA,NA,NA,NA,NA,NA,NA,NA,NA,NA,NA,NA,NA,NA,NA,NA,NA,NA,NA,NA,NA,NA,NA,NA,NA
24d,Cchr.1,24d.1,24d.49,NA,70,NA,Trawl mid-point,Coordinates were provided in reference 58c,27.30833333,-97.08333333,NA,NA,CDST,NA,NA,NA,NA,NA,NA,NA,NA,NA,NA,NA,NA,NA,NA,NA,NA,NA,NA,NA,NA,NA,NA,NA,NA,NA,NA,NA,NA,NA,NA,NA,NA,NA,NA,NA,NA
24d,Cchr.1,24d.1,24d.50,NA,77,NA,Trawl mid-point,Coordinates were provided in reference 58c,26.98888889,-97.08333333,NA,NA,CDST,NA,NA,NA,NA,NA,NA,NA,NA,NA,NA,NA,NA,NA,NA,NA,NA,NA,NA,NA,NA,NA,NA,NA,NA,NA,NA,NA,NA,NA,NA,NA,NA,NA,NA,NA,NA
24d,Cchr.1,24d.1,24d.51,NA,82,NA,Trawl mid-point,Coordinates were provided in reference 58c,26.78055556,-97.10833333,NA,NA,CDST,NA,NA,NA,NA,NA,NA,NA,NA,NA,NA,NA,NA,NA,NA,NA,NA,NA,NA,NA,NA,NA,NA,NA,NA,NA,NA,NA,NA,NA,NA,NA,NA,NA,NA,NA,NA
24d,Cchr.1,24d.1,24d.52,NA,85,NA,Trawl mid-point,Coordinates were provided in reference 58c,26.49166667,-97.04166667,NA,NA,CDST,NA,NA,NA,NA,NA,NA,NA,NA,NA,NA,NA,NA,NA,NA,NA,NA,NA,NA,NA,NA,NA,NA,NA,NA,NA,NA,NA,NA,NA,NA,NA,NA,NA,NA,NA,NA
24d,Cchr.1,24d.1,24d.53,NA,86,NA,Trawl mid-point,Coordinates were provided in reference 58c,26.46666667,-97.04166667,NA,NA,CDST,NA,NA,NA,NA,NA,NA,NA,NA,NA,NA,NA,NA,NA,NA,NA,NA,NA,NA,NA,NA,NA,NA,NA,NA,NA,NA,NA,NA,NA,NA,NA,NA,NA,NA,NA,NA
24d,Cchr.1,24d.1,24d.54,NA,90,NA,Trawl mid-point,Coordinates were provided in reference 58c,26.24444444,-96.95,NA,NA,CDST,NA,NA,NA,NA,NA,NA,NA,NA,NA,NA,NA,NA,NA,NA,NA,NA,NA,NA,NA,NA,NA,NA,NA,NA,NA,NA,NA,NA,NA,NA,NA,NA,NA,NA,NA,NA
24d,Cchr.1,24d.1,24d.55,NA,91,NA,Trawl mid-point,Coordinates were provided in reference 58c,26.32777778,-96.94166667,NA,NA,CDST,NA,NA,NA,NA,NA,NA,NA,NA,NA,NA,NA,NA,NA,NA,NA,NA,NA,NA,NA,NA,NA,NA,NA,NA,NA,NA,NA,NA,NA,NA,NA,NA,NA,NA,NA,NA
24d,Cchr.1,24d.1,24d.56,NA,93,NA,Trawl mid-point,Coordinates were provided in reference 58c,26.175,-96.91666667,NA,NA,CDST,NA,NA,NA,NA,NA,NA,NA,NA,NA,NA,NA,NA,NA,NA,NA,NA,NA,NA,NA,NA,NA,NA,NA,NA,NA,NA,NA,NA,NA,NA,NA,NA,NA,NA,NA,NA
24d,Cchr.1,24d.1,24d.57,NA,94,NA,Trawl mid-point,Coordinates were provided in reference 58c,26.13888889,-96.91666667,NA,NA,CDST,NA,NA,NA,NA,NA,NA,NA,NA,NA,NA,NA,NA,NA,NA,NA,NA,NA,NA,NA,NA,NA,NA,NA,NA,NA,NA,NA,NA,NA,NA,NA,NA,NA,NA,NA,NA
24d,Cchr.1,24d.1,24d.58,NA,97,NA,Trawl mid-point,Coordinates were provided in reference 58c,26.01944444,-97,NA,NA,CDST,NA,NA,NA,NA,NA,NA,NA,NA,NA,NA,NA,NA,NA,NA,NA,NA,NA,NA,NA,NA,NA,NA,NA,NA,NA,NA,NA,NA,NA,NA,NA,NA,NA,NA,NA,NA
24d,Cchr.1,24d.1,24d.59,NA,98,NA,Trawl mid-point,Coordinates were provided in reference 58c,26.04166667,-96.91666667,NA,NA,CDST,NA,NA,NA,NA,NA,NA,NA,NA,NA,NA,NA,NA,NA,NA,NA,NA,NA,NA,NA,NA,NA,NA,NA,NA,NA,NA,NA,NA,NA,NA,NA,NA,NA,NA,NA,NA
24d,Cchr.1,24d.1,24d.60,NA,20,NA,Trawl mid-point,Coordinates were provided in reference 58c,28.48333333,-94.71388889,NA,NA,CDST,NA,NA,NA,NA,NA,NA,NA,NA,NA,NA,NA,NA,NA,NA,NA,NA,NA,NA,NA,NA,NA,NA,NA,NA,NA,NA,NA,NA,NA,NA,NA,NA,NA,NA,NA,NA
24d,Cchr.1,24d.1,24d.61,NA,21,NA,Trawl mid-point,Coordinates were provided in reference 58c,28.33333333,-94.59444444,NA,NA,CDST,NA,NA,NA,NA,NA,NA,NA,NA,NA,NA,NA,NA,NA,NA,NA,NA,NA,NA,NA,NA,NA,NA,NA,NA,NA,NA,NA,NA,NA,NA,NA,NA,NA,NA,NA,NA
24d,Cchr.1,24d.1,24d.62,NA,27,NA,Trawl mid-point,Coordinates were provided in reference 58c,28.275,-95.09166667,NA,NA,CDST,NA,NA,NA,NA,NA,NA,NA,NA,NA,NA,NA,NA,NA,NA,NA,NA,NA,NA,NA,NA,NA,NA,NA,NA,NA,NA,NA,NA,NA,NA,NA,NA,NA,NA,NA,NA
24d,Cchr.1,24d.1,24d.63,NA,34,NA,Trawl mid-point,Coordinates were provided in reference 58c,28.11111111,-95.675,NA,NA,CDST,NA,NA,NA,NA,NA,NA,NA,NA,NA,NA,NA,NA,NA,NA,NA,NA,NA,NA,NA,NA,NA,NA,NA,NA,NA,NA,NA,NA,NA,NA,NA,NA,NA,NA,NA,NA
24d,Cchr.1,24d.1,24d.64,NA,37,NA,Trawl mid-point,Coordinates were provided in reference 58c,28.07777778,-95.75,NA,NA,CDST,NA,NA,NA,NA,NA,NA,NA,NA,NA,NA,NA,NA,NA,NA,NA,NA,NA,NA,NA,NA,NA,NA,NA,NA,NA,NA,NA,NA,NA,NA,NA,NA,NA,NA,NA,NA
24d,Cchr.1,24d.1,24d.65,NA,38,NA,Trawl mid-point,Coordinates were provided in reference 58c,28.11666667,-95.91666667,NA,NA,CDST,NA,NA,NA,NA,NA,NA,NA,NA,NA,NA,NA,NA,NA,NA,NA,NA,NA,NA,NA,NA,NA,NA,NA,NA,NA,NA,NA,NA,NA,NA,NA,NA,NA,NA,NA,NA
24d,Cchr.1,24d.1,24d.66,NA,48,NA,Trawl mid-point,Coordinates were provided in reference 58c,27.95,-96.33333333,NA,NA,CDST,NA,NA,NA,NA,NA,NA,NA,NA,NA,NA,NA,NA,NA,NA,NA,NA,NA,NA,NA,NA,NA,NA,NA,NA,NA,NA,NA,NA,NA,NA,NA,NA,NA,NA,NA,NA
24d,Cchr.1,24d.1,24d.67,NA,56,NA,Trawl mid-point,Coordinates were provided in reference 58c,27.71944444,-96.58333333,NA,NA,CDST,NA,NA,NA,NA,NA,NA,NA,NA,NA,NA,NA,NA,NA,NA,NA,NA,NA,NA,NA,NA,NA,NA,NA,NA,NA,NA,NA,NA,NA,NA,NA,NA,NA,NA,NA,NA
24d,Cchr.1,24d.1,24d.68,NA,60,NA,Trawl mid-point,Coordinates were provided in reference 58c,27.59166667,-96.75,NA,NA,CDST,NA,NA,NA,NA,NA,NA,NA,NA,NA,NA,NA,NA,NA,NA,NA,NA,NA,NA,NA,NA,NA,NA,NA,NA,NA,NA,NA,NA,NA,NA,NA,NA,NA,NA,NA,NA
24d,Cchr.1,24d.1,24d.69,NA,65,NA,Trawl mid-point,Coordinates were provided in reference 58c,27.42777778,-96.875,NA,NA,CDST,NA,NA,NA,NA,NA,NA,NA,NA,NA,NA,NA,NA,NA,NA,NA,NA,NA,NA,NA,NA,NA,NA,NA,NA,NA,NA,NA,NA,NA,NA,NA,NA,NA,NA,NA,NA
24d,Cchr.1,24d.1,24d.70,NA,68,NA,Trawl mid-point,Coordinates were provided in reference 58c,27.38055556,-96.91666667,NA,NA,CDST,NA,NA,NA,NA,NA,NA,NA,NA,NA,NA,NA,NA,NA,NA,NA,NA,NA,NA,NA,NA,NA,NA,NA,NA,NA,NA,NA,NA,NA,NA,NA,NA,NA,NA,NA,NA
24d,Cchr.1,24d.1,24d.71,NA,71,NA,Trawl mid-point,Coordinates were provided in reference 58c,27.33333333,-96.9375,NA,NA,CDST,NA,NA,NA,NA,NA,NA,NA,NA,NA,NA,NA,NA,NA,NA,NA,NA,NA,NA,NA,NA,NA,NA,NA,NA,NA,NA,NA,NA,NA,NA,NA,NA,NA,NA,NA,NA
24d,Cchr.1,24d.1,24d.72,NA,83,NA,Trawl mid-point,Coordinates were provided in reference 58c,26.65277778,-96.94166667,NA,NA,CDST,NA,NA,NA,NA,NA,NA,NA,NA,NA,NA,NA,NA,NA,NA,NA,NA,NA,NA,NA,NA,NA,NA,NA,NA,NA,NA,NA,NA,NA,NA,NA,NA,NA,NA,NA,NA
24d,Cchr.1,24d.1,24d.73,NA,87,NA,Trawl mid-point,Coordinates were provided in reference 58c,26.46111111,-96.94166667,NA,NA,CDST,NA,NA,NA,NA,NA,NA,NA,NA,NA,NA,NA,NA,NA,NA,NA,NA,NA,NA,NA,NA,NA,NA,NA,NA,NA,NA,NA,NA,NA,NA,NA,NA,NA,NA,NA,NA
24d,Cchr.1,24d.1,24d.74,NA,95,NA,Trawl mid-point,Coordinates were provided in reference 58c,26.11388889,-96.89166667,NA,NA,CDST,NA,NA,NA,NA,NA,NA,NA,NA,NA,NA,NA,NA,NA,NA,NA,NA,NA,NA,NA,NA,NA,NA,NA,NA,NA,NA,NA,NA,NA,NA,NA,NA,NA,NA,NA,NA
24d,Cchr.1,24d.1,24d.75,NA,4,NA,Trawl mid-point,Coordinates were provided in reference 58c,28.4,-93.94166667,NA,NA,CDST,NA,NA,NA,NA,NA,NA,NA,NA,NA,NA,NA,NA,NA,NA,NA,NA,NA,NA,NA,NA,NA,NA,NA,NA,NA,NA,NA,NA,NA,NA,NA,NA,NA,NA,NA,NA
24d,Cchr.1,24d.1,24d.76,NA,9,NA,Trawl mid-point,Coordinates were provided in reference 58c,28.38333333,-94.18333333,NA,NA,CDST,NA,NA,NA,NA,NA,NA,NA,NA,NA,NA,NA,NA,NA,NA,NA,NA,NA,NA,NA,NA,NA,NA,NA,NA,NA,NA,NA,NA,NA,NA,NA,NA,NA,NA,NA,NA
24d,Cchr.1,24d.1,24d.77,NA,16,NA,Trawl mid-point,Coordinates were provided in reference 58c,28.36944444,-94.45,NA,NA,CDST,NA,NA,NA,NA,NA,NA,NA,NA,NA,NA,NA,NA,NA,NA,NA,NA,NA,NA,NA,NA,NA,NA,NA,NA,NA,NA,NA,NA,NA,NA,NA,NA,NA,NA,NA,NA
24d,Cchr.1,24d.1,24d.78,NA,49,NA,Trawl mid-point,Coordinates were provided in reference 58c,27.91666667,-96.08333333,NA,NA,CDST,NA,NA,NA,NA,NA,NA,NA,NA,NA,NA,NA,NA,NA,NA,NA,NA,NA,NA,NA,NA,NA,NA,NA,NA,NA,NA,NA,NA,NA,NA,NA,NA,NA,NA,NA,NA
24d,Cchr.1,24d.1,24d.79,NA,53,NA,Trawl mid-point,Coordinates were provided in reference 58c,27.77777778,-96.5,NA,NA,CDST,NA,NA,NA,NA,NA,NA,NA,NA,NA,NA,NA,NA,NA,NA,NA,NA,NA,NA,NA,NA,NA,NA,NA,NA,NA,NA,NA,NA,NA,NA,NA,NA,NA,NA,NA,NA
24d,Cchr.1,24d.1,24d.80,NA,88,NA,Trawl mid-point,Coordinates were provided in reference 58c,26.55555556,-96.75,NA,NA,CDST,NA,NA,NA,NA,NA,NA,NA,NA,NA,NA,NA,NA,NA,NA,NA,NA,NA,NA,NA,NA,NA,NA,NA,NA,NA,NA,NA,NA,NA,NA,NA,NA,NA,NA,NA,NA
24d,Cchr.1,24d.1,24d.81,NA,6,NA,Trawl mid-point,Coordinates were provided in reference 58c,28.18333333,-94.03611111,NA,NA,CDST,NA,NA,NA,NA,NA,NA,NA,NA,NA,NA,NA,NA,NA,NA,NA,NA,NA,NA,NA,NA,NA,NA,NA,NA,NA,NA,NA,NA,NA,NA,NA,NA,NA,NA,NA,NA
24d,Cchr.1,24d.1,24d.82,NA,10,NA,Trawl mid-point,Coordinates were provided in reference 58c,28.21666667,-94.18333333,NA,NA,CDST,NA,NA,NA,NA,NA,NA,NA,NA,NA,NA,NA,NA,NA,NA,NA,NA,NA,NA,NA,NA,NA,NA,NA,NA,NA,NA,NA,NA,NA,NA,NA,NA,NA,NA,NA,NA
24d,Cchr.1,24d.1,24d.83,NA,25,NA,Trawl mid-point,Coordinates were provided in reference 58c,28.09444444,-94.80555556,NA,NA,CDST,NA,NA,NA,NA,NA,NA,NA,NA,NA,NA,NA,NA,NA,NA,NA,NA,NA,NA,NA,NA,NA,NA,NA,NA,NA,NA,NA,NA,NA,NA,NA,NA,NA,NA,NA,NA
24d,Cchr.1,24d.1,24d.84,NA,101,NA,Trawl mid-point,Coordinates were provided in reference 58c,28.05,-94.8,NA,NA,CDST,NA,NA,NA,NA,NA,NA,NA,NA,NA,NA,NA,NA,NA,NA,NA,NA,NA,NA,NA,NA,NA,NA,NA,NA,NA,NA,NA,NA,NA,NA,NA,NA,NA,NA,NA,NA
24d,Cchr.1,24d.1,24d.85,NA,103,NA,Trawl mid-point,Coordinates were provided in reference 58c,27.83333333,-96.09166667,NA,NA,CDST,NA,NA,NA,NA,NA,NA,NA,NA,NA,NA,NA,NA,NA,NA,NA,NA,NA,NA,NA,NA,NA,NA,NA,NA,NA,NA,NA,NA,NA,NA,NA,NA,NA,NA,NA,NA
24d,Cchr.1,24d.1,24d.86,NA,105,NA,Trawl mid-point,Coordinates were provided in reference 58c,27.51666667,-96.58333333,NA,NA,CDST,NA,NA,NA,NA,NA,NA,NA,NA,NA,NA,NA,NA,NA,NA,NA,NA,NA,NA,NA,NA,NA,NA,NA,NA,NA,NA,NA,NA,NA,NA,NA,NA,NA,NA,NA,NA
24d,Cchr.1,24d.1,24d.87,NA,107,NA,Trawl mid-point,Coordinates were provided in reference 58c,26.50833333,-96.68333333,NA,NA,CDST,NA,NA,NA,NA,NA,NA,NA,NA,NA,NA,NA,NA,NA,NA,NA,NA,NA,NA,NA,NA,NA,NA,NA,NA,NA,NA,NA,NA,NA,NA,NA,NA,NA,NA,NA,NA
24d,Cchr.1,24d.1,24d.88,NA,102,NA,Trawl mid-point,Coordinates were provided in reference 58c,28,-94.8,NA,NA,CDST,NA,NA,NA,NA,NA,NA,NA,NA,NA,NA,NA,NA,NA,NA,NA,NA,NA,NA,NA,NA,NA,NA,NA,NA,NA,NA,NA,NA,NA,NA,NA,NA,NA,NA,NA,NA
24d,Cchr.1,24d.1,24d.89,NA,104,NA,Trawl mid-point,Coordinates were provided in reference 58c,27.73333333,-96.06666667,NA,NA,CDST,NA,NA,NA,NA,NA,NA,NA,NA,NA,NA,NA,NA,NA,NA,NA,NA,NA,NA,NA,NA,NA,NA,NA,NA,NA,NA,NA,NA,NA,NA,NA,NA,NA,NA,NA,NA
24d,Cchr.1,24d.1,24d.90,NA,106,NA,Trawl mid-point,Coordinates were provided in reference 58c,27.46666667,-96.48333333,NA,NA,CDST,NA,NA,NA,NA,NA,NA,NA,NA,NA,NA,NA,NA,NA,NA,NA,NA,NA,NA,NA,NA,NA,NA,NA,NA,NA,NA,NA,NA,NA,NA,NA,NA,NA,NA,NA,NA
24d,Cchr.1,24d.1,24d.91,NA,108,NA,Trawl mid-point,Coordinates were provided in reference 58c,26.625,-96.61666667,NA,NA,CDST,NA,NA,NA,NA,NA,NA,NA,NA,NA,NA,NA,NA,NA,NA,NA,NA,NA,NA,NA,NA,NA,NA,NA,NA,NA,NA,NA,NA,NA,NA,NA,NA,NA,NA,NA,NA
24d,Cchr.1,24d.2,24d.92,NA,11,NA,Trawl mid-point,Coordinates were provided in reference 58c,29.41666667,-94.46666667,NA,NA,CDST,NA,NA,NA,NA,NA,NA,NA,NA,NA,NA,NA,NA,NA,NA,NA,NA,NA,NA,NA,NA,NA,NA,NA,NA,NA,NA,NA,NA,NA,NA,NA,NA,NA,NA,NA,NA
24d,Cchr.1,24d.2,24d.93,NA,12,NA,Trawl mid-point,Coordinates were provided in reference 58c,28.98333333,-94.63055556,NA,NA,CDST,NA,NA,NA,NA,NA,NA,NA,NA,NA,NA,NA,NA,NA,NA,NA,NA,NA,NA,NA,NA,NA,NA,NA,NA,NA,NA,NA,NA,NA,NA,NA,NA,NA,NA,NA,NA
24d,Cchr.1,24d.2,24d.94,NA,17,NA,Trawl mid-point,Coordinates were provided in reference 58c,28.93888889,-95.08333333,NA,NA,CDST,NA,NA,NA,NA,NA,NA,NA,NA,NA,NA,NA,NA,NA,NA,NA,NA,NA,NA,NA,NA,NA,NA,NA,NA,NA,NA,NA,NA,NA,NA,NA,NA,NA,NA,NA,NA
24d,Cchr.1,24d.2,24d.95,NA,18,NA,Trawl mid-point,Coordinates were provided in reference 58c,28.93888889,-95.08333333,NA,NA,CDST,NA,NA,NA,NA,NA,NA,NA,NA,NA,NA,NA,NA,NA,NA,NA,NA,NA,NA,NA,NA,NA,NA,NA,NA,NA,NA,NA,NA,NA,NA,NA,NA,NA,NA,NA,NA
24d,Cchr.1,24d.2,24d.96,NA,22,NA,Trawl mid-point,Coordinates were provided in reference 58c,28.96666667,-95.15833333,NA,NA,CDST,NA,NA,NA,NA,NA,NA,NA,NA,NA,NA,NA,NA,NA,NA,NA,NA,NA,NA,NA,NA,NA,NA,NA,NA,NA,NA,NA,NA,NA,NA,NA,NA,NA,NA,NA,NA
24d,Cchr.1,24d.2,24d.97,NA,23,NA,Trawl mid-point,Coordinates were provided in reference 58c,28.91111111,-95.16666667,NA,NA,CDST,NA,NA,NA,NA,NA,NA,NA,NA,NA,NA,NA,NA,NA,NA,NA,NA,NA,NA,NA,NA,NA,NA,NA,NA,NA,NA,NA,NA,NA,NA,NA,NA,NA,NA,NA,NA
24d,Cchr.1,24d.2,24d.98,NA,26,NA,Trawl mid-point,Coordinates were provided in reference 58c,28.71666667,-95.33333333,NA,NA,CDST,NA,NA,NA,NA,NA,NA,NA,NA,NA,NA,NA,NA,NA,NA,NA,NA,NA,NA,NA,NA,NA,NA,NA,NA,NA,NA,NA,NA,NA,NA,NA,NA,NA,NA,NA,NA
24d,Cchr.1,24d.2,24d.99,NA,28,NA,Trawl mid-point,Coordinates were provided in reference 58c,28.64166667,-95.71666667,NA,NA,CDST,NA,NA,NA,NA,NA,NA,NA,NA,NA,NA,NA,NA,NA,NA,NA,NA,NA,NA,NA,NA,NA,NA,NA,NA,NA,NA,NA,NA,NA,NA,NA,NA,NA,NA,NA,NA
24d,Cchr.1,24d.2,24d.100,NA,39,NA,Trawl mid-point,Coordinates were provided in reference 58c,28.56666667,-96,NA,NA,CDST,NA,NA,NA,NA,NA,NA,NA,NA,NA,NA,NA,NA,NA,NA,NA,NA,NA,NA,NA,NA,NA,NA,NA,NA,NA,NA,NA,NA,NA,NA,NA,NA,NA,NA,NA,NA
24d,Cchr.1,24d.2,24d.101,NA,50,NA,Trawl mid-point,Coordinates were provided in reference 58c,27.95555556,-96.91666667,NA,NA,CDST,NA,NA,NA,NA,NA,NA,NA,NA,NA,NA,NA,NA,NA,NA,NA,NA,NA,NA,NA,NA,NA,NA,NA,NA,NA,NA,NA,NA,NA,NA,NA,NA,NA,NA,NA,NA
24d,Cchr.1,24d.2,24d.102,NA,66,NA,Trawl mid-point,Coordinates were provided in reference 58c,27.43888889,-97.26666667,NA,NA,CDST,NA,NA,NA,NA,NA,NA,NA,NA,NA,NA,NA,NA,NA,NA,NA,NA,NA,NA,NA,NA,NA,NA,NA,NA,NA,NA,NA,NA,NA,NA,NA,NA,NA,NA,NA,NA
24d,Cchr.1,24d.2,24d.103,NA,72,NA,Trawl mid-point,Coordinates were provided in reference 58c,27.16944444,-97.33333333,NA,NA,CDST,NA,NA,NA,NA,NA,NA,NA,NA,NA,NA,NA,NA,NA,NA,NA,NA,NA,NA,NA,NA,NA,NA,NA,NA,NA,NA,NA,NA,NA,NA,NA,NA,NA,NA,NA,NA
24d,Cchr.1,24d.2,24d.104,NA,74,NA,Trawl mid-point,Coordinates were provided in reference 58c,26.95,-97.35833333,NA,NA,CDST,NA,NA,NA,NA,NA,NA,NA,NA,NA,NA,NA,NA,NA,NA,NA,NA,NA,NA,NA,NA,NA,NA,NA,NA,NA,NA,NA,NA,NA,NA,NA,NA,NA,NA,NA,NA
24d,Cchr.1,24d.2,24d.105,NA,75,NA,Trawl mid-point,Coordinates were provided in reference 58c,26.96944444,-97.33333333,NA,NA,CDST,NA,NA,NA,NA,NA,NA,NA,NA,NA,NA,NA,NA,NA,NA,NA,NA,NA,NA,NA,NA,NA,NA,NA,NA,NA,NA,NA,NA,NA,NA,NA,NA,NA,NA,NA,NA
24d,Cchr.1,24d.2,24d.106,NA,78,NA,Trawl mid-point,Coordinates were provided in reference 58c,26.83333333,-97.29166667,NA,NA,CDST,NA,NA,NA,NA,NA,NA,NA,NA,NA,NA,NA,NA,NA,NA,NA,NA,NA,NA,NA,NA,NA,NA,NA,NA,NA,NA,NA,NA,NA,NA,NA,NA,NA,NA,NA,NA
24d,Cchr.1,24d.2,24d.107,NA,96,NA,Trawl mid-point,Coordinates were provided in reference 58c,26.02222222,-97.11666667,NA,NA,CDST,NA,NA,NA,NA,NA,NA,NA,NA,NA,NA,NA,NA,NA,NA,NA,NA,NA,NA,NA,NA,NA,NA,NA,NA,NA,NA,NA,NA,NA,NA,NA,NA,NA,NA,NA,NA
24d,Cchr.1,24d.2,24d.108,NA,99,NA,Trawl mid-point,Coordinates were provided in reference 58c,25.98055556,-97.1,NA,NA,CDST,NA,NA,NA,NA,NA,NA,NA,NA,NA,NA,NA,NA,NA,NA,NA,NA,NA,NA,NA,NA,NA,NA,NA,NA,NA,NA,NA,NA,NA,NA,NA,NA,NA,NA,NA,NA
24d,Mund.1,24d.1,24d.1,NA,11,NA,Trawl mid-point,Coordinates were provided in reference 58c,29.41666667,-94.46666667,NA,NA,CDST,NA,NA,NA,NA,NA,NA,NA,NA,NA,NA,NA,NA,NA,NA,NA,NA,NA,NA,NA,NA,NA,NA,NA,NA,NA,NA,NA,NA,NA,NA,NA,NA,NA,NA,NA,NA
24d,Mund.1,24d.1,24d.2,NA,12,NA,Trawl mid-point,Coordinates were provided in reference 58c,28.98333333,-94.63055556,NA,NA,CDST,NA,NA,NA,NA,NA,NA,NA,NA,NA,NA,NA,NA,NA,NA,NA,NA,NA,NA,NA,NA,NA,NA,NA,NA,NA,NA,NA,NA,NA,NA,NA,NA,NA,NA,NA,NA
24d,Mund.1,24d.1,24d.3,NA,17,NA,Trawl mid-point,Coordinates were provided in reference 58c,28.93888889,-95.08333333,NA,NA,CDST,NA,NA,NA,NA,NA,NA,NA,NA,NA,NA,NA,NA,NA,NA,NA,NA,NA,NA,NA,NA,NA,NA,NA,NA,NA,NA,NA,NA,NA,NA,NA,NA,NA,NA,NA,NA
24d,Mund.1,24d.1,24d.4,NA,18,NA,Trawl mid-point,Coordinates were provided in reference 58c,28.93888889,-95.08333333,NA,NA,CDST,NA,NA,NA,NA,NA,NA,NA,NA,NA,NA,NA,NA,NA,NA,NA,NA,NA,NA,NA,NA,NA,NA,NA,NA,NA,NA,NA,NA,NA,NA,NA,NA,NA,NA,NA,NA
24d,Mund.1,24d.1,24d.5,NA,22,NA,Trawl mid-point,Coordinates were provided in reference 58c,28.96666667,-95.15833333,NA,NA,CDST,NA,NA,NA,NA,NA,NA,NA,NA,NA,NA,NA,NA,NA,NA,NA,NA,NA,NA,NA,NA,NA,NA,NA,NA,NA,NA,NA,NA,NA,NA,NA,NA,NA,NA,NA,NA
24d,Mund.1,24d.1,24d.6,NA,23,NA,Trawl mid-point,Coordinates were provided in reference 58c,28.91111111,-95.16666667,NA,NA,CDST,NA,NA,NA,NA,NA,NA,NA,NA,NA,NA,NA,NA,NA,NA,NA,NA,NA,NA,NA,NA,NA,NA,NA,NA,NA,NA,NA,NA,NA,NA,NA,NA,NA,NA,NA,NA
24d,Mund.1,24d.1,24d.7,NA,26,NA,Trawl mid-point,Coordinates were provided in reference 58c,28.71666667,-95.33333333,NA,NA,CDST,NA,NA,NA,NA,NA,NA,NA,NA,NA,NA,NA,NA,NA,NA,NA,NA,NA,NA,NA,NA,NA,NA,NA,NA,NA,NA,NA,NA,NA,NA,NA,NA,NA,NA,NA,NA
24d,Mund.1,24d.1,24d.8,NA,28,NA,Trawl mid-point,Coordinates were provided in reference 58c,28.64166667,-95.71666667,NA,NA,CDST,NA,NA,NA,NA,NA,NA,NA,NA,NA,NA,NA,NA,NA,NA,NA,NA,NA,NA,NA,NA,NA,NA,NA,NA,NA,NA,NA,NA,NA,NA,NA,NA,NA,NA,NA,NA
24d,Mund.1,24d.1,24d.9,NA,39,NA,Trawl mid-point,Coordinates were provided in reference 58c,28.56666667,-96,NA,NA,CDST,NA,NA,NA,NA,NA,NA,NA,NA,NA,NA,NA,NA,NA,NA,NA,NA,NA,NA,NA,NA,NA,NA,NA,NA,NA,NA,NA,NA,NA,NA,NA,NA,NA,NA,NA,NA
24d,Mund.1,24d.1,24d.10,NA,50,NA,Trawl mid-point,Coordinates were provided in reference 58c,27.95555556,-96.91666667,NA,NA,CDST,NA,NA,NA,NA,NA,NA,NA,NA,NA,NA,NA,NA,NA,NA,NA,NA,NA,NA,NA,NA,NA,NA,NA,NA,NA,NA,NA,NA,NA,NA,NA,NA,NA,NA,NA,NA
24d,Mund.1,24d.1,24d.11,NA,66,NA,Trawl mid-point,Coordinates were provided in reference 58c,27.43888889,-97.26666667,NA,NA,CDST,NA,NA,NA,NA,NA,NA,NA,NA,NA,NA,NA,NA,NA,NA,NA,NA,NA,NA,NA,NA,NA,NA,NA,NA,NA,NA,NA,NA,NA,NA,NA,NA,NA,NA,NA,NA
24d,Mund.1,24d.1,24d.12,NA,72,NA,Trawl mid-point,Coordinates were provided in reference 58c,27.16944444,-97.33333333,NA,NA,CDST,NA,NA,NA,NA,NA,NA,NA,NA,NA,NA,NA,NA,NA,NA,NA,NA,NA,NA,NA,NA,NA,NA,NA,NA,NA,NA,NA,NA,NA,NA,NA,NA,NA,NA,NA,NA
24d,Mund.1,24d.1,24d.13,NA,74,NA,Trawl mid-point,Coordinates were provided in reference 58c,26.95,-97.35833333,NA,NA,CDST,NA,NA,NA,NA,NA,NA,NA,NA,NA,NA,NA,NA,NA,NA,NA,NA,NA,NA,NA,NA,NA,NA,NA,NA,NA,NA,NA,NA,NA,NA,NA,NA,NA,NA,NA,NA
24d,Mund.1,24d.1,24d.14,NA,75,NA,Trawl mid-point,Coordinates were provided in reference 58c,26.96944444,-97.33333333,NA,NA,CDST,NA,NA,NA,NA,NA,NA,NA,NA,NA,NA,NA,NA,NA,NA,NA,NA,NA,NA,NA,NA,NA,NA,NA,NA,NA,NA,NA,NA,NA,NA,NA,NA,NA,NA,NA,NA
24d,Mund.1,24d.1,24d.15,NA,78,NA,Trawl mid-point,Coordinates were provided in reference 58c,26.83333333,-97.29166667,NA,NA,CDST,NA,NA,NA,NA,NA,NA,NA,NA,NA,NA,NA,NA,NA,NA,NA,NA,NA,NA,NA,NA,NA,NA,NA,NA,NA,NA,NA,NA,NA,NA,NA,NA,NA,NA,NA,NA
24d,Mund.1,24d.1,24d.16,NA,96,NA,Trawl mid-point,Coordinates were provided in reference 58c,26.02222222,-97.11666667,NA,NA,CDST,NA,NA,NA,NA,NA,NA,NA,NA,NA,NA,NA,NA,NA,NA,NA,NA,NA,NA,NA,NA,NA,NA,NA,NA,NA,NA,NA,NA,NA,NA,NA,NA,NA,NA,NA,NA
24d,Mund.1,24d.1,24d.17,NA,99,NA,Trawl mid-point,Coordinates were provided in reference 58c,25.98055556,-97.1,NA,NA,CDST,NA,NA,NA,NA,NA,NA,NA,NA,NA,NA,NA,NA,NA,NA,NA,NA,NA,NA,NA,NA,NA,NA,NA,NA,NA,NA,NA,NA,NA,NA,NA,NA,NA,NA,NA,NA
24d,Mund.2,24d.2,24d.1,NA,1,NA,Trawl mid-point,Coordinates were provided in reference 58c,29.13333333,-93.87222222,NA,NA,CDST,NA,NA,NA,NA,NA,NA,NA,NA,NA,NA,NA,NA,NA,NA,NA,NA,NA,NA,NA,NA,NA,NA,NA,NA,NA,NA,NA,NA,NA,NA,NA,NA,NA,NA,NA,NA
24d,Mund.2,24d.2,24d.2,NA,2,NA,Trawl mid-point,Coordinates were provided in reference 58c,28.95,-93.86666667,NA,NA,CDST,NA,NA,NA,NA,NA,NA,NA,NA,NA,NA,NA,NA,NA,NA,NA,NA,NA,NA,NA,NA,NA,NA,NA,NA,NA,NA,NA,NA,NA,NA,NA,NA,NA,NA,NA,NA
24d,Mund.2,24d.2,24d.3,NA,5,NA,Trawl mid-point,Coordinates were provided in reference 58c,29.08333333,-94.025,NA,NA,CDST,NA,NA,NA,NA,NA,NA,NA,NA,NA,NA,NA,NA,NA,NA,NA,NA,NA,NA,NA,NA,NA,NA,NA,NA,NA,NA,NA,NA,NA,NA,NA,NA,NA,NA,NA,NA
24d,Mund.2,24d.2,24d.4,NA,7,NA,Trawl mid-point,Coordinates were provided in reference 58c,28.91666667,-94.15277778,NA,NA,CDST,NA,NA,NA,NA,NA,NA,NA,NA,NA,NA,NA,NA,NA,NA,NA,NA,NA,NA,NA,NA,NA,NA,NA,NA,NA,NA,NA,NA,NA,NA,NA,NA,NA,NA,NA,NA
24d,Mund.2,24d.2,24d.5,NA,8,NA,Trawl mid-point,Coordinates were provided in reference 58c,28.78333333,-94.20833333,NA,NA,CDST,NA,NA,NA,NA,NA,NA,NA,NA,NA,NA,NA,NA,NA,NA,NA,NA,NA,NA,NA,NA,NA,NA,NA,NA,NA,NA,NA,NA,NA,NA,NA,NA,NA,NA,NA,NA
24d,Mund.2,24d.2,24d.6,NA,13,NA,Trawl mid-point,Coordinates were provided in reference 58c,28.95,-94.58611111,NA,NA,CDST,NA,NA,NA,NA,NA,NA,NA,NA,NA,NA,NA,NA,NA,NA,NA,NA,NA,NA,NA,NA,NA,NA,NA,NA,NA,NA,NA,NA,NA,NA,NA,NA,NA,NA,NA,NA
24d,Mund.2,24d.2,24d.7,NA,14,NA,Trawl mid-point,Coordinates were provided in reference 58c,28.78333333,-94.50555556,NA,NA,CDST,NA,NA,NA,NA,NA,NA,NA,NA,NA,NA,NA,NA,NA,NA,NA,NA,NA,NA,NA,NA,NA,NA,NA,NA,NA,NA,NA,NA,NA,NA,NA,NA,NA,NA,NA,NA
24d,Mund.2,24d.2,24d.8,NA,19,NA,Trawl mid-point,Coordinates were provided in reference 58c,28.73333333,-94.91666667,NA,NA,CDST,NA,NA,NA,NA,NA,NA,NA,NA,NA,NA,NA,NA,NA,NA,NA,NA,NA,NA,NA,NA,NA,NA,NA,NA,NA,NA,NA,NA,NA,NA,NA,NA,NA,NA,NA,NA
24d,Mund.2,24d.2,24d.9,NA,24,NA,Trawl mid-point,Coordinates were provided in reference 58c,28.70277778,-95.10833333,NA,NA,CDST,NA,NA,NA,NA,NA,NA,NA,NA,NA,NA,NA,NA,NA,NA,NA,NA,NA,NA,NA,NA,NA,NA,NA,NA,NA,NA,NA,NA,NA,NA,NA,NA,NA,NA,NA,NA
24d,Mund.2,24d.2,24d.10,NA,29,NA,Trawl mid-point,Coordinates were provided in reference 58c,28.55555556,-95.58333333,NA,NA,CDST,NA,NA,NA,NA,NA,NA,NA,NA,NA,NA,NA,NA,NA,NA,NA,NA,NA,NA,NA,NA,NA,NA,NA,NA,NA,NA,NA,NA,NA,NA,NA,NA,NA,NA,NA,NA
24d,Mund.2,24d.2,24d.11,NA,33,NA,Trawl mid-point,Coordinates were provided in reference 58c,28.51111111,-95.75,NA,NA,CDST,NA,NA,NA,NA,NA,NA,NA,NA,NA,NA,NA,NA,NA,NA,NA,NA,NA,NA,NA,NA,NA,NA,NA,NA,NA,NA,NA,NA,NA,NA,NA,NA,NA,NA,NA,NA
24d,Mund.2,24d.2,24d.12,NA,35,NA,Trawl mid-point,Coordinates were provided in reference 58c,28.30833333,-95.83333333,NA,NA,CDST,NA,NA,NA,NA,NA,NA,NA,NA,NA,NA,NA,NA,NA,NA,NA,NA,NA,NA,NA,NA,NA,NA,NA,NA,NA,NA,NA,NA,NA,NA,NA,NA,NA,NA,NA,NA
24d,Mund.2,24d.2,24d.13,NA,43,NA,Trawl mid-point,Coordinates were provided in reference 58c,28.23055556,-96.41666667,NA,NA,CDST,NA,NA,NA,NA,NA,NA,NA,NA,NA,NA,NA,NA,NA,NA,NA,NA,NA,NA,NA,NA,NA,NA,NA,NA,NA,NA,NA,NA,NA,NA,NA,NA,NA,NA,NA,NA
24d,Mund.2,24d.2,24d.14,NA,46,NA,Trawl mid-point,Coordinates were provided in reference 58c,28.00555556,-96.66666667,NA,NA,CDST,NA,NA,NA,NA,NA,NA,NA,NA,NA,NA,NA,NA,NA,NA,NA,NA,NA,NA,NA,NA,NA,NA,NA,NA,NA,NA,NA,NA,NA,NA,NA,NA,NA,NA,NA,NA
24d,Mund.2,24d.2,24d.15,NA,47,NA,Trawl mid-point,Coordinates were provided in reference 58c,27.97222222,-96.58333333,NA,NA,CDST,NA,NA,NA,NA,NA,NA,NA,NA,NA,NA,NA,NA,NA,NA,NA,NA,NA,NA,NA,NA,NA,NA,NA,NA,NA,NA,NA,NA,NA,NA,NA,NA,NA,NA,NA,NA
24d,Mund.2,24d.2,24d.16,NA,51,NA,Trawl mid-point,Coordinates were provided in reference 58c,27.84166667,-96.75833333,NA,NA,CDST,NA,NA,NA,NA,NA,NA,NA,NA,NA,NA,NA,NA,NA,NA,NA,NA,NA,NA,NA,NA,NA,NA,NA,NA,NA,NA,NA,NA,NA,NA,NA,NA,NA,NA,NA,NA
24d,Mund.2,24d.2,24d.17,NA,54,NA,Trawl mid-point,Coordinates were provided in reference 58c,27.76666667,-96.83333333,NA,NA,CDST,NA,NA,NA,NA,NA,NA,NA,NA,NA,NA,NA,NA,NA,NA,NA,NA,NA,NA,NA,NA,NA,NA,NA,NA,NA,NA,NA,NA,NA,NA,NA,NA,NA,NA,NA,NA
24d,Mund.2,24d.2,24d.18,NA,57,NA,Trawl mid-point,Coordinates were provided in reference 58c,27.73611111,-96.91666667,NA,NA,CDST,NA,NA,NA,NA,NA,NA,NA,NA,NA,NA,NA,NA,NA,NA,NA,NA,NA,NA,NA,NA,NA,NA,NA,NA,NA,NA,NA,NA,NA,NA,NA,NA,NA,NA,NA,NA
24d,Mund.2,24d.2,24d.19,NA,58,NA,Trawl mid-point,Coordinates were provided in reference 58c,27.72777778,-96.91666667,NA,NA,CDST,NA,NA,NA,NA,NA,NA,NA,NA,NA,NA,NA,NA,NA,NA,NA,NA,NA,NA,NA,NA,NA,NA,NA,NA,NA,NA,NA,NA,NA,NA,NA,NA,NA,NA,NA,NA
24d,Mund.2,24d.2,24d.20,NA,59,NA,Trawl mid-point,Coordinates were provided in reference 58c,27.66111111,-96.91666667,NA,NA,CDST,NA,NA,NA,NA,NA,NA,NA,NA,NA,NA,NA,NA,NA,NA,NA,NA,NA,NA,NA,NA,NA,NA,NA,NA,NA,NA,NA,NA,NA,NA,NA,NA,NA,NA,NA,NA
24d,Mund.2,24d.2,24d.21,NA,61,NA,Trawl mid-point,Coordinates were provided in reference 58c,27.58888889,-97.04166667,NA,NA,CDST,NA,NA,NA,NA,NA,NA,NA,NA,NA,NA,NA,NA,NA,NA,NA,NA,NA,NA,NA,NA,NA,NA,NA,NA,NA,NA,NA,NA,NA,NA,NA,NA,NA,NA,NA,NA
24d,Mund.2,24d.2,24d.22,NA,67,NA,Trawl mid-point,Coordinates were provided in reference 58c,27.41388889,-97.10833333,NA,NA,CDST,NA,NA,NA,NA,NA,NA,NA,NA,NA,NA,NA,NA,NA,NA,NA,NA,NA,NA,NA,NA,NA,NA,NA,NA,NA,NA,NA,NA,NA,NA,NA,NA,NA,NA,NA,NA
24d,Mund.2,24d.2,24d.23,NA,73,NA,Trawl mid-point,Coordinates were provided in reference 58c,27.18055556,-97.25,NA,NA,CDST,NA,NA,NA,NA,NA,NA,NA,NA,NA,NA,NA,NA,NA,NA,NA,NA,NA,NA,NA,NA,NA,NA,NA,NA,NA,NA,NA,NA,NA,NA,NA,NA,NA,NA,NA,NA
24d,Mund.2,24d.2,24d.24,NA,76,NA,Trawl mid-point,Coordinates were provided in reference 58c,26.975,-97.25,NA,NA,CDST,NA,NA,NA,NA,NA,NA,NA,NA,NA,NA,NA,NA,NA,NA,NA,NA,NA,NA,NA,NA,NA,NA,NA,NA,NA,NA,NA,NA,NA,NA,NA,NA,NA,NA,NA,NA
24d,Mund.2,24d.2,24d.25,NA,79,NA,Trawl mid-point,Coordinates were provided in reference 58c,26.88888889,-97.25,NA,NA,CDST,NA,NA,NA,NA,NA,NA,NA,NA,NA,NA,NA,NA,NA,NA,NA,NA,NA,NA,NA,NA,NA,NA,NA,NA,NA,NA,NA,NA,NA,NA,NA,NA,NA,NA,NA,NA
24d,Mund.2,24d.2,24d.26,NA,80,NA,Trawl mid-point,Coordinates were provided in reference 58c,26.86666667,-97.25,NA,NA,CDST,NA,NA,NA,NA,NA,NA,NA,NA,NA,NA,NA,NA,NA,NA,NA,NA,NA,NA,NA,NA,NA,NA,NA,NA,NA,NA,NA,NA,NA,NA,NA,NA,NA,NA,NA,NA
24d,Mund.2,24d.2,24d.27,NA,81,NA,Trawl mid-point,Coordinates were provided in reference 58c,26.79166667,-97.19166667,NA,NA,CDST,NA,NA,NA,NA,NA,NA,NA,NA,NA,NA,NA,NA,NA,NA,NA,NA,NA,NA,NA,NA,NA,NA,NA,NA,NA,NA,NA,NA,NA,NA,NA,NA,NA,NA,NA,NA
24d,Mund.2,24d.2,24d.28,NA,84,NA,Trawl mid-point,Coordinates were provided in reference 58c,26.49722222,-97.08333333,NA,NA,CDST,NA,NA,NA,NA,NA,NA,NA,NA,NA,NA,NA,NA,NA,NA,NA,NA,NA,NA,NA,NA,NA,NA,NA,NA,NA,NA,NA,NA,NA,NA,NA,NA,NA,NA,NA,NA
24d,Mund.2,24d.2,24d.29,NA,89,NA,Trawl mid-point,Coordinates were provided in reference 58c,26.21111111,-97.075,NA,NA,CDST,NA,NA,NA,NA,NA,NA,NA,NA,NA,NA,NA,NA,NA,NA,NA,NA,NA,NA,NA,NA,NA,NA,NA,NA,NA,NA,NA,NA,NA,NA,NA,NA,NA,NA,NA,NA
24d,Mund.2,24d.2,24d.30,NA,92,NA,Trawl mid-point,Coordinates were provided in reference 58c,26.15277778,-97,NA,NA,CDST,NA,NA,NA,NA,NA,NA,NA,NA,NA,NA,NA,NA,NA,NA,NA,NA,NA,NA,NA,NA,NA,NA,NA,NA,NA,NA,NA,NA,NA,NA,NA,NA,NA,NA,NA,NA
24d,Mund.2,24d.2,24d.31,NA,100,NA,Trawl mid-point,Coordinates were provided in reference 58c,25.99166667,-97.025,NA,NA,CDST,NA,NA,NA,NA,NA,NA,NA,NA,NA,NA,NA,NA,NA,NA,NA,NA,NA,NA,NA,NA,NA,NA,NA,NA,NA,NA,NA,NA,NA,NA,NA,NA,NA,NA,NA,NA
24d,Mund.3,24d.3,24d.1,NA,3,NA,Trawl mid-point,Coordinates were provided in reference 58c,28.66666667,-93.875,NA,NA,CDST,NA,NA,NA,NA,NA,NA,NA,NA,NA,NA,NA,NA,NA,NA,NA,NA,NA,NA,NA,NA,NA,NA,NA,NA,NA,NA,NA,NA,NA,NA,NA,NA,NA,NA,NA,NA
24d,Mund.3,24d.3,24d.2,NA,15,NA,Trawl mid-point,Coordinates were provided in reference 58c,28.7,-94.32777778,NA,NA,CDST,NA,NA,NA,NA,NA,NA,NA,NA,NA,NA,NA,NA,NA,NA,NA,NA,NA,NA,NA,NA,NA,NA,NA,NA,NA,NA,NA,NA,NA,NA,NA,NA,NA,NA,NA,NA
24d,Mund.3,24d.3,24d.3,NA,30,NA,Trawl mid-point,Coordinates were provided in reference 58c,28.55833333,-95.41666667,NA,NA,CDST,NA,NA,NA,NA,NA,NA,NA,NA,NA,NA,NA,NA,NA,NA,NA,NA,NA,NA,NA,NA,NA,NA,NA,NA,NA,NA,NA,NA,NA,NA,NA,NA,NA,NA,NA,NA
24d,Mund.3,24d.3,24d.4,NA,31,NA,Trawl mid-point,Coordinates were provided in reference 58c,28.32222222,-95.41666667,NA,NA,CDST,NA,NA,NA,NA,NA,NA,NA,NA,NA,NA,NA,NA,NA,NA,NA,NA,NA,NA,NA,NA,NA,NA,NA,NA,NA,NA,NA,NA,NA,NA,NA,NA,NA,NA,NA,NA
24d,Mund.3,24d.3,24d.5,NA,32,NA,Trawl mid-point,Coordinates were provided in reference 58c,28.32222222,-95.33333333,NA,NA,CDST,NA,NA,NA,NA,NA,NA,NA,NA,NA,NA,NA,NA,NA,NA,NA,NA,NA,NA,NA,NA,NA,NA,NA,NA,NA,NA,NA,NA,NA,NA,NA,NA,NA,NA,NA,NA
24d,Mund.3,24d.3,24d.6,NA,36,NA,Trawl mid-point,Coordinates were provided in reference 58c,28.19722222,-95.75,NA,NA,CDST,NA,NA,NA,NA,NA,NA,NA,NA,NA,NA,NA,NA,NA,NA,NA,NA,NA,NA,NA,NA,NA,NA,NA,NA,NA,NA,NA,NA,NA,NA,NA,NA,NA,NA,NA,NA
24d,Mund.3,24d.3,24d.7,NA,40,NA,Trawl mid-point,Coordinates were provided in reference 58c,28.21666667,-96,NA,NA,CDST,NA,NA,NA,NA,NA,NA,NA,NA,NA,NA,NA,NA,NA,NA,NA,NA,NA,NA,NA,NA,NA,NA,NA,NA,NA,NA,NA,NA,NA,NA,NA,NA,NA,NA,NA,NA
24d,Mund.3,24d.3,24d.8,NA,41,NA,Trawl mid-point,Coordinates were provided in reference 58c,28.2,-96,NA,NA,CDST,NA,NA,NA,NA,NA,NA,NA,NA,NA,NA,NA,NA,NA,NA,NA,NA,NA,NA,NA,NA,NA,NA,NA,NA,NA,NA,NA,NA,NA,NA,NA,NA,NA,NA,NA,NA
24d,Mund.3,24d.3,24d.9,NA,42,NA,Trawl mid-point,Coordinates were provided in reference 58c,28.13333333,-96,NA,NA,CDST,NA,NA,NA,NA,NA,NA,NA,NA,NA,NA,NA,NA,NA,NA,NA,NA,NA,NA,NA,NA,NA,NA,NA,NA,NA,NA,NA,NA,NA,NA,NA,NA,NA,NA,NA,NA
24d,Mund.3,24d.3,24d.10,NA,44,NA,Trawl mid-point,Coordinates were provided in reference 58c,28.05,-96.16666667,NA,NA,CDST,NA,NA,NA,NA,NA,NA,NA,NA,NA,NA,NA,NA,NA,NA,NA,NA,NA,NA,NA,NA,NA,NA,NA,NA,NA,NA,NA,NA,NA,NA,NA,NA,NA,NA,NA,NA
24d,Mund.3,24d.3,24d.11,NA,45,NA,Trawl mid-point,Coordinates were provided in reference 58c,28.03333333,-96.41666667,NA,NA,CDST,NA,NA,NA,NA,NA,NA,NA,NA,NA,NA,NA,NA,NA,NA,NA,NA,NA,NA,NA,NA,NA,NA,NA,NA,NA,NA,NA,NA,NA,NA,NA,NA,NA,NA,NA,NA
24d,Mund.3,24d.3,24d.12,NA,52,NA,Trawl mid-point,Coordinates were provided in reference 58c,27.80833333,-96.66666667,NA,NA,CDST,NA,NA,NA,NA,NA,NA,NA,NA,NA,NA,NA,NA,NA,NA,NA,NA,NA,NA,NA,NA,NA,NA,NA,NA,NA,NA,NA,NA,NA,NA,NA,NA,NA,NA,NA,NA
24d,Mund.3,24d.3,24d.13,NA,55,NA,Trawl mid-point,Coordinates were provided in reference 58c,27.73611111,-96.75,NA,NA,CDST,NA,NA,NA,NA,NA,NA,NA,NA,NA,NA,NA,NA,NA,NA,NA,NA,NA,NA,NA,NA,NA,NA,NA,NA,NA,NA,NA,NA,NA,NA,NA,NA,NA,NA,NA,NA
24d,Mund.3,24d.3,24d.14,NA,62,NA,Trawl mid-point,Coordinates were provided in reference 58c,27.51944444,-96.875,NA,NA,CDST,NA,NA,NA,NA,NA,NA,NA,NA,NA,NA,NA,NA,NA,NA,NA,NA,NA,NA,NA,NA,NA,NA,NA,NA,NA,NA,NA,NA,NA,NA,NA,NA,NA,NA,NA,NA
24d,Mund.3,24d.3,24d.15,NA,63,NA,Trawl mid-point,Coordinates were provided in reference 58c,27.475,-97,NA,NA,CDST,NA,NA,NA,NA,NA,NA,NA,NA,NA,NA,NA,NA,NA,NA,NA,NA,NA,NA,NA,NA,NA,NA,NA,NA,NA,NA,NA,NA,NA,NA,NA,NA,NA,NA,NA,NA
24d,Mund.3,24d.3,24d.16,NA,64,NA,Trawl mid-point,Coordinates were provided in reference 58c,27.46944444,-97,NA,NA,CDST,NA,NA,NA,NA,NA,NA,NA,NA,NA,NA,NA,NA,NA,NA,NA,NA,NA,NA,NA,NA,NA,NA,NA,NA,NA,NA,NA,NA,NA,NA,NA,NA,NA,NA,NA,NA
24d,Mund.3,24d.3,24d.17,NA,69,NA,Trawl mid-point,Coordinates were provided in reference 58c,27.29444444,-97.11666667,NA,NA,CDST,NA,NA,NA,NA,NA,NA,NA,NA,NA,NA,NA,NA,NA,NA,NA,NA,NA,NA,NA,NA,NA,NA,NA,NA,NA,NA,NA,NA,NA,NA,NA,NA,NA,NA,NA,NA
24d,Mund.3,24d.3,24d.18,NA,70,NA,Trawl mid-point,Coordinates were provided in reference 58c,27.30833333,-97.08333333,NA,NA,CDST,NA,NA,NA,NA,NA,NA,NA,NA,NA,NA,NA,NA,NA,NA,NA,NA,NA,NA,NA,NA,NA,NA,NA,NA,NA,NA,NA,NA,NA,NA,NA,NA,NA,NA,NA,NA
24d,Mund.3,24d.3,24d.19,NA,77,NA,Trawl mid-point,Coordinates were provided in reference 58c,26.98888889,-97.08333333,NA,NA,CDST,NA,NA,NA,NA,NA,NA,NA,NA,NA,NA,NA,NA,NA,NA,NA,NA,NA,NA,NA,NA,NA,NA,NA,NA,NA,NA,NA,NA,NA,NA,NA,NA,NA,NA,NA,NA
24d,Mund.3,24d.3,24d.20,NA,82,NA,Trawl mid-point,Coordinates were provided in reference 58c,26.78055556,-97.10833333,NA,NA,CDST,NA,NA,NA,NA,NA,NA,NA,NA,NA,NA,NA,NA,NA,NA,NA,NA,NA,NA,NA,NA,NA,NA,NA,NA,NA,NA,NA,NA,NA,NA,NA,NA,NA,NA,NA,NA
24d,Mund.3,24d.3,24d.21,NA,85,NA,Trawl mid-point,Coordinates were provided in reference 58c,26.49166667,-97.04166667,NA,NA,CDST,NA,NA,NA,NA,NA,NA,NA,NA,NA,NA,NA,NA,NA,NA,NA,NA,NA,NA,NA,NA,NA,NA,NA,NA,NA,NA,NA,NA,NA,NA,NA,NA,NA,NA,NA,NA
24d,Mund.3,24d.3,24d.22,NA,86,NA,Trawl mid-point,Coordinates were provided in reference 58c,26.46666667,-97.04166667,NA,NA,CDST,NA,NA,NA,NA,NA,NA,NA,NA,NA,NA,NA,NA,NA,NA,NA,NA,NA,NA,NA,NA,NA,NA,NA,NA,NA,NA,NA,NA,NA,NA,NA,NA,NA,NA,NA,NA
24d,Mund.3,24d.3,24d.23,NA,90,NA,Trawl mid-point,Coordinates were provided in reference 58c,26.24444444,-96.95,NA,NA,CDST,NA,NA,NA,NA,NA,NA,NA,NA,NA,NA,NA,NA,NA,NA,NA,NA,NA,NA,NA,NA,NA,NA,NA,NA,NA,NA,NA,NA,NA,NA,NA,NA,NA,NA,NA,NA
24d,Mund.3,24d.3,24d.24,NA,91,NA,Trawl mid-point,Coordinates were provided in reference 58c,26.32777778,-96.94166667,NA,NA,CDST,NA,NA,NA,NA,NA,NA,NA,NA,NA,NA,NA,NA,NA,NA,NA,NA,NA,NA,NA,NA,NA,NA,NA,NA,NA,NA,NA,NA,NA,NA,NA,NA,NA,NA,NA,NA
24d,Mund.3,24d.3,24d.25,NA,93,NA,Trawl mid-point,Coordinates were provided in reference 58c,26.175,-96.91666667,NA,NA,CDST,NA,NA,NA,NA,NA,NA,NA,NA,NA,NA,NA,NA,NA,NA,NA,NA,NA,NA,NA,NA,NA,NA,NA,NA,NA,NA,NA,NA,NA,NA,NA,NA,NA,NA,NA,NA
24d,Mund.3,24d.3,24d.26,NA,94,NA,Trawl mid-point,Coordinates were provided in reference 58c,26.13888889,-96.91666667,NA,NA,CDST,NA,NA,NA,NA,NA,NA,NA,NA,NA,NA,NA,NA,NA,NA,NA,NA,NA,NA,NA,NA,NA,NA,NA,NA,NA,NA,NA,NA,NA,NA,NA,NA,NA,NA,NA,NA
24d,Mund.3,24d.3,24d.27,NA,97,NA,Trawl mid-point,Coordinates were provided in reference 58c,26.01944444,-97,NA,NA,CDST,NA,NA,NA,NA,NA,NA,NA,NA,NA,NA,NA,NA,NA,NA,NA,NA,NA,NA,NA,NA,NA,NA,NA,NA,NA,NA,NA,NA,NA,NA,NA,NA,NA,NA,NA,NA
24d,Mund.3,24d.3,24d.28,NA,98,NA,Trawl mid-point,Coordinates were provided in reference 58c,26.04166667,-96.91666667,NA,NA,CDST,NA,NA,NA,NA,NA,NA,NA,NA,NA,NA,NA,NA,NA,NA,NA,NA,NA,NA,NA,NA,NA,NA,NA,NA,NA,NA,NA,NA,NA,NA,NA,NA,NA,NA,NA,NA
24d,Mund.4,24d.4,24d.1,NA,20,NA,Trawl mid-point,Coordinates were provided in reference 58c,28.48333333,-94.71388889,NA,NA,CDST,NA,NA,NA,NA,NA,NA,NA,NA,NA,NA,NA,NA,NA,NA,NA,NA,NA,NA,NA,NA,NA,NA,NA,NA,NA,NA,NA,NA,NA,NA,NA,NA,NA,NA,NA,NA
24d,Mund.4,24d.4,24d.2,NA,21,NA,Trawl mid-point,Coordinates were provided in reference 58c,28.33333333,-94.59444444,NA,NA,CDST,NA,NA,NA,NA,NA,NA,NA,NA,NA,NA,NA,NA,NA,NA,NA,NA,NA,NA,NA,NA,NA,NA,NA,NA,NA,NA,NA,NA,NA,NA,NA,NA,NA,NA,NA,NA
24d,Mund.4,24d.4,24d.3,NA,27,NA,Trawl mid-point,Coordinates were provided in reference 58c,28.275,-95.09166667,NA,NA,CDST,NA,NA,NA,NA,NA,NA,NA,NA,NA,NA,NA,NA,NA,NA,NA,NA,NA,NA,NA,NA,NA,NA,NA,NA,NA,NA,NA,NA,NA,NA,NA,NA,NA,NA,NA,NA
24d,Mund.4,24d.4,24d.4,NA,34,NA,Trawl mid-point,Coordinates were provided in reference 58c,28.11111111,-95.675,NA,NA,CDST,NA,NA,NA,NA,NA,NA,NA,NA,NA,NA,NA,NA,NA,NA,NA,NA,NA,NA,NA,NA,NA,NA,NA,NA,NA,NA,NA,NA,NA,NA,NA,NA,NA,NA,NA,NA
24d,Mund.4,24d.4,24d.5,NA,37,NA,Trawl mid-point,Coordinates were provided in reference 58c,28.07777778,-95.75,NA,NA,CDST,NA,NA,NA,NA,NA,NA,NA,NA,NA,NA,NA,NA,NA,NA,NA,NA,NA,NA,NA,NA,NA,NA,NA,NA,NA,NA,NA,NA,NA,NA,NA,NA,NA,NA,NA,NA
24d,Mund.4,24d.4,24d.6,NA,38,NA,Trawl mid-point,Coordinates were provided in reference 58c,28.11666667,-95.91666667,NA,NA,CDST,NA,NA,NA,NA,NA,NA,NA,NA,NA,NA,NA,NA,NA,NA,NA,NA,NA,NA,NA,NA,NA,NA,NA,NA,NA,NA,NA,NA,NA,NA,NA,NA,NA,NA,NA,NA
24d,Mund.4,24d.4,24d.7,NA,48,NA,Trawl mid-point,Coordinates were provided in reference 58c,27.95,-96.33333333,NA,NA,CDST,NA,NA,NA,NA,NA,NA,NA,NA,NA,NA,NA,NA,NA,NA,NA,NA,NA,NA,NA,NA,NA,NA,NA,NA,NA,NA,NA,NA,NA,NA,NA,NA,NA,NA,NA,NA
24d,Mund.4,24d.4,24d.8,NA,56,NA,Trawl mid-point,Coordinates were provided in reference 58c,27.71944444,-96.58333333,NA,NA,CDST,NA,NA,NA,NA,NA,NA,NA,NA,NA,NA,NA,NA,NA,NA,NA,NA,NA,NA,NA,NA,NA,NA,NA,NA,NA,NA,NA,NA,NA,NA,NA,NA,NA,NA,NA,NA
24d,Mund.4,24d.4,24d.9,NA,60,NA,Trawl mid-point,Coordinates were provided in reference 58c,27.59166667,-96.75,NA,NA,CDST,NA,NA,NA,NA,NA,NA,NA,NA,NA,NA,NA,NA,NA,NA,NA,NA,NA,NA,NA,NA,NA,NA,NA,NA,NA,NA,NA,NA,NA,NA,NA,NA,NA,NA,NA,NA
24d,Mund.4,24d.4,24d.10,NA,65,NA,Trawl mid-point,Coordinates were provided in reference 58c,27.42777778,-96.875,NA,NA,CDST,NA,NA,NA,NA,NA,NA,NA,NA,NA,NA,NA,NA,NA,NA,NA,NA,NA,NA,NA,NA,NA,NA,NA,NA,NA,NA,NA,NA,NA,NA,NA,NA,NA,NA,NA,NA
24d,Mund.4,24d.4,24d.11,NA,68,NA,Trawl mid-point,Coordinates were provided in reference 58c,27.38055556,-96.91666667,NA,NA,CDST,NA,NA,NA,NA,NA,NA,NA,NA,NA,NA,NA,NA,NA,NA,NA,NA,NA,NA,NA,NA,NA,NA,NA,NA,NA,NA,NA,NA,NA,NA,NA,NA,NA,NA,NA,NA
24d,Mund.4,24d.4,24d.12,NA,71,NA,Trawl mid-point,Coordinates were provided in reference 58c,27.33333333,-96.9375,NA,NA,CDST,NA,NA,NA,NA,NA,NA,NA,NA,NA,NA,NA,NA,NA,NA,NA,NA,NA,NA,NA,NA,NA,NA,NA,NA,NA,NA,NA,NA,NA,NA,NA,NA,NA,NA,NA,NA
24d,Mund.4,24d.4,24d.13,NA,83,NA,Trawl mid-point,Coordinates were provided in reference 58c,26.65277778,-96.94166667,NA,NA,CDST,NA,NA,NA,NA,NA,NA,NA,NA,NA,NA,NA,NA,NA,NA,NA,NA,NA,NA,NA,NA,NA,NA,NA,NA,NA,NA,NA,NA,NA,NA,NA,NA,NA,NA,NA,NA
24d,Mund.4,24d.4,24d.14,NA,87,NA,Trawl mid-point,Coordinates were provided in reference 58c,26.46111111,-96.94166667,NA,NA,CDST,NA,NA,NA,NA,NA,NA,NA,NA,NA,NA,NA,NA,NA,NA,NA,NA,NA,NA,NA,NA,NA,NA,NA,NA,NA,NA,NA,NA,NA,NA,NA,NA,NA,NA,NA,NA
24d,Mund.4,24d.4,24d.15,NA,95,NA,Trawl mid-point,Coordinates were provided in reference 58c,26.11388889,-96.89166667,NA,NA,CDST,NA,NA,NA,NA,NA,NA,NA,NA,NA,NA,NA,NA,NA,NA,NA,NA,NA,NA,NA,NA,NA,NA,NA,NA,NA,NA,NA,NA,NA,NA,NA,NA,NA,NA,NA,NA
24d,Mund.5,24d.5,24d.1,NA,4,NA,Trawl mid-point,Coordinates were provided in reference 58c,28.4,-93.94166667,NA,NA,CDST,NA,NA,NA,NA,NA,NA,NA,NA,NA,NA,NA,NA,NA,NA,NA,NA,NA,NA,NA,NA,NA,NA,NA,NA,NA,NA,NA,NA,NA,NA,NA,NA,NA,NA,NA,NA
24d,Mund.5,24d.5,24d.2,NA,9,NA,Trawl mid-point,Coordinates were provided in reference 58c,28.38333333,-94.18333333,NA,NA,CDST,NA,NA,NA,NA,NA,NA,NA,NA,NA,NA,NA,NA,NA,NA,NA,NA,NA,NA,NA,NA,NA,NA,NA,NA,NA,NA,NA,NA,NA,NA,NA,NA,NA,NA,NA,NA
24d,Mund.5,24d.5,24d.3,NA,16,NA,Trawl mid-point,Coordinates were provided in reference 58c,28.36944444,-94.45,NA,NA,CDST,NA,NA,NA,NA,NA,NA,NA,NA,NA,NA,NA,NA,NA,NA,NA,NA,NA,NA,NA,NA,NA,NA,NA,NA,NA,NA,NA,NA,NA,NA,NA,NA,NA,NA,NA,NA
24d,Mund.5,24d.5,24d.4,NA,49,NA,Trawl mid-point,Coordinates were provided in reference 58c,27.91666667,-96.08333333,NA,NA,CDST,NA,NA,NA,NA,NA,NA,NA,NA,NA,NA,NA,NA,NA,NA,NA,NA,NA,NA,NA,NA,NA,NA,NA,NA,NA,NA,NA,NA,NA,NA,NA,NA,NA,NA,NA,NA
24d,Mund.5,24d.5,24d.5,NA,53,NA,Trawl mid-point,Coordinates were provided in reference 58c,27.77777778,-96.5,NA,NA,CDST,NA,NA,NA,NA,NA,NA,NA,NA,NA,NA,NA,NA,NA,NA,NA,NA,NA,NA,NA,NA,NA,NA,NA,NA,NA,NA,NA,NA,NA,NA,NA,NA,NA,NA,NA,NA
24d,Mund.5,24d.5,24d.6,NA,88,NA,Trawl mid-point,Coordinates were provided in reference 58c,26.55555556,-96.75,NA,NA,CDST,NA,NA,NA,NA,NA,NA,NA,NA,NA,NA,NA,NA,NA,NA,NA,NA,NA,NA,NA,NA,NA,NA,NA,NA,NA,NA,NA,NA,NA,NA,NA,NA,NA,NA,NA,NA
24d,Mund.6,24d.6,24d.1,NA,11,NA,Trawl mid-point,Coordinates were provided in reference 58c,29.41666667,-94.46666667,NA,NA,CDST,NA,NA,NA,NA,NA,NA,NA,NA,NA,NA,NA,NA,NA,NA,NA,NA,NA,NA,NA,NA,NA,NA,NA,NA,NA,NA,NA,NA,NA,NA,NA,NA,NA,NA,NA,NA
24d,Mund.6,24d.6,24d.2,NA,12,NA,Trawl mid-point,Coordinates were provided in reference 58c,28.98333333,-94.63055556,NA,NA,CDST,NA,NA,NA,NA,NA,NA,NA,NA,NA,NA,NA,NA,NA,NA,NA,NA,NA,NA,NA,NA,NA,NA,NA,NA,NA,NA,NA,NA,NA,NA,NA,NA,NA,NA,NA,NA
24d,Mund.6,24d.6,24d.3,NA,17,NA,Trawl mid-point,Coordinates were provided in reference 58c,28.93888889,-95.08333333,NA,NA,CDST,NA,NA,NA,NA,NA,NA,NA,NA,NA,NA,NA,NA,NA,NA,NA,NA,NA,NA,NA,NA,NA,NA,NA,NA,NA,NA,NA,NA,NA,NA,NA,NA,NA,NA,NA,NA
24d,Mund.6,24d.6,24d.4,NA,18,NA,Trawl mid-point,Coordinates were provided in reference 58c,28.93888889,-95.08333333,NA,NA,CDST,NA,NA,NA,NA,NA,NA,NA,NA,NA,NA,NA,NA,NA,NA,NA,NA,NA,NA,NA,NA,NA,NA,NA,NA,NA,NA,NA,NA,NA,NA,NA,NA,NA,NA,NA,NA
24d,Mund.6,24d.6,24d.5,NA,22,NA,Trawl mid-point,Coordinates were provided in reference 58c,28.96666667,-95.15833333,NA,NA,CDST,NA,NA,NA,NA,NA,NA,NA,NA,NA,NA,NA,NA,NA,NA,NA,NA,NA,NA,NA,NA,NA,NA,NA,NA,NA,NA,NA,NA,NA,NA,NA,NA,NA,NA,NA,NA
24d,Mund.6,24d.6,24d.6,NA,23,NA,Trawl mid-point,Coordinates were provided in reference 58c,28.91111111,-95.16666667,NA,NA,CDST,NA,NA,NA,NA,NA,NA,NA,NA,NA,NA,NA,NA,NA,NA,NA,NA,NA,NA,NA,NA,NA,NA,NA,NA,NA,NA,NA,NA,NA,NA,NA,NA,NA,NA,NA,NA
24d,Mund.6,24d.6,24d.7,NA,26,NA,Trawl mid-point,Coordinates were provided in reference 58c,28.71666667,-95.33333333,NA,NA,CDST,NA,NA,NA,NA,NA,NA,NA,NA,NA,NA,NA,NA,NA,NA,NA,NA,NA,NA,NA,NA,NA,NA,NA,NA,NA,NA,NA,NA,NA,NA,NA,NA,NA,NA,NA,NA
24d,Mund.6,24d.6,24d.8,NA,28,NA,Trawl mid-point,Coordinates were provided in reference 58c,28.64166667,-95.71666667,NA,NA,CDST,NA,NA,NA,NA,NA,NA,NA,NA,NA,NA,NA,NA,NA,NA,NA,NA,NA,NA,NA,NA,NA,NA,NA,NA,NA,NA,NA,NA,NA,NA,NA,NA,NA,NA,NA,NA
24d,Mund.6,24d.6,24d.9,NA,39,NA,Trawl mid-point,Coordinates were provided in reference 58c,28.56666667,-96,NA,NA,CDST,NA,NA,NA,NA,NA,NA,NA,NA,NA,NA,NA,NA,NA,NA,NA,NA,NA,NA,NA,NA,NA,NA,NA,NA,NA,NA,NA,NA,NA,NA,NA,NA,NA,NA,NA,NA
24d,Mund.6,24d.6,24d.10,NA,50,NA,Trawl mid-point,Coordinates were provided in reference 58c,27.95555556,-96.91666667,NA,NA,CDST,NA,NA,NA,NA,NA,NA,NA,NA,NA,NA,NA,NA,NA,NA,NA,NA,NA,NA,NA,NA,NA,NA,NA,NA,NA,NA,NA,NA,NA,NA,NA,NA,NA,NA,NA,NA
24d,Mund.6,24d.6,24d.11,NA,66,NA,Trawl mid-point,Coordinates were provided in reference 58c,27.43888889,-97.26666667,NA,NA,CDST,NA,NA,NA,NA,NA,NA,NA,NA,NA,NA,NA,NA,NA,NA,NA,NA,NA,NA,NA,NA,NA,NA,NA,NA,NA,NA,NA,NA,NA,NA,NA,NA,NA,NA,NA,NA
24d,Mund.6,24d.6,24d.12,NA,72,NA,Trawl mid-point,Coordinates were provided in reference 58c,27.16944444,-97.33333333,NA,NA,CDST,NA,NA,NA,NA,NA,NA,NA,NA,NA,NA,NA,NA,NA,NA,NA,NA,NA,NA,NA,NA,NA,NA,NA,NA,NA,NA,NA,NA,NA,NA,NA,NA,NA,NA,NA,NA
24d,Mund.6,24d.6,24d.13,NA,74,NA,Trawl mid-point,Coordinates were provided in reference 58c,26.95,-97.35833333,NA,NA,CDST,NA,NA,NA,NA,NA,NA,NA,NA,NA,NA,NA,NA,NA,NA,NA,NA,NA,NA,NA,NA,NA,NA,NA,NA,NA,NA,NA,NA,NA,NA,NA,NA,NA,NA,NA,NA
24d,Mund.6,24d.6,24d.14,NA,75,NA,Trawl mid-point,Coordinates were provided in reference 58c,26.96944444,-97.33333333,NA,NA,CDST,NA,NA,NA,NA,NA,NA,NA,NA,NA,NA,NA,NA,NA,NA,NA,NA,NA,NA,NA,NA,NA,NA,NA,NA,NA,NA,NA,NA,NA,NA,NA,NA,NA,NA,NA,NA
24d,Mund.6,24d.6,24d.15,NA,78,NA,Trawl mid-point,Coordinates were provided in reference 58c,26.83333333,-97.29166667,NA,NA,CDST,NA,NA,NA,NA,NA,NA,NA,NA,NA,NA,NA,NA,NA,NA,NA,NA,NA,NA,NA,NA,NA,NA,NA,NA,NA,NA,NA,NA,NA,NA,NA,NA,NA,NA,NA,NA
24d,Mund.6,24d.6,24d.16,NA,96,NA,Trawl mid-point,Coordinates were provided in reference 58c,26.02222222,-97.11666667,NA,NA,CDST,NA,NA,NA,NA,NA,NA,NA,NA,NA,NA,NA,NA,NA,NA,NA,NA,NA,NA,NA,NA,NA,NA,NA,NA,NA,NA,NA,NA,NA,NA,NA,NA,NA,NA,NA,NA
24d,Mund.6,24d.6,24d.17,NA,99,NA,Trawl mid-point,Coordinates were provided in reference 58c,25.98055556,-97.1,NA,NA,CDST,NA,NA,NA,NA,NA,NA,NA,NA,NA,NA,NA,NA,NA,NA,NA,NA,NA,NA,NA,NA,NA,NA,NA,NA,NA,NA,NA,NA,NA,NA,NA,NA,NA,NA,NA,NA
24d,Mund.7,24d.7,24d.1,NA,1,NA,Trawl mid-point,Coordinates were provided in reference 58c,29.13333333,-93.87222222,NA,NA,CDST,NA,NA,NA,NA,NA,NA,NA,NA,NA,NA,NA,NA,NA,NA,NA,NA,NA,NA,NA,NA,NA,NA,NA,NA,NA,NA,NA,NA,NA,NA,NA,NA,NA,NA,NA,NA
24d,Mund.7,24d.7,24d.2,NA,2,NA,Trawl mid-point,Coordinates were provided in reference 58c,28.95,-93.86666667,NA,NA,CDST,NA,NA,NA,NA,NA,NA,NA,NA,NA,NA,NA,NA,NA,NA,NA,NA,NA,NA,NA,NA,NA,NA,NA,NA,NA,NA,NA,NA,NA,NA,NA,NA,NA,NA,NA,NA
24d,Mund.7,24d.7,24d.3,NA,5,NA,Trawl mid-point,Coordinates were provided in reference 58c,29.08333333,-94.025,NA,NA,CDST,NA,NA,NA,NA,NA,NA,NA,NA,NA,NA,NA,NA,NA,NA,NA,NA,NA,NA,NA,NA,NA,NA,NA,NA,NA,NA,NA,NA,NA,NA,NA,NA,NA,NA,NA,NA
24d,Mund.7,24d.7,24d.4,NA,7,NA,Trawl mid-point,Coordinates were provided in reference 58c,28.91666667,-94.15277778,NA,NA,CDST,NA,NA,NA,NA,NA,NA,NA,NA,NA,NA,NA,NA,NA,NA,NA,NA,NA,NA,NA,NA,NA,NA,NA,NA,NA,NA,NA,NA,NA,NA,NA,NA,NA,NA,NA,NA
24d,Mund.7,24d.7,24d.5,NA,8,NA,Trawl mid-point,Coordinates were provided in reference 58c,28.78333333,-94.20833333,NA,NA,CDST,NA,NA,NA,NA,NA,NA,NA,NA,NA,NA,NA,NA,NA,NA,NA,NA,NA,NA,NA,NA,NA,NA,NA,NA,NA,NA,NA,NA,NA,NA,NA,NA,NA,NA,NA,NA
24d,Mund.7,24d.7,24d.6,NA,13,NA,Trawl mid-point,Coordinates were provided in reference 58c,28.95,-94.58611111,NA,NA,CDST,NA,NA,NA,NA,NA,NA,NA,NA,NA,NA,NA,NA,NA,NA,NA,NA,NA,NA,NA,NA,NA,NA,NA,NA,NA,NA,NA,NA,NA,NA,NA,NA,NA,NA,NA,NA
24d,Mund.7,24d.7,24d.7,NA,14,NA,Trawl mid-point,Coordinates were provided in reference 58c,28.78333333,-94.50555556,NA,NA,CDST,NA,NA,NA,NA,NA,NA,NA,NA,NA,NA,NA,NA,NA,NA,NA,NA,NA,NA,NA,NA,NA,NA,NA,NA,NA,NA,NA,NA,NA,NA,NA,NA,NA,NA,NA,NA
24d,Mund.7,24d.7,24d.8,NA,19,NA,Trawl mid-point,Coordinates were provided in reference 58c,28.73333333,-94.91666667,NA,NA,CDST,NA,NA,NA,NA,NA,NA,NA,NA,NA,NA,NA,NA,NA,NA,NA,NA,NA,NA,NA,NA,NA,NA,NA,NA,NA,NA,NA,NA,NA,NA,NA,NA,NA,NA,NA,NA
24d,Mund.7,24d.7,24d.9,NA,24,NA,Trawl mid-point,Coordinates were provided in reference 58c,28.70277778,-95.10833333,NA,NA,CDST,NA,NA,NA,NA,NA,NA,NA,NA,NA,NA,NA,NA,NA,NA,NA,NA,NA,NA,NA,NA,NA,NA,NA,NA,NA,NA,NA,NA,NA,NA,NA,NA,NA,NA,NA,NA
24d,Mund.7,24d.7,24d.10,NA,29,NA,Trawl mid-point,Coordinates were provided in reference 58c,28.55555556,-95.58333333,NA,NA,CDST,NA,NA,NA,NA,NA,NA,NA,NA,NA,NA,NA,NA,NA,NA,NA,NA,NA,NA,NA,NA,NA,NA,NA,NA,NA,NA,NA,NA,NA,NA,NA,NA,NA,NA,NA,NA
24d,Mund.7,24d.7,24d.11,NA,33,NA,Trawl mid-point,Coordinates were provided in reference 58c,28.51111111,-95.75,NA,NA,CDST,NA,NA,NA,NA,NA,NA,NA,NA,NA,NA,NA,NA,NA,NA,NA,NA,NA,NA,NA,NA,NA,NA,NA,NA,NA,NA,NA,NA,NA,NA,NA,NA,NA,NA,NA,NA
24d,Mund.7,24d.7,24d.12,NA,35,NA,Trawl mid-point,Coordinates were provided in reference 58c,28.30833333,-95.83333333,NA,NA,CDST,NA,NA,NA,NA,NA,NA,NA,NA,NA,NA,NA,NA,NA,NA,NA,NA,NA,NA,NA,NA,NA,NA,NA,NA,NA,NA,NA,NA,NA,NA,NA,NA,NA,NA,NA,NA
24d,Mund.7,24d.7,24d.13,NA,43,NA,Trawl mid-point,Coordinates were provided in reference 58c,28.23055556,-96.41666667,NA,NA,CDST,NA,NA,NA,NA,NA,NA,NA,NA,NA,NA,NA,NA,NA,NA,NA,NA,NA,NA,NA,NA,NA,NA,NA,NA,NA,NA,NA,NA,NA,NA,NA,NA,NA,NA,NA,NA
24d,Mund.7,24d.7,24d.14,NA,46,NA,Trawl mid-point,Coordinates were provided in reference 58c,28.00555556,-96.66666667,NA,NA,CDST,NA,NA,NA,NA,NA,NA,NA,NA,NA,NA,NA,NA,NA,NA,NA,NA,NA,NA,NA,NA,NA,NA,NA,NA,NA,NA,NA,NA,NA,NA,NA,NA,NA,NA,NA,NA
24d,Mund.7,24d.7,24d.15,NA,47,NA,Trawl mid-point,Coordinates were provided in reference 58c,27.97222222,-96.58333333,NA,NA,CDST,NA,NA,NA,NA,NA,NA,NA,NA,NA,NA,NA,NA,NA,NA,NA,NA,NA,NA,NA,NA,NA,NA,NA,NA,NA,NA,NA,NA,NA,NA,NA,NA,NA,NA,NA,NA
24d,Mund.7,24d.7,24d.16,NA,51,NA,Trawl mid-point,Coordinates were provided in reference 58c,27.84166667,-96.75833333,NA,NA,CDST,NA,NA,NA,NA,NA,NA,NA,NA,NA,NA,NA,NA,NA,NA,NA,NA,NA,NA,NA,NA,NA,NA,NA,NA,NA,NA,NA,NA,NA,NA,NA,NA,NA,NA,NA,NA
24d,Mund.7,24d.7,24d.17,NA,54,NA,Trawl mid-point,Coordinates were provided in reference 58c,27.76666667,-96.83333333,NA,NA,CDST,NA,NA,NA,NA,NA,NA,NA,NA,NA,NA,NA,NA,NA,NA,NA,NA,NA,NA,NA,NA,NA,NA,NA,NA,NA,NA,NA,NA,NA,NA,NA,NA,NA,NA,NA,NA
24d,Mund.7,24d.7,24d.18,NA,57,NA,Trawl mid-point,Coordinates were provided in reference 58c,27.73611111,-96.91666667,NA,NA,CDST,NA,NA,NA,NA,NA,NA,NA,NA,NA,NA,NA,NA,NA,NA,NA,NA,NA,NA,NA,NA,NA,NA,NA,NA,NA,NA,NA,NA,NA,NA,NA,NA,NA,NA,NA,NA
24d,Mund.7,24d.7,24d.19,NA,58,NA,Trawl mid-point,Coordinates were provided in reference 58c,27.72777778,-96.91666667,NA,NA,CDST,NA,NA,NA,NA,NA,NA,NA,NA,NA,NA,NA,NA,NA,NA,NA,NA,NA,NA,NA,NA,NA,NA,NA,NA,NA,NA,NA,NA,NA,NA,NA,NA,NA,NA,NA,NA
24d,Mund.7,24d.7,24d.20,NA,59,NA,Trawl mid-point,Coordinates were provided in reference 58c,27.66111111,-96.91666667,NA,NA,CDST,NA,NA,NA,NA,NA,NA,NA,NA,NA,NA,NA,NA,NA,NA,NA,NA,NA,NA,NA,NA,NA,NA,NA,NA,NA,NA,NA,NA,NA,NA,NA,NA,NA,NA,NA,NA
24d,Mund.7,24d.7,24d.21,NA,61,NA,Trawl mid-point,Coordinates were provided in reference 58c,27.58888889,-97.04166667,NA,NA,CDST,NA,NA,NA,NA,NA,NA,NA,NA,NA,NA,NA,NA,NA,NA,NA,NA,NA,NA,NA,NA,NA,NA,NA,NA,NA,NA,NA,NA,NA,NA,NA,NA,NA,NA,NA,NA
24d,Mund.7,24d.7,24d.22,NA,67,NA,Trawl mid-point,Coordinates were provided in reference 58c,27.41388889,-97.10833333,NA,NA,CDST,NA,NA,NA,NA,NA,NA,NA,NA,NA,NA,NA,NA,NA,NA,NA,NA,NA,NA,NA,NA,NA,NA,NA,NA,NA,NA,NA,NA,NA,NA,NA,NA,NA,NA,NA,NA
24d,Mund.7,24d.7,24d.23,NA,73,NA,Trawl mid-point,Coordinates were provided in reference 58c,27.18055556,-97.25,NA,NA,CDST,NA,NA,NA,NA,NA,NA,NA,NA,NA,NA,NA,NA,NA,NA,NA,NA,NA,NA,NA,NA,NA,NA,NA,NA,NA,NA,NA,NA,NA,NA,NA,NA,NA,NA,NA,NA
24d,Mund.7,24d.7,24d.24,NA,76,NA,Trawl mid-point,Coordinates were provided in reference 58c,26.975,-97.25,NA,NA,CDST,NA,NA,NA,NA,NA,NA,NA,NA,NA,NA,NA,NA,NA,NA,NA,NA,NA,NA,NA,NA,NA,NA,NA,NA,NA,NA,NA,NA,NA,NA,NA,NA,NA,NA,NA,NA
24d,Mund.7,24d.7,24d.25,NA,79,NA,Trawl mid-point,Coordinates were provided in reference 58c,26.88888889,-97.25,NA,NA,CDST,NA,NA,NA,NA,NA,NA,NA,NA,NA,NA,NA,NA,NA,NA,NA,NA,NA,NA,NA,NA,NA,NA,NA,NA,NA,NA,NA,NA,NA,NA,NA,NA,NA,NA,NA,NA
24d,Mund.7,24d.7,24d.26,NA,80,NA,Trawl mid-point,Coordinates were provided in reference 58c,26.86666667,-97.25,NA,NA,CDST,NA,NA,NA,NA,NA,NA,NA,NA,NA,NA,NA,NA,NA,NA,NA,NA,NA,NA,NA,NA,NA,NA,NA,NA,NA,NA,NA,NA,NA,NA,NA,NA,NA,NA,NA,NA
24d,Mund.7,24d.7,24d.27,NA,81,NA,Trawl mid-point,Coordinates were provided in reference 58c,26.79166667,-97.19166667,NA,NA,CDST,NA,NA,NA,NA,NA,NA,NA,NA,NA,NA,NA,NA,NA,NA,NA,NA,NA,NA,NA,NA,NA,NA,NA,NA,NA,NA,NA,NA,NA,NA,NA,NA,NA,NA,NA,NA
24d,Mund.7,24d.7,24d.28,NA,84,NA,Trawl mid-point,Coordinates were provided in reference 58c,26.49722222,-97.08333333,NA,NA,CDST,NA,NA,NA,NA,NA,NA,NA,NA,NA,NA,NA,NA,NA,NA,NA,NA,NA,NA,NA,NA,NA,NA,NA,NA,NA,NA,NA,NA,NA,NA,NA,NA,NA,NA,NA,NA
24d,Mund.7,24d.7,24d.29,NA,89,NA,Trawl mid-point,Coordinates were provided in reference 58c,26.21111111,-97.075,NA,NA,CDST,NA,NA,NA,NA,NA,NA,NA,NA,NA,NA,NA,NA,NA,NA,NA,NA,NA,NA,NA,NA,NA,NA,NA,NA,NA,NA,NA,NA,NA,NA,NA,NA,NA,NA,NA,NA
24d,Mund.7,24d.7,24d.30,NA,92,NA,Trawl mid-point,Coordinates were provided in reference 58c,26.15277778,-97,NA,NA,CDST,NA,NA,NA,NA,NA,NA,NA,NA,NA,NA,NA,NA,NA,NA,NA,NA,NA,NA,NA,NA,NA,NA,NA,NA,NA,NA,NA,NA,NA,NA,NA,NA,NA,NA,NA,NA
24d,Mund.7,24d.7,24d.31,NA,100,NA,Trawl mid-point,Coordinates were provided in reference 58c,25.99166667,-97.025,NA,NA,CDST,NA,NA,NA,NA,NA,NA,NA,NA,NA,NA,NA,NA,NA,NA,NA,NA,NA,NA,NA,NA,NA,NA,NA,NA,NA,NA,NA,NA,NA,NA,NA,NA,NA,NA,NA,NA
24d,Mund.7,24d.7,24d.32,NA,3,NA,Trawl mid-point,Coordinates were provided in reference 58c,28.66666667,-93.875,NA,NA,CDST,NA,NA,NA,NA,NA,NA,NA,NA,NA,NA,NA,NA,NA,NA,NA,NA,NA,NA,NA,NA,NA,NA,NA,NA,NA,NA,NA,NA,NA,NA,NA,NA,NA,NA,NA,NA
24d,Mund.7,24d.7,24d.33,NA,15,NA,Trawl mid-point,Coordinates were provided in reference 58c,28.7,-94.32777778,NA,NA,CDST,NA,NA,NA,NA,NA,NA,NA,NA,NA,NA,NA,NA,NA,NA,NA,NA,NA,NA,NA,NA,NA,NA,NA,NA,NA,NA,NA,NA,NA,NA,NA,NA,NA,NA,NA,NA
24d,Mund.7,24d.7,24d.34,NA,30,NA,Trawl mid-point,Coordinates were provided in reference 58c,28.55833333,-95.41666667,NA,NA,CDST,NA,NA,NA,NA,NA,NA,NA,NA,NA,NA,NA,NA,NA,NA,NA,NA,NA,NA,NA,NA,NA,NA,NA,NA,NA,NA,NA,NA,NA,NA,NA,NA,NA,NA,NA,NA
24d,Mund.7,24d.7,24d.35,NA,31,NA,Trawl mid-point,Coordinates were provided in reference 58c,28.32222222,-95.41666667,NA,NA,CDST,NA,NA,NA,NA,NA,NA,NA,NA,NA,NA,NA,NA,NA,NA,NA,NA,NA,NA,NA,NA,NA,NA,NA,NA,NA,NA,NA,NA,NA,NA,NA,NA,NA,NA,NA,NA
24d,Mund.7,24d.7,24d.36,NA,32,NA,Trawl mid-point,Coordinates were provided in reference 58c,28.32222222,-95.33333333,NA,NA,CDST,NA,NA,NA,NA,NA,NA,NA,NA,NA,NA,NA,NA,NA,NA,NA,NA,NA,NA,NA,NA,NA,NA,NA,NA,NA,NA,NA,NA,NA,NA,NA,NA,NA,NA,NA,NA
24d,Mund.7,24d.7,24d.37,NA,36,NA,Trawl mid-point,Coordinates were provided in reference 58c,28.19722222,-95.75,NA,NA,CDST,NA,NA,NA,NA,NA,NA,NA,NA,NA,NA,NA,NA,NA,NA,NA,NA,NA,NA,NA,NA,NA,NA,NA,NA,NA,NA,NA,NA,NA,NA,NA,NA,NA,NA,NA,NA
24d,Mund.7,24d.7,24d.38,NA,40,NA,Trawl mid-point,Coordinates were provided in reference 58c,28.21666667,-96,NA,NA,CDST,NA,NA,NA,NA,NA,NA,NA,NA,NA,NA,NA,NA,NA,NA,NA,NA,NA,NA,NA,NA,NA,NA,NA,NA,NA,NA,NA,NA,NA,NA,NA,NA,NA,NA,NA,NA
24d,Mund.7,24d.7,24d.39,NA,41,NA,Trawl mid-point,Coordinates were provided in reference 58c,28.2,-96,NA,NA,CDST,NA,NA,NA,NA,NA,NA,NA,NA,NA,NA,NA,NA,NA,NA,NA,NA,NA,NA,NA,NA,NA,NA,NA,NA,NA,NA,NA,NA,NA,NA,NA,NA,NA,NA,NA,NA
24d,Mund.7,24d.7,24d.40,NA,42,NA,Trawl mid-point,Coordinates were provided in reference 58c,28.13333333,-96,NA,NA,CDST,NA,NA,NA,NA,NA,NA,NA,NA,NA,NA,NA,NA,NA,NA,NA,NA,NA,NA,NA,NA,NA,NA,NA,NA,NA,NA,NA,NA,NA,NA,NA,NA,NA,NA,NA,NA
24d,Mund.7,24d.7,24d.41,NA,44,NA,Trawl mid-point,Coordinates were provided in reference 58c,28.05,-96.16666667,NA,NA,CDST,NA,NA,NA,NA,NA,NA,NA,NA,NA,NA,NA,NA,NA,NA,NA,NA,NA,NA,NA,NA,NA,NA,NA,NA,NA,NA,NA,NA,NA,NA,NA,NA,NA,NA,NA,NA
24d,Mund.7,24d.7,24d.42,NA,45,NA,Trawl mid-point,Coordinates were provided in reference 58c,28.03333333,-96.41666667,NA,NA,CDST,NA,NA,NA,NA,NA,NA,NA,NA,NA,NA,NA,NA,NA,NA,NA,NA,NA,NA,NA,NA,NA,NA,NA,NA,NA,NA,NA,NA,NA,NA,NA,NA,NA,NA,NA,NA
24d,Mund.7,24d.7,24d.43,NA,52,NA,Trawl mid-point,Coordinates were provided in reference 58c,27.80833333,-96.66666667,NA,NA,CDST,NA,NA,NA,NA,NA,NA,NA,NA,NA,NA,NA,NA,NA,NA,NA,NA,NA,NA,NA,NA,NA,NA,NA,NA,NA,NA,NA,NA,NA,NA,NA,NA,NA,NA,NA,NA
24d,Mund.7,24d.7,24d.44,NA,55,NA,Trawl mid-point,Coordinates were provided in reference 58c,27.73611111,-96.75,NA,NA,CDST,NA,NA,NA,NA,NA,NA,NA,NA,NA,NA,NA,NA,NA,NA,NA,NA,NA,NA,NA,NA,NA,NA,NA,NA,NA,NA,NA,NA,NA,NA,NA,NA,NA,NA,NA,NA
24d,Mund.7,24d.7,24d.45,NA,62,NA,Trawl mid-point,Coordinates were provided in reference 58c,27.51944444,-96.875,NA,NA,CDST,NA,NA,NA,NA,NA,NA,NA,NA,NA,NA,NA,NA,NA,NA,NA,NA,NA,NA,NA,NA,NA,NA,NA,NA,NA,NA,NA,NA,NA,NA,NA,NA,NA,NA,NA,NA
24d,Mund.7,24d.7,24d.46,NA,63,NA,Trawl mid-point,Coordinates were provided in reference 58c,27.475,-97,NA,NA,CDST,NA,NA,NA,NA,NA,NA,NA,NA,NA,NA,NA,NA,NA,NA,NA,NA,NA,NA,NA,NA,NA,NA,NA,NA,NA,NA,NA,NA,NA,NA,NA,NA,NA,NA,NA,NA
24d,Mund.7,24d.7,24d.47,NA,64,NA,Trawl mid-point,Coordinates were provided in reference 58c,27.46944444,-97,NA,NA,CDST,NA,NA,NA,NA,NA,NA,NA,NA,NA,NA,NA,NA,NA,NA,NA,NA,NA,NA,NA,NA,NA,NA,NA,NA,NA,NA,NA,NA,NA,NA,NA,NA,NA,NA,NA,NA
24d,Mund.7,24d.7,24d.48,NA,69,NA,Trawl mid-point,Coordinates were provided in reference 58c,27.29444444,-97.11666667,NA,NA,CDST,NA,NA,NA,NA,NA,NA,NA,NA,NA,NA,NA,NA,NA,NA,NA,NA,NA,NA,NA,NA,NA,NA,NA,NA,NA,NA,NA,NA,NA,NA,NA,NA,NA,NA,NA,NA
24d,Mund.7,24d.7,24d.49,NA,70,NA,Trawl mid-point,Coordinates were provided in reference 58c,27.30833333,-97.08333333,NA,NA,CDST,NA,NA,NA,NA,NA,NA,NA,NA,NA,NA,NA,NA,NA,NA,NA,NA,NA,NA,NA,NA,NA,NA,NA,NA,NA,NA,NA,NA,NA,NA,NA,NA,NA,NA,NA,NA
24d,Mund.7,24d.7,24d.50,NA,77,NA,Trawl mid-point,Coordinates were provided in reference 58c,26.98888889,-97.08333333,NA,NA,CDST,NA,NA,NA,NA,NA,NA,NA,NA,NA,NA,NA,NA,NA,NA,NA,NA,NA,NA,NA,NA,NA,NA,NA,NA,NA,NA,NA,NA,NA,NA,NA,NA,NA,NA,NA,NA
24d,Mund.7,24d.7,24d.51,NA,82,NA,Trawl mid-point,Coordinates were provided in reference 58c,26.78055556,-97.10833333,NA,NA,CDST,NA,NA,NA,NA,NA,NA,NA,NA,NA,NA,NA,NA,NA,NA,NA,NA,NA,NA,NA,NA,NA,NA,NA,NA,NA,NA,NA,NA,NA,NA,NA,NA,NA,NA,NA,NA
24d,Mund.7,24d.7,24d.52,NA,85,NA,Trawl mid-point,Coordinates were provided in reference 58c,26.49166667,-97.04166667,NA,NA,CDST,NA,NA,NA,NA,NA,NA,NA,NA,NA,NA,NA,NA,NA,NA,NA,NA,NA,NA,NA,NA,NA,NA,NA,NA,NA,NA,NA,NA,NA,NA,NA,NA,NA,NA,NA,NA
24d,Mund.7,24d.7,24d.53,NA,86,NA,Trawl mid-point,Coordinates were provided in reference 58c,26.46666667,-97.04166667,NA,NA,CDST,NA,NA,NA,NA,NA,NA,NA,NA,NA,NA,NA,NA,NA,NA,NA,NA,NA,NA,NA,NA,NA,NA,NA,NA,NA,NA,NA,NA,NA,NA,NA,NA,NA,NA,NA,NA
24d,Mund.7,24d.7,24d.54,NA,90,NA,Trawl mid-point,Coordinates were provided in reference 58c,26.24444444,-96.95,NA,NA,CDST,NA,NA,NA,NA,NA,NA,NA,NA,NA,NA,NA,NA,NA,NA,NA,NA,NA,NA,NA,NA,NA,NA,NA,NA,NA,NA,NA,NA,NA,NA,NA,NA,NA,NA,NA,NA
24d,Mund.7,24d.7,24d.55,NA,91,NA,Trawl mid-point,Coordinates were provided in reference 58c,26.32777778,-96.94166667,NA,NA,CDST,NA,NA,NA,NA,NA,NA,NA,NA,NA,NA,NA,NA,NA,NA,NA,NA,NA,NA,NA,NA,NA,NA,NA,NA,NA,NA,NA,NA,NA,NA,NA,NA,NA,NA,NA,NA
24d,Mund.7,24d.7,24d.56,NA,93,NA,Trawl mid-point,Coordinates were provided in reference 58c,26.175,-96.91666667,NA,NA,CDST,NA,NA,NA,NA,NA,NA,NA,NA,NA,NA,NA,NA,NA,NA,NA,NA,NA,NA,NA,NA,NA,NA,NA,NA,NA,NA,NA,NA,NA,NA,NA,NA,NA,NA,NA,NA
24d,Mund.7,24d.7,24d.57,NA,94,NA,Trawl mid-point,Coordinates were provided in reference 58c,26.13888889,-96.91666667,NA,NA,CDST,NA,NA,NA,NA,NA,NA,NA,NA,NA,NA,NA,NA,NA,NA,NA,NA,NA,NA,NA,NA,NA,NA,NA,NA,NA,NA,NA,NA,NA,NA,NA,NA,NA,NA,NA,NA
24d,Mund.7,24d.7,24d.58,NA,97,NA,Trawl mid-point,Coordinates were provided in reference 58c,26.01944444,-97,NA,NA,CDST,NA,NA,NA,NA,NA,NA,NA,NA,NA,NA,NA,NA,NA,NA,NA,NA,NA,NA,NA,NA,NA,NA,NA,NA,NA,NA,NA,NA,NA,NA,NA,NA,NA,NA,NA,NA
24d,Mund.7,24d.7,24d.59,NA,98,NA,Trawl mid-point,Coordinates were provided in reference 58c,26.04166667,-96.91666667,NA,NA,CDST,NA,NA,NA,NA,NA,NA,NA,NA,NA,NA,NA,NA,NA,NA,NA,NA,NA,NA,NA,NA,NA,NA,NA,NA,NA,NA,NA,NA,NA,NA,NA,NA,NA,NA,NA,NA
24d,Mund.7,24d.7,24d.60,NA,20,NA,Trawl mid-point,Coordinates were provided in reference 58c,28.48333333,-94.71388889,NA,NA,CDST,NA,NA,NA,NA,NA,NA,NA,NA,NA,NA,NA,NA,NA,NA,NA,NA,NA,NA,NA,NA,NA,NA,NA,NA,NA,NA,NA,NA,NA,NA,NA,NA,NA,NA,NA,NA
24d,Mund.7,24d.7,24d.61,NA,21,NA,Trawl mid-point,Coordinates were provided in reference 58c,28.33333333,-94.59444444,NA,NA,CDST,NA,NA,NA,NA,NA,NA,NA,NA,NA,NA,NA,NA,NA,NA,NA,NA,NA,NA,NA,NA,NA,NA,NA,NA,NA,NA,NA,NA,NA,NA,NA,NA,NA,NA,NA,NA
24d,Mund.7,24d.7,24d.62,NA,27,NA,Trawl mid-point,Coordinates were provided in reference 58c,28.275,-95.09166667,NA,NA,CDST,NA,NA,NA,NA,NA,NA,NA,NA,NA,NA,NA,NA,NA,NA,NA,NA,NA,NA,NA,NA,NA,NA,NA,NA,NA,NA,NA,NA,NA,NA,NA,NA,NA,NA,NA,NA
24d,Mund.7,24d.7,24d.63,NA,34,NA,Trawl mid-point,Coordinates were provided in reference 58c,28.11111111,-95.675,NA,NA,CDST,NA,NA,NA,NA,NA,NA,NA,NA,NA,NA,NA,NA,NA,NA,NA,NA,NA,NA,NA,NA,NA,NA,NA,NA,NA,NA,NA,NA,NA,NA,NA,NA,NA,NA,NA,NA
24d,Mund.7,24d.7,24d.64,NA,37,NA,Trawl mid-point,Coordinates were provided in reference 58c,28.07777778,-95.75,NA,NA,CDST,NA,NA,NA,NA,NA,NA,NA,NA,NA,NA,NA,NA,NA,NA,NA,NA,NA,NA,NA,NA,NA,NA,NA,NA,NA,NA,NA,NA,NA,NA,NA,NA,NA,NA,NA,NA
24d,Mund.7,24d.7,24d.65,NA,38,NA,Trawl mid-point,Coordinates were provided in reference 58c,28.11666667,-95.91666667,NA,NA,CDST,NA,NA,NA,NA,NA,NA,NA,NA,NA,NA,NA,NA,NA,NA,NA,NA,NA,NA,NA,NA,NA,NA,NA,NA,NA,NA,NA,NA,NA,NA,NA,NA,NA,NA,NA,NA
24d,Mund.7,24d.7,24d.66,NA,48,NA,Trawl mid-point,Coordinates were provided in reference 58c,27.95,-96.33333333,NA,NA,CDST,NA,NA,NA,NA,NA,NA,NA,NA,NA,NA,NA,NA,NA,NA,NA,NA,NA,NA,NA,NA,NA,NA,NA,NA,NA,NA,NA,NA,NA,NA,NA,NA,NA,NA,NA,NA
24d,Mund.7,24d.7,24d.67,NA,56,NA,Trawl mid-point,Coordinates were provided in reference 58c,27.71944444,-96.58333333,NA,NA,CDST,NA,NA,NA,NA,NA,NA,NA,NA,NA,NA,NA,NA,NA,NA,NA,NA,NA,NA,NA,NA,NA,NA,NA,NA,NA,NA,NA,NA,NA,NA,NA,NA,NA,NA,NA,NA
24d,Mund.7,24d.7,24d.68,NA,60,NA,Trawl mid-point,Coordinates were provided in reference 58c,27.59166667,-96.75,NA,NA,CDST,NA,NA,NA,NA,NA,NA,NA,NA,NA,NA,NA,NA,NA,NA,NA,NA,NA,NA,NA,NA,NA,NA,NA,NA,NA,NA,NA,NA,NA,NA,NA,NA,NA,NA,NA,NA
24d,Mund.7,24d.7,24d.69,NA,65,NA,Trawl mid-point,Coordinates were provided in reference 58c,27.42777778,-96.875,NA,NA,CDST,NA,NA,NA,NA,NA,NA,NA,NA,NA,NA,NA,NA,NA,NA,NA,NA,NA,NA,NA,NA,NA,NA,NA,NA,NA,NA,NA,NA,NA,NA,NA,NA,NA,NA,NA,NA
24d,Mund.7,24d.7,24d.70,NA,68,NA,Trawl mid-point,Coordinates were provided in reference 58c,27.38055556,-96.91666667,NA,NA,CDST,NA,NA,NA,NA,NA,NA,NA,NA,NA,NA,NA,NA,NA,NA,NA,NA,NA,NA,NA,NA,NA,NA,NA,NA,NA,NA,NA,NA,NA,NA,NA,NA,NA,NA,NA,NA
24d,Mund.7,24d.7,24d.71,NA,71,NA,Trawl mid-point,Coordinates were provided in reference 58c,27.33333333,-96.9375,NA,NA,CDST,NA,NA,NA,NA,NA,NA,NA,NA,NA,NA,NA,NA,NA,NA,NA,NA,NA,NA,NA,NA,NA,NA,NA,NA,NA,NA,NA,NA,NA,NA,NA,NA,NA,NA,NA,NA
24d,Mund.7,24d.7,24d.72,NA,83,NA,Trawl mid-point,Coordinates were provided in reference 58c,26.65277778,-96.94166667,NA,NA,CDST,NA,NA,NA,NA,NA,NA,NA,NA,NA,NA,NA,NA,NA,NA,NA,NA,NA,NA,NA,NA,NA,NA,NA,NA,NA,NA,NA,NA,NA,NA,NA,NA,NA,NA,NA,NA
24d,Mund.7,24d.7,24d.73,NA,87,NA,Trawl mid-point,Coordinates were provided in reference 58c,26.46111111,-96.94166667,NA,NA,CDST,NA,NA,NA,NA,NA,NA,NA,NA,NA,NA,NA,NA,NA,NA,NA,NA,NA,NA,NA,NA,NA,NA,NA,NA,NA,NA,NA,NA,NA,NA,NA,NA,NA,NA,NA,NA
24d,Mund.7,24d.7,24d.74,NA,95,NA,Trawl mid-point,Coordinates were provided in reference 58c,26.11388889,-96.89166667,NA,NA,CDST,NA,NA,NA,NA,NA,NA,NA,NA,NA,NA,NA,NA,NA,NA,NA,NA,NA,NA,NA,NA,NA,NA,NA,NA,NA,NA,NA,NA,NA,NA,NA,NA,NA,NA,NA,NA
24d,Mund.7,24d.7,24d.75,NA,4,NA,Trawl mid-point,Coordinates were provided in reference 58c,28.4,-93.94166667,NA,NA,CDST,NA,NA,NA,NA,NA,NA,NA,NA,NA,NA,NA,NA,NA,NA,NA,NA,NA,NA,NA,NA,NA,NA,NA,NA,NA,NA,NA,NA,NA,NA,NA,NA,NA,NA,NA,NA
24d,Mund.7,24d.7,24d.76,NA,9,NA,Trawl mid-point,Coordinates were provided in reference 58c,28.38333333,-94.18333333,NA,NA,CDST,NA,NA,NA,NA,NA,NA,NA,NA,NA,NA,NA,NA,NA,NA,NA,NA,NA,NA,NA,NA,NA,NA,NA,NA,NA,NA,NA,NA,NA,NA,NA,NA,NA,NA,NA,NA
24d,Mund.7,24d.7,24d.77,NA,16,NA,Trawl mid-point,Coordinates were provided in reference 58c,28.36944444,-94.45,NA,NA,CDST,NA,NA,NA,NA,NA,NA,NA,NA,NA,NA,NA,NA,NA,NA,NA,NA,NA,NA,NA,NA,NA,NA,NA,NA,NA,NA,NA,NA,NA,NA,NA,NA,NA,NA,NA,NA
24d,Mund.7,24d.7,24d.78,NA,49,NA,Trawl mid-point,Coordinates were provided in reference 58c,27.91666667,-96.08333333,NA,NA,CDST,NA,NA,NA,NA,NA,NA,NA,NA,NA,NA,NA,NA,NA,NA,NA,NA,NA,NA,NA,NA,NA,NA,NA,NA,NA,NA,NA,NA,NA,NA,NA,NA,NA,NA,NA,NA
24d,Mund.7,24d.7,24d.79,NA,53,NA,Trawl mid-point,Coordinates were provided in reference 58c,27.77777778,-96.5,NA,NA,CDST,NA,NA,NA,NA,NA,NA,NA,NA,NA,NA,NA,NA,NA,NA,NA,NA,NA,NA,NA,NA,NA,NA,NA,NA,NA,NA,NA,NA,NA,NA,NA,NA,NA,NA,NA,NA
24d,Mund.7,24d.7,24d.80,NA,88,NA,Trawl mid-point,Coordinates were provided in reference 58c,26.55555556,-96.75,NA,NA,CDST,NA,NA,NA,NA,NA,NA,NA,NA,NA,NA,NA,NA,NA,NA,NA,NA,NA,NA,NA,NA,NA,NA,NA,NA,NA,NA,NA,NA,NA,NA,NA,NA,NA,NA,NA,NA
24d,Mund.7,24d.7,24d.81,NA,6,NA,Trawl mid-point,Coordinates were provided in reference 58c,28.18333333,-94.03611111,NA,NA,CDST,NA,NA,NA,NA,NA,NA,NA,NA,NA,NA,NA,NA,NA,NA,NA,NA,NA,NA,NA,NA,NA,NA,NA,NA,NA,NA,NA,NA,NA,NA,NA,NA,NA,NA,NA,NA
24d,Mund.7,24d.7,24d.82,NA,10,NA,Trawl mid-point,Coordinates were provided in reference 58c,28.21666667,-94.18333333,NA,NA,CDST,NA,NA,NA,NA,NA,NA,NA,NA,NA,NA,NA,NA,NA,NA,NA,NA,NA,NA,NA,NA,NA,NA,NA,NA,NA,NA,NA,NA,NA,NA,NA,NA,NA,NA,NA,NA
24d,Mund.7,24d.7,24d.83,NA,25,NA,Trawl mid-point,Coordinates were provided in reference 58c,28.09444444,-94.80555556,NA,NA,CDST,NA,NA,NA,NA,NA,NA,NA,NA,NA,NA,NA,NA,NA,NA,NA,NA,NA,NA,NA,NA,NA,NA,NA,NA,NA,NA,NA,NA,NA,NA,NA,NA,NA,NA,NA,NA
24d,Mund.7,24d.7,24d.84,NA,101,NA,Trawl mid-point,Coordinates were provided in reference 58c,28.05,-94.8,NA,NA,CDST,NA,NA,NA,NA,NA,NA,NA,NA,NA,NA,NA,NA,NA,NA,NA,NA,NA,NA,NA,NA,NA,NA,NA,NA,NA,NA,NA,NA,NA,NA,NA,NA,NA,NA,NA,NA
24d,Mund.7,24d.7,24d.85,NA,103,NA,Trawl mid-point,Coordinates were provided in reference 58c,27.83333333,-96.09166667,NA,NA,CDST,NA,NA,NA,NA,NA,NA,NA,NA,NA,NA,NA,NA,NA,NA,NA,NA,NA,NA,NA,NA,NA,NA,NA,NA,NA,NA,NA,NA,NA,NA,NA,NA,NA,NA,NA,NA
24d,Mund.7,24d.7,24d.86,NA,105,NA,Trawl mid-point,Coordinates were provided in reference 58c,27.51666667,-96.58333333,NA,NA,CDST,NA,NA,NA,NA,NA,NA,NA,NA,NA,NA,NA,NA,NA,NA,NA,NA,NA,NA,NA,NA,NA,NA,NA,NA,NA,NA,NA,NA,NA,NA,NA,NA,NA,NA,NA,NA
24d,Mund.7,24d.7,24d.87,NA,107,NA,Trawl mid-point,Coordinates were provided in reference 58c,26.50833333,-96.68333333,NA,NA,CDST,NA,NA,NA,NA,NA,NA,NA,NA,NA,NA,NA,NA,NA,NA,NA,NA,NA,NA,NA,NA,NA,NA,NA,NA,NA,NA,NA,NA,NA,NA,NA,NA,NA,NA,NA,NA
24d,Mund.7,24d.7,24d.88,NA,102,NA,Trawl mid-point,Coordinates were provided in reference 58c,28,-94.8,NA,NA,CDST,NA,NA,NA,NA,NA,NA,NA,NA,NA,NA,NA,NA,NA,NA,NA,NA,NA,NA,NA,NA,NA,NA,NA,NA,NA,NA,NA,NA,NA,NA,NA,NA,NA,NA,NA,NA
24d,Mund.7,24d.7,24d.89,NA,104,NA,Trawl mid-point,Coordinates were provided in reference 58c,27.73333333,-96.06666667,NA,NA,CDST,NA,NA,NA,NA,NA,NA,NA,NA,NA,NA,NA,NA,NA,NA,NA,NA,NA,NA,NA,NA,NA,NA,NA,NA,NA,NA,NA,NA,NA,NA,NA,NA,NA,NA,NA,NA
24d,Mund.7,24d.7,24d.90,NA,106,NA,Trawl mid-point,Coordinates were provided in reference 58c,27.46666667,-96.48333333,NA,NA,CDST,NA,NA,NA,NA,NA,NA,NA,NA,NA,NA,NA,NA,NA,NA,NA,NA,NA,NA,NA,NA,NA,NA,NA,NA,NA,NA,NA,NA,NA,NA,NA,NA,NA,NA,NA,NA
24d,Mund.7,24d.7,24d.91,NA,108,NA,Trawl mid-point,Coordinates were provided in reference 58c,26.625,-96.61666667,NA,NA,CDST,NA,NA,NA,NA,NA,NA,NA,NA,NA,NA,NA,NA,NA,NA,NA,NA,NA,NA,NA,NA,NA,NA,NA,NA,NA,NA,NA,NA,NA,NA,NA,NA,NA,NA,NA,NA
16r,Mund.1,16r.1,16r.1,NA,26,NA,Trawl mid-point,Extracted from map provided with the reference.,27.99493513,-96.81354474,NA,NA,CDST,NA,NA,NA,NA,NA,NA,NA,NA,NA,NA,NA,NA,NA,NA,NA,NA,NA,NA,NA,NA,NA,NA,NA,NA,NA,NA,NA,NA,NA,NA,NA,NA,NA,NA,NA,NA
16r,Mund.1,16r.1,16r.2,NA,27,NA,Trawl mid-point,Extracted from map provided with the reference.,28.25797487,-96.40304334,NA,NA,CDST,NA,NA,NA,NA,NA,NA,NA,NA,NA,NA,NA,NA,NA,NA,NA,NA,NA,NA,NA,NA,NA,NA,NA,NA,NA,NA,NA,NA,NA,NA,NA,NA,NA,NA,NA,NA
16r,Mund.1,16r.2,16r.3,NA,31,NA,Trawl mid-point,Extracted from map provided with the reference.,29.27157909,-94.59031004,NA,NA,CDST,NA,NA,NA,NA,NA,NA,NA,NA,NA,NA,NA,NA,NA,NA,NA,NA,NA,NA,NA,NA,NA,NA,NA,NA,NA,NA,NA,NA,NA,NA,NA,NA,NA,NA,NA,NA
16r,Mund.1,16r.3,16r.4,NA,34,NA,Trawl mid-point,Extracted from map provided with the reference.,29.51339179,-93.18279929,NA,NA,CDST,NA,NA,NA,NA,NA,NA,NA,NA,NA,NA,NA,NA,NA,NA,NA,NA,NA,NA,NA,NA,NA,NA,NA,NA,NA,NA,NA,NA,NA,NA,NA,NA,NA,NA,NA,NA
16r,Mund.1,16r.4,16r.5,NA,85,NA,Trawl mid-point,Extracted from map provided with the reference.,29.15868669,-89.87088987,NA,NA,CDST,NA,NA,NA,NA,NA,NA,NA,NA,NA,NA,NA,NA,NA,NA,NA,NA,NA,NA,NA,NA,NA,NA,NA,NA,NA,NA,NA,NA,NA,NA,NA,NA,NA,NA,NA,NA
16r,Mund.1,16r.5,16r.6,NA,93,NA,Trawl mid-point,Extracted from map provided with the reference.,29.03115228,-89.09372701,NA,NA,CDST,NA,NA,NA,NA,NA,NA,NA,NA,NA,NA,NA,NA,NA,NA,NA,NA,NA,NA,NA,NA,NA,NA,NA,NA,NA,NA,NA,NA,NA,NA,NA,NA,NA,NA,NA,NA
16r,Mund.1,16r.5,16r.7,NA,97,NA,Trawl mid-point,Extracted from map provided with the reference.,29.13875944,-88.95423624,NA,NA,CDST,NA,NA,NA,NA,NA,NA,NA,NA,NA,NA,NA,NA,NA,NA,NA,NA,NA,NA,NA,NA,NA,NA,NA,NA,NA,NA,NA,NA,NA,NA,NA,NA,NA,NA,NA,NA
16r,Mund.1,16r.6,16r.8,NA,109,NA,Trawl mid-point,Extracted from map provided with the reference.,30.13910753,-88.87452723,NA,NA,CDST,NA,NA,NA,NA,NA,NA,NA,NA,NA,NA,NA,NA,NA,NA,NA,NA,NA,NA,NA,NA,NA,NA,NA,NA,NA,NA,NA,NA,NA,NA,NA,NA,NA,NA,NA,NA
16r,Mund.1,16r.6,16r.9,NA,111,NA,Trawl mid-point,Extracted from map provided with the reference.,29.79635878,-88.83068728,NA,NA,CDST,NA,NA,NA,NA,NA,NA,NA,NA,NA,NA,NA,NA,NA,NA,NA,NA,NA,NA,NA,NA,NA,NA,NA,NA,NA,NA,NA,NA,NA,NA,NA,NA,NA,NA,NA,NA
16r,Mund.2,16r.7,16r.2,NA,26,NA,Trawl mid-point,Extracted from map provided with the reference.,27.99493513,-96.81354474,NA,NA,CDST,NA,NA,NA,NA,NA,NA,NA,NA,NA,NA,NA,NA,NA,NA,NA,NA,NA,NA,NA,NA,NA,NA,NA,NA,NA,NA,NA,NA,NA,NA,NA,NA,NA,NA,NA,NA
16r,Mund.2,16r.7,16r.3,NA,27,NA,Trawl mid-point,Extracted from map provided with the reference.,28.25797487,-96.40304334,NA,NA,CDST,NA,NA,NA,NA,NA,NA,NA,NA,NA,NA,NA,NA,NA,NA,NA,NA,NA,NA,NA,NA,NA,NA,NA,NA,NA,NA,NA,NA,NA,NA,NA,NA,NA,NA,NA,NA
16r,Mund.2,16r.8,16r.4,NA,31,NA,Trawl mid-point,Extracted from map provided with the reference.,29.27157909,-94.59031004,NA,NA,CDST,NA,NA,NA,NA,NA,NA,NA,NA,NA,NA,NA,NA,NA,NA,NA,NA,NA,NA,NA,NA,NA,NA,NA,NA,NA,NA,NA,NA,NA,NA,NA,NA,NA,NA,NA,NA
16r,Mund.2,16r.9,16r.5,NA,34,NA,Trawl mid-point,Extracted from map provided with the reference.,29.51339179,-93.18279929,NA,NA,CDST,NA,NA,NA,NA,NA,NA,NA,NA,NA,NA,NA,NA,NA,NA,NA,NA,NA,NA,NA,NA,NA,NA,NA,NA,NA,NA,NA,NA,NA,NA,NA,NA,NA,NA,NA,NA
16r,Mund.2,16r.10,16r.6,NA,85,NA,Trawl mid-point,Extracted from map provided with the reference.,29.15868669,-89.87088987,NA,NA,CDST,NA,NA,NA,NA,NA,NA,NA,NA,NA,NA,NA,NA,NA,NA,NA,NA,NA,NA,NA,NA,NA,NA,NA,NA,NA,NA,NA,NA,NA,NA,NA,NA,NA,NA,NA,NA
16r,Mund.2,16r.11,16r.7,NA,93,NA,Trawl mid-point,Extracted from map provided with the reference.,29.03115228,-89.09372701,NA,NA,CDST,NA,NA,NA,NA,NA,NA,NA,NA,NA,NA,NA,NA,NA,NA,NA,NA,NA,NA,NA,NA,NA,NA,NA,NA,NA,NA,NA,NA,NA,NA,NA,NA,NA,NA,NA,NA
16r,Mund.2,16r.11,16r.8,NA,97,NA,Trawl mid-point,Extracted from map provided with the reference.,29.13875944,-88.95423624,NA,NA,CDST,NA,NA,NA,NA,NA,NA,NA,NA,NA,NA,NA,NA,NA,NA,NA,NA,NA,NA,NA,NA,NA,NA,NA,NA,NA,NA,NA,NA,NA,NA,NA,NA,NA,NA,NA,NA
16r,Mund.2,16r.12,16r.9,NA,109,NA,Trawl mid-point,Extracted from map provided with the reference.,30.13910753,-88.87452723,NA,NA,CDST,NA,NA,NA,NA,NA,NA,NA,NA,NA,NA,NA,NA,NA,NA,NA,NA,NA,NA,NA,NA,NA,NA,NA,NA,NA,NA,NA,NA,NA,NA,NA,NA,NA,NA,NA,NA
16r,Mund.2,16r.12,16r.10,NA,111,NA,Trawl mid-point,Extracted from map provided with the reference.,29.79635878,-88.83068728,NA,NA,CDST,NA,NA,NA,NA,NA,NA,NA,NA,NA,NA,NA,NA,NA,NA,NA,NA,NA,NA,NA,NA,NA,NA,NA,NA,NA,NA,NA,NA,NA,NA,NA,NA,NA,NA,NA,NA
16r,Mund.3,16r.13,16r.1,NA,26,NA,Trawl mid-point,Extracted from map provided with the reference.,27.99493513,-96.81354474,NA,NA,CDST,NA,NA,NA,NA,NA,NA,NA,NA,NA,NA,NA,NA,NA,NA,NA,NA,NA,NA,NA,NA,NA,NA,NA,NA,NA,NA,NA,NA,NA,NA,NA,NA,NA,NA,NA,NA
16r,Mund.3,16r.13,16r.2,NA,27,NA,Trawl mid-point,Extracted from map provided with the reference.,28.25797487,-96.40304334,NA,NA,CDST,NA,NA,NA,NA,NA,NA,NA,NA,NA,NA,NA,NA,NA,NA,NA,NA,NA,NA,NA,NA,NA,NA,NA,NA,NA,NA,NA,NA,NA,NA,NA,NA,NA,NA,NA,NA
16r,Mund.3,16r.14,16r.3,NA,31,NA,Trawl mid-point,Extracted from map provided with the reference.,29.27157909,-94.59031004,NA,NA,CDST,NA,NA,NA,NA,NA,NA,NA,NA,NA,NA,NA,NA,NA,NA,NA,NA,NA,NA,NA,NA,NA,NA,NA,NA,NA,NA,NA,NA,NA,NA,NA,NA,NA,NA,NA,NA
16r,Mund.3,16r.15,16r.4,NA,34,NA,Trawl mid-point,Extracted from map provided with the reference.,29.51339179,-93.18279929,NA,NA,CDST,NA,NA,NA,NA,NA,NA,NA,NA,NA,NA,NA,NA,NA,NA,NA,NA,NA,NA,NA,NA,NA,NA,NA,NA,NA,NA,NA,NA,NA,NA,NA,NA,NA,NA,NA,NA
16r,Mund.3,16r.16,16r.5,NA,85,NA,Trawl mid-point,Extracted from map provided with the reference.,29.15868669,-89.87088987,NA,NA,CDST,NA,NA,NA,NA,NA,NA,NA,NA,NA,NA,NA,NA,NA,NA,NA,NA,NA,NA,NA,NA,NA,NA,NA,NA,NA,NA,NA,NA,NA,NA,NA,NA,NA,NA,NA,NA
16r,Mund.3,16r.17,16r.6,NA,93,NA,Trawl mid-point,Extracted from map provided with the reference.,29.03115228,-89.09372701,NA,NA,CDST,NA,NA,NA,NA,NA,NA,NA,NA,NA,NA,NA,NA,NA,NA,NA,NA,NA,NA,NA,NA,NA,NA,NA,NA,NA,NA,NA,NA,NA,NA,NA,NA,NA,NA,NA,NA
16r,Mund.3,16r.17,16r.7,NA,97,NA,Trawl mid-point,Extracted from map provided with the reference.,29.13875944,-88.95423624,NA,NA,CDST,NA,NA,NA,NA,NA,NA,NA,NA,NA,NA,NA,NA,NA,NA,NA,NA,NA,NA,NA,NA,NA,NA,NA,NA,NA,NA,NA,NA,NA,NA,NA,NA,NA,NA,NA,NA
16r,Mund.3,16r.18,16r.8,NA,109,NA,Trawl mid-point,Extracted from map provided with the reference.,30.13910753,-88.87452723,NA,NA,CDST,NA,NA,NA,NA,NA,NA,NA,NA,NA,NA,NA,NA,NA,NA,NA,NA,NA,NA,NA,NA,NA,NA,NA,NA,NA,NA,NA,NA,NA,NA,NA,NA,NA,NA,NA,NA
16r,Mund.3,16r.18,16r.9,NA,111,NA,Trawl mid-point,Extracted from map provided with the reference.,29.79635878,-88.83068728,NA,NA,CDST,NA,NA,NA,NA,NA,NA,NA,NA,NA,NA,NA,NA,NA,NA,NA,NA,NA,NA,NA,NA,NA,NA,NA,NA,NA,NA,NA,NA,NA,NA,NA,NA,NA,NA,NA,NA
16r,Mund.4,16r.19,16r.1,NA,26,NA,Trawl mid-point,Extracted from map provided with the reference.,27.99493513,-96.81354474,NA,NA,CDST,NA,NA,NA,NA,NA,NA,NA,NA,NA,NA,NA,NA,NA,NA,NA,NA,NA,NA,NA,NA,NA,NA,NA,NA,NA,NA,NA,NA,NA,NA,NA,NA,NA,NA,NA,NA
16r,Mund.4,16r.19,16r.2,NA,27,NA,Trawl mid-point,Extracted from map provided with the reference.,28.25797487,-96.40304334,NA,NA,CDST,NA,NA,NA,NA,NA,NA,NA,NA,NA,NA,NA,NA,NA,NA,NA,NA,NA,NA,NA,NA,NA,NA,NA,NA,NA,NA,NA,NA,NA,NA,NA,NA,NA,NA,NA,NA
16r,Mund.4,16r.20,16r.3,NA,31,NA,Trawl mid-point,Extracted from map provided with the reference.,29.27157909,-94.59031004,NA,NA,CDST,NA,NA,NA,NA,NA,NA,NA,NA,NA,NA,NA,NA,NA,NA,NA,NA,NA,NA,NA,NA,NA,NA,NA,NA,NA,NA,NA,NA,NA,NA,NA,NA,NA,NA,NA,NA
16r,Mund.4,16r.21,16r.4,NA,34,NA,Trawl mid-point,Extracted from map provided with the reference.,29.51339179,-93.18279929,NA,NA,CDST,NA,NA,NA,NA,NA,NA,NA,NA,NA,NA,NA,NA,NA,NA,NA,NA,NA,NA,NA,NA,NA,NA,NA,NA,NA,NA,NA,NA,NA,NA,NA,NA,NA,NA,NA,NA
16r,Mund.4,16r.22,16r.5,NA,85,NA,Trawl mid-point,Extracted from map provided with the reference.,29.15868669,-89.87088987,NA,NA,CDST,NA,NA,NA,NA,NA,NA,NA,NA,NA,NA,NA,NA,NA,NA,NA,NA,NA,NA,NA,NA,NA,NA,NA,NA,NA,NA,NA,NA,NA,NA,NA,NA,NA,NA,NA,NA
16r,Mund.4,16r.23,16r.6,NA,93,NA,Trawl mid-point,Extracted from map provided with the reference.,29.03115228,-89.09372701,NA,NA,CDST,NA,NA,NA,NA,NA,NA,NA,NA,NA,NA,NA,NA,NA,NA,NA,NA,NA,NA,NA,NA,NA,NA,NA,NA,NA,NA,NA,NA,NA,NA,NA,NA,NA,NA,NA,NA
16r,Mund.4,16r.23,16r.7,NA,97,NA,Trawl mid-point,Extracted from map provided with the reference.,29.13875944,-88.95423624,NA,NA,CDST,NA,NA,NA,NA,NA,NA,NA,NA,NA,NA,NA,NA,NA,NA,NA,NA,NA,NA,NA,NA,NA,NA,NA,NA,NA,NA,NA,NA,NA,NA,NA,NA,NA,NA,NA,NA
16r,Mund.4,16r.24,16r.8,NA,109,NA,Trawl mid-point,Extracted from map provided with the reference.,30.13910753,-88.87452723,NA,NA,CDST,NA,NA,NA,NA,NA,NA,NA,NA,NA,NA,NA,NA,NA,NA,NA,NA,NA,NA,NA,NA,NA,NA,NA,NA,NA,NA,NA,NA,NA,NA,NA,NA,NA,NA,NA,NA
16r,Mund.4,16r.24,16r.9,NA,111,NA,Trawl mid-point,Extracted from map provided with the reference.,29.79635878,-88.83068728,NA,NA,CDST,NA,NA,NA,NA,NA,NA,NA,NA,NA,NA,NA,NA,NA,NA,NA,NA,NA,NA,NA,NA,NA,NA,NA,NA,NA,NA,NA,NA,NA,NA,NA,NA,NA,NA,NA,NA
16r,Mund.5,16r.25,16r.1,NA,26,NA,Trawl mid-point,Extracted from map provided with the reference.,27.99493513,-96.81354474,NA,NA,CDST,NA,NA,NA,NA,NA,NA,NA,NA,NA,NA,NA,NA,NA,NA,NA,NA,NA,NA,NA,NA,NA,NA,NA,NA,NA,NA,NA,NA,NA,NA,NA,NA,NA,NA,NA,NA
16r,Mund.5,16r.25,16r.2,NA,27,NA,Trawl mid-point,Extracted from map provided with the reference.,28.25797487,-96.40304334,NA,NA,CDST,NA,NA,NA,NA,NA,NA,NA,NA,NA,NA,NA,NA,NA,NA,NA,NA,NA,NA,NA,NA,NA,NA,NA,NA,NA,NA,NA,NA,NA,NA,NA,NA,NA,NA,NA,NA
16r,Mund.5,16r.26,16r.3,NA,31,NA,Trawl mid-point,Extracted from map provided with the reference.,29.27157909,-94.59031004,NA,NA,CDST,NA,NA,NA,NA,NA,NA,NA,NA,NA,NA,NA,NA,NA,NA,NA,NA,NA,NA,NA,NA,NA,NA,NA,NA,NA,NA,NA,NA,NA,NA,NA,NA,NA,NA,NA,NA
16r,Mund.6,16r.27,16r.1,NA,34,NA,Trawl mid-point,Extracted from map provided with the reference.,29.51339179,-93.18279929,NA,NA,CDST,NA,NA,NA,NA,NA,NA,NA,NA,NA,NA,NA,NA,NA,NA,NA,NA,NA,NA,NA,NA,NA,NA,NA,NA,NA,NA,NA,NA,NA,NA,NA,NA,NA,NA,NA,NA
16r,Mund.7,16r.28,16r.1,NA,85,NA,Trawl mid-point,Extracted from map provided with the reference.,29.15868669,-89.87088987,NA,NA,CDST,NA,NA,NA,NA,NA,NA,NA,NA,NA,NA,NA,NA,NA,NA,NA,NA,NA,NA,NA,NA,NA,NA,NA,NA,NA,NA,NA,NA,NA,NA,NA,NA,NA,NA,NA,NA
16r,Mund.7,16r.29,16r.2,NA,93,NA,Trawl mid-point,Extracted from map provided with the reference.,29.03115228,-89.09372701,NA,NA,CDST,NA,NA,NA,NA,NA,NA,NA,NA,NA,NA,NA,NA,NA,NA,NA,NA,NA,NA,NA,NA,NA,NA,NA,NA,NA,NA,NA,NA,NA,NA,NA,NA,NA,NA,NA,NA
16r,Mund.7,16r.29,16r.3,NA,97,NA,Trawl mid-point,Extracted from map provided with the reference.,29.13875944,-88.95423624,NA,NA,CDST,NA,NA,NA,NA,NA,NA,NA,NA,NA,NA,NA,NA,NA,NA,NA,NA,NA,NA,NA,NA,NA,NA,NA,NA,NA,NA,NA,NA,NA,NA,NA,NA,NA,NA,NA,NA
16r,Mund.8,16r.30,16r.1,NA,109,NA,Trawl mid-point,Extracted from map provided with the reference.,30.13910753,-88.87452723,NA,NA,CDST,NA,NA,NA,NA,NA,NA,NA,NA,NA,NA,NA,NA,NA,NA,NA,NA,NA,NA,NA,NA,NA,NA,NA,NA,NA,NA,NA,NA,NA,NA,NA,NA,NA,NA,NA,NA
16r,Mund.8,16r.30,16r.2,NA,111,NA,Trawl mid-point,Extracted from map provided with the reference.,29.79635878,-88.83068728,NA,NA,CDST,NA,NA,NA,NA,NA,NA,NA,NA,NA,NA,NA,NA,NA,NA,NA,NA,NA,NA,NA,NA,NA,NA,NA,NA,NA,NA,NA,NA,NA,NA,NA,NA,NA,NA,NA,NA
