REF_ID,PRED_ID,DATA_AGGR_CODE,PRED_SCI_NAME,TOT_PRED_STOM_EXAM,TOT_W_FD,PCT_W_FD,TOT_WO_FD,PCT_WO_FD,PRED_DEN,SEX,SEX_RATIO,LIFE_HIST_STAGE,LEN_TYPE,MIN_LEN,MAX_LEN,MN_LEN,MIN_AGE,MAX_AGE,MN_AGE,MIN_WT,MAX_WT,MN_WT,TOT_WT,BIOMASS_DEN,STOM_PCT_FULL,STOM_COND_INDEX,TOT_FD_BIOMASS,TOT_FD_VOL,TOT_FD_CAT,TOT_FD_ CAT_W_CNT_DATA,TOT_FD_ITEMS_IN_CAT_W_CNT_DATA,PREDATOR_NOTES,POP _TOT_PRED,POP_PRED_DEN,POP_SEX_RATIO,POP_LIFE_HIST_STAGE,POP_LEN_TYPE,POP_MIN_LEN,POP_MAX_LEN,POP_MN_LEN,POP_MIN_AGE,POP_MAX_AGE,POP_MN_AGE,POP_MIN_WT,POP_MAX_WT,POP_MN_WT,POP_TOT_WT,POP_BIOMASS_DEN
10k,Scav.1,CAG,Scomberomorus cavalla,327,NA,NA,NA,NA,NA,NA,NA,NA,NA,NA,NA,NA,NA,NA,NA,NA,NA,NA,NA,NA,NA,NA,NA,NA,6,0,NA,NA,541,NA,NA,NA,NA,NA,NA,NA,NA,NA,NA,NA,NA,NA,NA,NA
11r,Scav.1,CAG,Scomberomorus cavalla,64,NA,NA,NA,NA,NA,NA,NA,NA,NA,NA,NA,NA,NA,NA,NA,NA,NA,NA,NA,NA,NA,NA,NA,NA,1,1,2,NA,NA,NA,NA,NA,NA,NA,NA,NA,NA,NA,NA,NA,NA,NA,NA,NA
11v,Scav.1,CAG,Scomberomorus cavalla,NA,NA,NA,NA,NA,NA,NA,NA,A,NA,600,1320,960,NA,NA,NA,1814.37,17690.10,9752.24,NA,NA,NA,NA,NA,NA,1,0,NA,NA,107,NA,NA,NA,NA,NA,NA,NA,NA,NA,NA,NA,NA,NA,NA,NA
12r,Cchr.1,CAG,Chloroscombrus chrysurus,2,NA,NA,NA,NA,NA,NA,NA,NA,NA,NA,NA,NA,NA,NA,NA,NA,NA,NA,NA,NA,NA,NA,NA,NA,2,0,NA,NA,NA,NA,NA,NA,NA,NA,NA,NA,NA,NA,NA,NA,NA,NA,NA,NA
14a,Cchr.1,CAG,Chloroscombrus chrysurus,NA,NA,NA,NA,NA,NA,NA,NA,NA,NA,NA,NA,NA,NA,NA,NA,NA,NA,NA,NA,NA,NA,NA,NA,NA,2,0,NA,NA,NA,NA,NA,NA,NA,NA,NA,NA,NA,NA,NA,NA,NA,NA,NA,NA
15s,Cchr.1,SIZSEA,Chloroscombrus chrysurus,28,3,0.1000,25,0.9000,NA,NA,NA,Lprf,SL,1.60,2.90,2.25,NA,NA,NA,NA,NA,NA,NA,NA,NA,NA,NA,NA,2,1,NA,NA,NA,NA,NA,NA,NA,NA,NA,NA,NA,NA,NA,NA,NA,NA,NA,NA
15s,Cchr.10,SIZSEA,Chloroscombrus chrysurus,23,6,0.2600,17,0.7400,NA,NA,NA,Lprf,SL,1.76,2.91,2.335,NA,NA,NA,NA,NA,NA,NA,NA,NA,NA,NA,NA,4,3,181,NA,NA,NA,NA,NA,NA,NA,NA,NA,NA,NA,NA,NA,NA,NA,NA,NA
15s,Cchr.11,SIZSEA,Chloroscombrus chrysurus,23,18,0.7800,5,0.2200,NA,NA,NA,Lf,SL,3.09,4.00,3.545,NA,NA,NA,NA,NA,NA,NA,NA,NA,NA,NA,NA,8,7,3,NA,NA,NA,NA,NA,NA,NA,NA,NA,NA,NA,NA,NA,NA,NA,NA,NA
15s,Cchr.12,SIZSEA,Chloroscombrus chrysurus,20,17,0.8500,3,0.1500,NA,NA,NA,Lpof,SL,4.03,7.94,5.985,NA,NA,NA,NA,NA,NA,NA,NA,NA,NA,NA,NA,6,5,88,NA,NA,NA,NA,NA,NA,NA,NA,NA,NA,NA,NA,NA,NA,NA,NA,NA
15s,Cchr.2,SIZSEA,Chloroscombrus chrysurus,17,8,0.4700,9,0.5300,NA,NA,NA,Lf,SL,3.04,3.96,3.5,NA,NA,NA,NA,NA,NA,NA,NA,NA,NA,NA,NA,3,2,1,NA,NA,NA,NA,NA,NA,NA,NA,NA,NA,NA,NA,NA,NA,NA,NA,NA
15s,Cchr.3,SIZSEA,Chloroscombrus chrysurus,9,4,0.4400,5,0.5600,NA,NA,NA,Lpof,SL,4.12,6.64,5.38,NA,NA,NA,NA,NA,NA,NA,NA,NA,NA,NA,NA,4,3,5,NA,NA,NA,NA,NA,NA,NA,NA,NA,NA,NA,NA,NA,NA,NA,NA,NA
15s,Cchr.4,SIZSEA,Chloroscombrus chrysurus,59,21,0.3600,38,0.6400,NA,NA,NA,Lprf,SL,1.30,3.00,2.15,NA,NA,NA,NA,NA,NA,NA,NA,NA,NA,NA,NA,7,5,10,NA,NA,NA,NA,NA,NA,NA,NA,NA,NA,NA,NA,NA,NA,NA,NA,NA
15s,Cchr.5,SIZSEA,Chloroscombrus chrysurus,22,20,0.9100,2,0.0900,NA,NA,NA,Lf,SL,3.10,4.00,3.55,NA,NA,NA,NA,NA,NA,NA,NA,NA,NA,NA,NA,4,3,16,NA,NA,NA,NA,NA,NA,NA,NA,NA,NA,NA,NA,NA,NA,NA,NA,NA
15s,Cchr.6,SIZSEA,Chloroscombrus chrysurus,44,42,0.9500,2,0.0500,NA,NA,NA,Lpof,SL,4.10,8.07,6.085,NA,NA,NA,NA,NA,NA,NA,NA,NA,NA,NA,NA,7,6,57,NA,NA,NA,NA,NA,NA,NA,NA,NA,NA,NA,NA,NA,NA,NA,NA,NA
15s,Cchr.7,SIZSEA,Chloroscombrus chrysurus,17,2,0.1200,15,0.8800,NA,NA,NA,Lprf,SL,1.60,2.87,2.235,NA,NA,NA,NA,NA,NA,NA,NA,NA,NA,NA,NA,2,1,264,NA,NA,NA,NA,NA,NA,NA,NA,NA,NA,NA,NA,NA,NA,NA,NA,NA
15s,Cchr.8,SIZSEA,Chloroscombrus chrysurus,4,2,0.5000,2,0.5000,NA,NA,NA,Lf,SL,3.02,3.82,3.42,NA,NA,NA,NA,NA,NA,NA,NA,NA,NA,NA,NA,4,3,1,NA,NA,NA,NA,NA,NA,NA,NA,NA,NA,NA,NA,NA,NA,NA,NA,NA
15s,Cchr.9,SIZSEA,Chloroscombrus chrysurus,31,18,0.5800,13,0.4200,NA,NA,NA,Lpof,SL,4.03,6.90,5.465,NA,NA,NA,NA,NA,NA,NA,NA,NA,NA,NA,NA,6,6,4,NA,NA,NA,NA,NA,NA,NA,NA,NA,NA,NA,NA,NA,NA,NA,NA,NA
17t,Cchr.1,CAG,Chloroscombrus chrysurus,NA,NA,NA,NA,NA,NA,NA,NA,NA,NA,NA,NA,NA,NA,NA,NA,NA,NA,NA,NA,NA,NA,NA,NA,NA,8,0,NA,NA,51,NA,NA,NA,NA,NA,NA,NA,NA,NA,NA,NA,NA,NA,NA,NA
17t,Cchr.2,SEATIM,Chloroscombrus chrysurus,NA,NA,NA,NA,NA,NA,NA,NA,NA,NA,NA,NA,NA,NA,NA,NA,NA,NA,NA,NA,NA,NA,NA,NA,NA,10,0,NA,NA,6,NA,NA,NA,NA,NA,NA,NA,NA,NA,NA,NA,NA,NA,NA,NA
17t,Cchr.3,SEATIM,Chloroscombrus chrysurus,NA,NA,NA,NA,NA,NA,NA,NA,NA,NA,NA,NA,NA,NA,NA,NA,NA,NA,NA,NA,NA,NA,NA,NA,NA,6,0,NA,NA,4,NA,NA,NA,NA,NA,NA,NA,NA,NA,NA,NA,NA,NA,NA,NA
17t,Cchr.4,SEATIM,Chloroscombrus chrysurus,NA,NA,NA,NA,NA,NA,NA,NA,NA,NA,NA,NA,NA,NA,NA,NA,NA,NA,NA,NA,NA,NA,NA,NA,NA,12,0,NA,NA,38,NA,NA,NA,NA,NA,NA,NA,NA,NA,NA,NA,NA,NA,NA,NA
17t,Cchr.5,SEATIM,Chloroscombrus chrysurus,NA,NA,NA,NA,NA,NA,NA,NA,NA,NA,NA,NA,NA,NA,NA,NA,NA,NA,NA,NA,NA,NA,NA,NA,NA,12,0,NA,NA,3,NA,NA,NA,NA,NA,NA,NA,NA,NA,NA,NA,NA,NA,NA,NA
19l,Saur.1,CAG,Clupanodon pseudo-hispanicus,NA,NA,NA,NA,NA,NA,NA,NA,NA,NA,NA,NA,NA,NA,NA,NA,NA,NA,NA,NA,NA,NA,NA,NA,NA,1,0,NA,NA,33,NA,NA,NA,NA,NA,NA,NA,NA,NA,NA,NA,NA,NA,NA,NA
1p,Cchr.1,SEA,Chloroscombrus chrysurus,16,16,1.0000,0,0.0000,NA,NA,NA,NA,NA,NA,NA,NA,NA,NA,NA,NA,NA,NA,NA,NA,NA,NA,NA,NA,1,0,NA,NA,NA,NA,NA,NA,NA,NA,NA,NA,NA,NA,NA,NA,NA,NA,NA,NA
1p,Cchr.2,SEA,Chloroscombrus chrysurus,1,1,1.0000,0,0.0000,NA,NA,NA,NA,NA,NA,NA,NA,NA,NA,NA,NA,NA,NA,NA,NA,NA,NA,NA,NA,1,0,NA,NA,NA,NA,NA,NA,NA,NA,NA,NA,NA,NA,NA,NA,NA,NA,NA,NA
24d,Saur.1,CAG,Sardinella anchovia,7,1,0.1400,6,0.8600,NA,NA,NA,A,SL,173,186,177.43,NA,NA,NA,NA,NA,91.46,NA,NA,NA,NA,NA,NA,1,0,NA,NA,NA,NA,NA,NA,NA,NA,NA,NA,NA,NA,NA,NA,NA,NA,NA,NA
24d,Saur.1,CAG,Sardinella anchovia,7,1,0.1400,6,0.8600,NA,NA,NA,A,SL,173,186,177.43,NA,NA,NA,NA,NA,91.46,NA,NA,NA,NA,NA,NA,1,0,NA,NA,NA,NA,NA,NA,NA,NA,NA,NA,NA,NA,NA,NA,NA,NA,NA,NA
24d,Dpun.1,CAG,Decapterus punctatus,20,3,0.1500,17,0.8500,NA,NA,NA,A,SL,133,170,151,NA,NA,NA,NA,NA,NA,NA,NA,NA,NA,NA,NA,1,0,NA,NA,NA,NA,NA,NA,NA,NA,NA,NA,NA,NA,NA,NA,NA,NA,NA,NA
24d,Dpun.1,CAG,Decapterus punctatus,20,3,0.1500,17,0.8500,NA,NA,NA,A,SL,133,170,151,NA,NA,NA,NA,NA,NA,NA,NA,NA,NA,NA,NA,1,0,NA,NA,NA,NA,NA,NA,NA,NA,NA,NA,NA,NA,NA,NA,NA,NA,NA,NA
25s,Cchr.1,CAG,Chloroscombrus chrysurus,1,1,1.0000,0,0.0000,NA,NA,NA,A,SL,NA,NA,185,NA,NA,NA,NA,NA,NA,NA,NA,NA,NA,NA,NA,2,1,1,NA,NA,NA,NA,NA,NA,NA,NA,NA,NA,NA,NA,NA,NA,NA,NA,NA
2p,Cchr.1,CAG,Chloroscombrus chrysurus,NA,NA,NA,NA,NA,0.00139,NA,NA,NA,SL,35,41,38,NA,NA,NA,NA,NA,NA,NA,0.00097,NA,NA,NA,NA,1,0,NA,NA,NA,NA,NA,NA,NA,NA,NA,NA,NA,NA,NA,NA,NA,NA,NA,NA
30l,Dpun.1,CAG,Decapterus punctatus,NA,NA,NA,NA,NA,NA,NA,NA,NA,NA,NA,NA,NA,NA,NA,NA,NA,NA,NA,NA,NA,NA,NA,NA,NA,1,0,NA,NA,NA,NA,NA,NA,NA,NA,NA,NA,NA,NA,NA,NA,NA,NA,NA,NA
40c,Scav.1,CAG,Scomberomorus cavalla,NA,NA,NA,NA,NA,NA,NA,NA,A,TL,860,1040,950,NA,NA,NA,NA,NA,NA,NA,NA,NA,NA,NA,NA,1,1,2,NA,NA,NA,NA,NA,NA,NA,NA,NA,NA,NA,NA,NA,NA,NA,NA,NA
41b,Scav.1,RAW,Scomberomorus cavalla,1,1,1.0000,0,0.0000,NA,NA,NA,A,NA,NA,NA,NA,NA,NA,NA,NA,NA,NA,NA,NA,NA,NA,NA,NA,3,0,NA,NA,7,NA,1.33,NA,NA,4535.9237,9071.8474,6803.88555,NA,NA,NA,NA,NA,NA,NA,NA
41b,Scav.2,RAW,Scomberomorus cavalla,1,1,1.0000,0,0.0000,NA,NA,NA,A,NA,NA,NA,NA,NA,NA,NA,NA,NA,NA,NA,NA,NA,NA,NA,NA,3,0,NA,NA,7,NA,1.33,NA,NA,4535.9237,9071.8474,6803.88555,NA,NA,NA,NA,NA,NA,NA,NA
41b,Scav.3,RAW,Scomberomorus cavalla,1,1,1.0000,0,0.0000,NA,NA,NA,A,NA,NA, ,NA,NA,NA,NA,NA,NA,NA,NA,NA,NA,NA,NA,NA,1,1,1,NA,NA,NA,NA,NA,NA,NA,NA,NA,NA,NA,NA,NA,NA,NA,NA,NA
46m,Scav.1,CAG,Scomberomorus cavalla,115,NA,NA,NA,NA,NA,NA,NA,NA,NA,NA,NA,NA,NA,NA,NA,NA,NA,NA,NA,NA,NA,NA,NA,NA,15,15,134,NA,NA,NA,NA,NA,NA,NA,NA,NA,NA,NA,NA,NA,NA,NA,NA,NA
58m,Cchr.1,SEA,Chloroscombrus chrysurus,60,NA,NA,NA,NA,NA,NA,NA,NA,NA,90,140,115,NA,NA,NA,NA,NA,NA,1740,NA,NA,NA,NA,NA,4,0,NA,NA,NA,NA,NA,NA,NA,NA,NA,NA,NA,NA,NA,NA,NA,NA,NA,NA
58m,Cchr.2,SEA,Chloroscombrus chrysurus,24,NA,NA,NA,NA,NA,NA,NA,NA,NA,NA,NA,NA,NA,NA,NA,NA,NA,NA,715.2,NA,NA,NA,NA,NA,3,0,NA,NA,NA,NA,NA,NA,NA,NA,NA,NA,NA,NA,NA,NA,NA,NA,NA,NA
58m,Cchr.3,SIZ,Chloroscombrus chrysurus,17,NA,NA,NA,NA,NA,NA,NA,NA,NA,NA,NA,90,NA,NA,NA,NA,NA,NA,NA,NA,NA,NA,NA,NA,4,0,NA,NA,NA,NA,NA,NA,NA,NA,NA,NA,NA,NA,NA,NA,NA,NA,NA,NA
58m,Cchr.4,SIZ,Chloroscombrus chrysurus,14,NA,NA,NA,NA,NA,NA,NA,NA,NA,NA,NA,100,NA,NA,NA,NA,NA,NA,NA,NA,NA,NA,NA,NA,4,0,NA,NA,NA,NA,NA,NA,NA,NA,NA,NA,NA,NA,NA,NA,NA,NA,NA,NA
58m,Cchr.5,SIZ,Chloroscombrus chrysurus,16,NA,NA,NA,NA,NA,NA,NA,NA,NA,NA,NA,120,NA,NA,NA,NA,NA,NA,NA,NA,NA,NA,NA,NA,4,0,NA,NA,NA,NA,NA,NA,NA,NA,NA,NA,NA,NA,NA,NA,NA,NA,NA,NA
58m,Cchr.6,SIZ,Chloroscombrus chrysurus,12,NA,NA,NA,NA,NA,NA,NA,NA,NA,NA,NA,130,NA,NA,NA,NA,NA,NA,NA,NA,NA,NA,NA,NA,4,0,NA,NA,NA,NA,NA,NA,NA,NA,NA,NA,NA,NA,NA,NA,NA,NA,NA,NA
58m,Cchr.7,SIZ,Chloroscombrus chrysurus,8,NA,NA,NA,NA,NA,NA,NA,NA,NA,NA,NA,140,NA,NA,NA,NA,NA,NA,NA,NA,NA,NA,NA,NA,2,0,NA,NA,NA,NA,NA,NA,NA,NA,NA,NA,NA,NA,NA,NA,NA,NA,NA,NA
5k,Scav.1,CAG,Scomberomorus cavalla,1881,1341,0.7130,540,0.2870,NA,NA,NA,NA,NA,NA,NA,NA,NA,NA,NA,NA,NA,NA,NA,NA,NA,NA,NA,NA,23,23,2112,NA,NA,NA,NA,NA,NA,NA,NA,NA,NA,NA,NA,NA,NA,NA,NA,NA
6p,Scav.1,SEA,Scomberomorus cavalla,5,NA,NA,NA,NA,NA,NA,NA,NA,NA,NA,NA,NA,NA,NA,NA,NA,NA,NA,1449.2,NA,NA,NA,NA,NA,2,0,NA,NA,6,NA,NA,NA,NA,NA,NA,NA,NA,NA,NA,NA,NA,NA,NA,NA
6p,Scav.2,SEA,Scomberomorus cavalla,3,NA,NA,NA,NA,NA,NA,NA,NA,NA,NA,NA,NA,NA,NA,NA,NA,NA,NA,193.2,NA,NA,NA,NA,NA,3,0,NA,NA,3,NA,NA,NA,NA,NA,NA,NA,NA,NA,NA,NA,NA,NA,NA,NA
6p,Scav.3,SEA,Scomberomorus cavalla,2,NA,NA,NA,NA,NA,NA,NA,NA,NA,NA,NA,NA,NA,NA,NA,NA,NA,NA,122,NA,NA,NA,NA,NA,2,0,NA,NA,2,NA,NA,NA,NA,NA,NA,NA,NA,NA,NA,NA,NA,NA,NA,NA
6p,Scav.4,SEA,Scomberomorus cavalla,2,NA,NA,NA,NA,NA,NA,NA,NA,NA,NA,NA,NA,NA,NA,NA,NA,NA,NA,540,NA,NA,NA,NA,NA,1,0,NA,NA,2,NA,NA,NA,NA,NA,NA,NA,NA,NA,NA,NA,NA,NA,NA,NA
6p,Scav.5,SEA,Scomberomorus cavalla,7,NA,NA,NA,NA,NA,NA,NA,NA,NA,NA,NA,NA,NA,NA,NA,NA,NA,NA,1518.6,NA,NA,NA,NA,NA,2,0,NA,NA,29,NA,NA,NA,NA,NA,NA,NA,NA,NA,NA,NA,NA,NA,NA,NA
6s,Scav.1,LOC,Scomberomorus cavalla,1472,518,0.3519,954,0.6481,NA,NA,NA,NA,NA,NA,NA,NA,NA,NA,NA,NA,NA,NA,NA,NA,NA,NA,NA,NA,31,0,NA,NA,NA,NA,NA,NA,NA,NA,NA,NA,NA,NA,NA,NA,NA,NA,NA,NA
6s,Scav.2,LOC,Scomberomorus cavalla,3778,2784,0.7369,994,0.2631,NA,NA,NA,NA,NA,NA,NA,NA,NA,NA,NA,NA,NA,NA,NA,NA,NA,NA,NA,NA,46,0,NA,NA,NA,NA,NA,NA,NA,NA,NA,NA,NA,NA,NA,NA,NA,NA,NA,NA
6s,Scav.3,LOC,Scomberomorus cavalla,1007,707,0.7021,300,0.2979,NA,NA,NA,NA,NA,NA,NA,NA,NA,NA,NA,NA,NA,NA,NA,NA,NA,NA,NA,NA,48,0,NA,NA,NA,NA,NA,NA,NA,NA,NA,NA,NA,NA,NA,NA,NA,NA,NA,NA
6s,Scav.4,LOC,Scomberomorus cavalla,1508,1052,0.6976,456,0.3024,NA,NA,NA,NA,NA,NA,NA,NA,NA,NA,NA,NA,NA,NA,NA,NA,NA,NA,NA,NA,58,0,NA,NA,NA,NA,NA,NA,NA,NA,NA,NA,NA,NA,NA,NA,NA,NA,NA,NA
6v,Saur.1,CAG,Sardinella anchovia,95,NA,NA,NA,NA,11.61,NA,NA,J,SL,NA,NA,32.32,NA,NA,NA,NA,NA,NA,NA,0.32,NA,NA,NA,NA,19,0,NA,NA,NA,NA,NA,NA,NA,NA,NA,NA,NA,NA,NA,NA,NA,NA,NA,NA
6y,Saur.1,SEA,Sardinella aurita,9,NA,NA,NA,NA,NA,NA,NA,NA,NA,NA,NA,NA,NA,NA,NA,NA,NA,NA,NA,NA,NA,NA,NA,NA,4,0,NA,NA,NA,NA,NA,NA,NA,NA,NA,NA,NA,NA,NA,NA,NA,NA,NA,NA
6y,Saur.2,SEA,Sardinella aurita,157,NA,NA,NA,NA,NA,NA,NA,NA,NA,NA,NA,NA,NA,NA,NA,NA,NA,NA,NA,NA,NA,NA,NA,NA,7,0,NA,NA,NA,NA,NA,NA,NA,NA,NA,NA,NA,NA,NA,NA,NA,NA,NA,NA
8f,Scav.1,SIZ,Scomberomorus cavalla,95,90,0.9474,5,0.0526,NA,NA,NA,L/PL,SL,2.9,13.2,6.5,NA,NA,NA,NA,NA,NA,NA,NA,NA,NA,NA,NA,12,0,NA,NA,NA,NA,NA,NA,NA,NA,NA,NA,NA,NA,NA,NA,NA,NA,NA,NA
8f,Scav.2,SIZ,Scomberomorus cavalla,489,178,0.3640,311,0.6360,NA,NA,NA,J,FL,9,42,23.5,NA,NA,NA,NA,NA,NA,NA,NA,NA,NA,NA,119.63,5,5,195,NA,NA,NA,NA,NA,NA,NA,NA,NA,NA,NA,NA,NA,NA,NA,NA,NA
33f,Cchr.1,RAW,Chloroscombrus chryurus,1,1,1,0,0,NA,NA,NA,NA,FL,NA,NA,105,NA,NA,NA,NA,NA,NA,NA,NA,NA,1,NA,0.012566,1,1,1,NA,NA,NA,NA,NA,NA,NA,NA,NA,NA,NA,NA,NA,NA,NA,NA,NA
33f,Cchr.2,RAW,Chloroscombrus chryurus,1,1,1,0,0,NA,NA,NA,NA,FL,NA,NA,126,NA,NA,NA,NA,NA,NA,NA,NA,NA,3,NA,0.028931,6,6,11,NA,NA,NA,NA,NA,NA,NA,NA,NA,NA,NA,NA,NA,NA,NA,NA,NA
33f,Cchr.3,RAW,Chloroscombrus chryurus,1,1,1,0,0,NA,NA,NA,NA,FL,NA,NA,104,NA,NA,NA,NA,NA,NA,NA,NA,NA,2,NA,0.002513,1,1,1,NA,NA,NA,NA,NA,NA,NA,NA,NA,NA,NA,NA,NA,NA,NA,NA,NA
33f,Cchr.4,RAW,Chloroscombrus chryurus,1,1,1,0,0,NA,NA,NA,NA,FL,NA,NA,165,NA,NA,NA,NA,NA,NA,NA,NA,NA,3,NA,0.053337,4,0,NA,NA,NA,NA,NA,NA,NA,NA,NA,NA,NA,NA,NA,NA,NA,NA,NA,NA
33f,Cchr.5,RAW,Chloroscombrus chryurus,1,1,1,0,0,NA,NA,NA,NA,FL,NA,NA,148,NA,NA,NA,NA,NA,NA,NA,NA,NA,2,NA,0.004350,3,3,176,NA,NA,NA,NA,NA,NA,NA,NA,NA,NA,NA,NA,NA,NA,NA,NA,NA
33f,Cchr.6,RAW,Chloroscombrus chryurus,1,1,1,0,0,NA,NA,NA,NA,FL,NA,NA,178,NA,NA,NA,NA,NA,NA,NA,NA,NA,2,NA,0.083791,6,5,209,NA,NA,NA,NA,NA,NA,NA,NA,NA,NA,NA,NA,NA,NA,NA,NA,NA
33f,Cchr.7,RAW,Chloroscombrus chryurus,1,1,1,0,0,NA,F,NA,NA,SL,NA,NA,131,NA,NA,NA,NA,NA,NA,NA,NA,NA,1,NA,0.038907,9,8,20,NA,NA,NA,NA,NA,NA,NA,NA,NA,NA,NA,NA,NA,NA,NA,NA,NA
33f,Cchr.8,RAW,Chloroscombrus chryurus,1,1,1,0,0,NA,NA,NA,NA,SL,NA,NA,138,NA,NA,NA,NA,NA,NA,NA,NA,NA,2,NA,0.000196,3,0,NA,NA,NA,NA,NA,NA,NA,NA,NA,NA,NA,NA,NA,NA,NA,NA,NA,NA
33f,Cchr.9,RAW,Chloroscombrus chryurus,1,1,1,0,0,NA,F,NA,NA,SL,NA,NA,127,NA,NA,NA,NA,NA,NA,NA,NA,NA,2,NA,0.008112,2,1,3,NA,NA,NA,NA,NA,NA,NA,NA,NA,NA,NA,NA,NA,NA,NA,NA,NA
33f,Cchr.10,RAW,Chloroscombrus chryurus,1,1,1,0,0,NA,M,NA,NA,SL,NA,NA,122,NA,NA,NA,NA,NA,NA,NA,NA,NA,2,NA,0.012723,1,0,NA,NA,NA,NA,NA,NA,NA,NA,NA,NA,NA,NA,NA,NA,NA,NA,NA,NA
33f,Cchr.11,RAW,Chloroscombrus chryurus,1,1,1,0,0,NA,M,NA,NA,SL,NA,NA,145,NA,NA,NA,NA,NA,NA,NA,NA,NA,2,NA,0.001414,1,0,NA,NA,NA,NA,NA,NA,NA,NA,NA,NA,NA,NA,NA,NA,NA,NA,NA,NA
33f,Cchr.12,RAW,Chloroscombrus chryurus,1,1,1,0,0,NA,F,NA,NA,SL,NA,NA,149,NA,NA,NA,NA,NA,NA,NA,NA,NA,2,NA,0.003518,3,2,20,NA,NA,NA,NA,NA,NA,NA,NA,NA,NA,NA,NA,NA,NA,NA,NA,NA
33f,Cchr.13,RAW,Chloroscombrus chryurus,1,1,1,0,0,NA,NA,NA,NA,SL,NA,NA,126,NA,NA,NA,NA,NA,NA,NA,NA,NA,1,NA,0.000039,1,0,NA,NA,NA,NA,NA,NA,NA,NA,NA,NA,NA,NA,NA,NA,NA,NA,NA,NA
33f,Cchr.14,RAW,Chloroscombrus chryurus,1,1,1,0,0,NA,NA,NA,NA,SL,NA,NA,133,NA,NA,NA,NA,NA,NA,NA,NA,NA,2,NA,0.010503,2,1,28,NA,NA,NA,NA,NA,NA,NA,NA,NA,NA,NA,NA,NA,NA,NA,NA,NA
33f,Cchr.15,RAW,Chloroscombrus chryurus,1,1,1,0,0,NA,NA,NA,NA,SL,NA,NA,131,NA,NA,NA,NA,NA,NA,NA,NA,NA,2,NA,0.024039,5,4,20,NA,NA,NA,NA,NA,NA,NA,NA,NA,NA,NA,NA,NA,NA,NA,NA,NA
33f,Cchr.16,RAW,Chloroscombrus chryurus,1,1,1,0,0,NA,M,NA,NA,SL,NA,NA,137,NA,NA,NA,NA,NA,NA,NA,NA,NA,2,NA,0.185205,2,1,72,NA,NA,NA,NA,NA,NA,NA,NA,NA,NA,NA,NA,NA,NA,NA,NA,NA
33f,Cchr.17,RAW,Chloroscombrus chryurus,1,1,1,0,0,NA,NA,NA,NA,SL,NA,NA,82,NA,NA,NA,NA,NA,NA,NA,NA,NA,2,NA,0.016244,5,4,7,NA,NA,NA,NA,NA,NA,NA,NA,NA,NA,NA,NA,NA,NA,NA,NA,NA
33f,Cchr.18,RAW,Chloroscombrus chryurus,1,1,1,0,0,NA,NA,NA,NA,SL,NA,NA,88,NA,NA,NA,NA,NA,NA,NA,NA,NA,2,NA,0.078484,5,4,86,NA,NA,NA,NA,NA,NA,NA,NA,NA,NA,NA,NA,NA,NA,NA,NA,NA
33f,Cchr.19,RAW,Chloroscombrus chryurus,1,1,1,0,0,NA,NA,NA,NA,SL,NA,NA,118,NA,NA,NA,NA,NA,NA,NA,NA,NA,2,NA,0.003927,1,0,NA,NA,NA,NA,NA,NA,NA,NA,NA,NA,NA,NA,NA,NA,NA,NA,NA,NA
33f,Cchr.20,RAW,Chloroscombrus chryurus,1,1,1,0,0,NA,M,NA,NA,SL,NA,NA,137,NA,NA,NA,NA,NA,NA,NA,NA,NA,2,NA,0.001414,1,0,NA,NA,NA,NA,NA,NA,NA,NA,NA,NA,NA,NA,NA,NA,NA,NA,NA,NA
33f,Cchr.21,RAW,Chloroscombrus chryurus,1,1,1,0,0,NA,NA,NA,NA,SL,NA,NA,124,NA,NA,NA,NA,NA,NA,NA,NA,NA,2,NA,0.007697,1,0,NA,NA,NA,NA,NA,NA,NA,NA,NA,NA,NA,NA,NA,NA,NA,NA,NA,NA
33f,Cchr.22,RAW,Chloroscombrus chryurus,1,1,1,0,0,NA,M,NA,NA,SL,NA,NA,122,NA,NA,NA,NA,NA,NA,NA,NA,NA,2,NA,0.010724,5,4,13,NA,NA,NA,NA,NA,NA,NA,NA,NA,NA,NA,NA,NA,NA,NA,NA,NA
33f,Cchr.23,RAW,Chloroscombrus chryurus,1,1,1,0,0,NA,F,NA,NA,SL,NA,NA,124,NA,NA,NA,NA,NA,NA,NA,NA,NA,2,NA,0.019822,2,1,3,NA,NA,NA,NA,NA,NA,NA,NA,NA,NA,NA,NA,NA,NA,NA,NA,NA
33f,Cchr.24,RAW,Chloroscombrus chryurus,1,1,1,0,0,NA,M,NA,NA,SL,NA,NA,127,NA,NA,NA,NA,NA,NA,NA,NA,NA,2,NA,0.022619,1,0,NA,NA,NA,NA,NA,NA,NA,NA,NA,NA,NA,NA,NA,NA,NA,NA,NA,NA
33f,Cchr.25,RAW,Chloroscombrus chryurus,1,1,1,0,0,NA,NA,NA,NA,SL,NA,NA,132,NA,NA,NA,NA,NA,NA,NA,NA,NA,2,NA,0.009936,3,2,11,NA,NA,NA,NA,NA,NA,NA,NA,NA,NA,NA,NA,NA,NA,NA,NA,NA
33f,Cchr.26,RAW,Chloroscombrus chryurus,1,1,1,0,0,NA,NA,NA,NA,SL,NA,NA,107,NA,NA,NA,NA,NA,NA,NA,NA,NA,2,NA,0.015737,2,1,1,NA,NA,NA,NA,NA,NA,NA,NA,NA,NA,NA,NA,NA,NA,NA,NA,NA
33f,Cchr.27,RAW,Chloroscombrus chryurus,1,1,1,0,0,NA,M,NA,NA,SL,NA,NA,137,NA,NA,NA,NA,NA,NA,NA,NA,NA,2,NA,0.009241,3,2,6,NA,NA,NA,NA,NA,NA,NA,NA,NA,NA,NA,NA,NA,NA,NA,NA,NA
33f,Cchr.28,RAW,Chloroscombrus chryurus,1,1,1,0,0,NA,F,NA,NA,SL,NA,NA,112,NA,NA,NA,NA,NA,NA,NA,NA,NA,2,NA,0.005694,2,1,1,NA,NA,NA,NA,NA,NA,NA,NA,NA,NA,NA,NA,NA,NA,NA,NA,NA
33f,Cchr.29,RAW,Chloroscombrus chryurus,1,1,1,0,0,NA,M,NA,NA,SL,NA,NA,138,NA,NA,NA,NA,NA,NA,NA,NA,NA,2,NA,0.003594,5,3,8,NA,NA,NA,NA,NA,NA,NA,NA,NA,NA,NA,NA,NA,NA,NA,NA,NA
33f,Cchr.30,RAW,Chloroscombrus chryurus,1,1,1,0,0,NA,NA,NA,NA,SL,NA,NA,97,NA,NA,NA,NA,NA,NA,NA,NA,NA,2,NA,0.011530,6,5,38,NA,NA,NA,NA,NA,NA,NA,NA,NA,NA,NA,NA,NA,NA,NA,NA,NA
33f,Cchr.31,RAW,Chloroscombrus chryurus,1,1,1,0,0,NA,NA,NA,NA,SL,NA,NA,102,NA,NA,NA,NA,NA,NA,NA,NA,NA,2,NA,0.022619,1,0,NA,NA,NA,NA,NA,NA,NA,NA,NA,NA,NA,NA,NA,NA,NA,NA,NA,NA
33f,Cchr.32,RAW,Chloroscombrus chryurus,1,1,1,0,0,NA,NA,NA,NA,SL,NA,NA,100,NA,NA,NA,NA,NA,NA,NA,NA,NA,3,NA,0.046100,4,2,2,NA,NA,NA,NA,NA,NA,NA,NA,NA,NA,NA,NA,NA,NA,NA,NA,NA
33f,Cchr.33,RAW,Chloroscombrus chryurus,1,0,0,1,1,NA,NA,NA,NA,SL,NA,NA,102,NA,NA,NA,NA,NA,NA,NA,NA,NA,0,NA,0.000000,0,NA,NA,NA,NA,NA,NA,NA,NA,NA,NA,NA,NA,NA,NA,NA,NA,NA,NA,NA
33f,Cchr.34,RAW,Chloroscombrus chryurus,1,1,1,0,0,NA,F,NA,NA,SL,NA,NA,130,NA,NA,NA,NA,NA,NA,NA,NA,NA,2,NA,0.000628,1,0,NA,NA,NA,NA,NA,NA,NA,NA,NA,NA,NA,NA,NA,NA,NA,NA,NA,NA
33f,Cchr.35,RAW,Chloroscombrus chryurus,1,1,1,0,0,NA,F,NA,NA,SL,NA,NA,158,NA,NA,NA,NA,NA,NA,NA,NA,NA,2,NA,0.009993,5,4,21,NA,NA,NA,NA,NA,NA,NA,NA,NA,NA,NA,NA,NA,NA,NA,NA,NA
33f,Cchr.36,RAW,Chloroscombrus chryurus,1,1,1,0,0,NA,M,NA,NA,SL,NA,NA,145,NA,NA,NA,NA,NA,NA,NA,NA,NA,2,NA,0.055477,7,6,61,NA,NA,NA,NA,NA,NA,NA,NA,NA,NA,NA,NA,NA,NA,NA,NA,NA
33f,Cchr.37,RAW,Chloroscombrus chryurus,1,1,1,0,0,NA,NA,NA,NA,SL,NA,NA,190,NA,NA,NA,NA,NA,NA,NA,NA,NA,1,NA,0.001645,2,1,1,NA,NA,NA,NA,NA,NA,NA,NA,NA,NA,NA,NA,NA,NA,NA,NA,NA
33f,Cchr.38,RAW,Chloroscombrus chryurus,1,1,1,0,0,NA,M,NA,NA,SL,NA,NA,135,NA,NA,NA,NA,NA,NA,NA,NA,NA,3,NA,0.096263,5,4,37,NA,NA,NA,NA,NA,NA,NA,NA,NA,NA,NA,NA,NA,NA,NA,NA,NA
33f,Cchr.39,RAW,Chloroscombrus chryurus,1,1,1,0,0,NA,F,NA,NA,SL,NA,NA,156,NA,NA,NA,NA,NA,NA,NA,NA,NA,2,NA,0.054970,3,2,8,NA,NA,NA,NA,NA,NA,NA,NA,NA,NA,NA,NA,NA,NA,NA,NA,NA
33f,Cchr.40,RAW,Chloroscombrus chryurus,1,1,1,0,0,NA,F,NA,NA,SL,NA,NA,133,NA,NA,NA,NA,NA,NA,NA,NA,NA,2,NA,0.004047,3,1,2,NA,NA,NA,NA,NA,NA,NA,NA,NA,NA,NA,NA,NA,NA,NA,NA,NA
33f,Cchr.41,RAW,Chloroscombrus chryurus,1,1,1,0,0,NA,NA,NA,NA,SL,NA,NA,131,NA,NA,NA,NA,NA,NA,NA,NA,NA,2,NA,0.002513,1,0,NA,NA,NA,NA,NA,NA,NA,NA,NA,NA,NA,NA,NA,NA,NA,NA,NA,NA
33f,Cchr.42,RAW,Chloroscombrus chryurus,1,1,1,0,0,NA,F,NA,NA,SL,NA,NA,140,NA,NA,NA,NA,NA,NA,NA,NA,NA,2,NA,0.004375,2,1,8,NA,NA,NA,NA,NA,NA,NA,NA,NA,NA,NA,NA,NA,NA,NA,NA,NA
33f,Cchr.43,RAW,Chloroscombrus chryurus,1,1,1,0,0,NA,NA,NA,NA,SL,NA,NA,124,NA,NA,NA,NA,NA,NA,NA,NA,NA,2,NA,0.124106,3,1,128,NA,NA,NA,NA,NA,NA,NA,NA,NA,NA,NA,NA,NA,NA,NA,NA,NA
33f,Cchr.44,RAW,Chloroscombrus chryurus,1,1,1,0,0,NA,F,NA,NA,SL,NA,NA,139,NA,NA,NA,NA,NA,NA,NA,NA,NA,3,NA,0.186718,7,6,113,NA,NA,NA,NA,NA,NA,NA,NA,NA,NA,NA,NA,NA,NA,NA,NA,NA
33f,Cchr.45,RAW,Chloroscombrus chryurus,1,1,1,0,0,NA,NA,NA,NA,SL,NA,NA,156,NA,NA,NA,NA,NA,NA,NA,NA,NA,0,NA,0.011301,3,2,7,NA,NA,NA,NA,NA,NA,NA,NA,NA,NA,NA,NA,NA,NA,NA,NA,NA
33f,Cchr.46,RAW,Chloroscombrus chryurus,1,1,1,0,0,NA,NA,NA,NA,SL,NA,NA,156,NA,NA,NA,NA,NA,NA,NA,NA,NA,1,NA,0.000861,3,1,1,NA,NA,NA,NA,NA,NA,NA,NA,NA,NA,NA,NA,NA,NA,NA,NA,NA
33f,Cchr.47,RAW,Chloroscombrus chryurus,1,0,0,1,1,NA,NA,NA,NA,SL,NA,NA,156,NA,NA,NA,NA,NA,NA,NA,NA,NA,0,NA,0.000000,0,NA,NA,NA,NA,NA,NA,NA,NA,NA,NA,NA,NA,NA,NA,NA,NA,NA,NA,NA
33f,Dpun.1,RAW,Decapterus punctatus,1,1,1,0,0,NA,NA,NA,NA,FL,NA,NA,172,NA,NA,NA,NA,NA,NA,NA,NA,NA,1,NA,0.000579,2,2,6,NA,NA,NA,NA,NA,NA,NA,NA,NA,NA,NA,NA,NA,NA,NA,NA,NA
33f,Dpun.2,RAW,Decapterus punctatus,1,1,1,0,0,NA,M,NA,NA,FL,NA,NA,140,NA,NA,NA,NA,NA,NA,NA,NA,NA,1,NA,0.005574,1,1,284,NA,NA,NA,NA,NA,NA,NA,NA,NA,NA,NA,NA,NA,NA,NA,NA,NA
33f,Dpun.3,RAW,Decapterus punctatus,1,1,1,0,0,NA,NA,NA,NA,FL,NA,NA,NA,NA,NA,NA,NA,NA,NA,NA,NA,NA,2,NA,0.020821,4,3,8,NA,NA,NA,NA,NA,NA,NA,NA,NA,NA,NA,NA,NA,NA,NA,NA,NA
33f,Dpun.4,RAW,Decapterus punctatus,1,1,1,0,0,NA,NA,NA,NA,FL,NA,NA,180,NA,NA,NA,NA,NA,NA,NA,NA,NA,2,NA,0.003022,4,3,58,NA,NA,NA,NA,NA,NA,NA,NA,NA,NA,NA,NA,NA,NA,NA,NA,NA
33f,Dpun.5,RAW,Decapterus punctatus,1,1,1,0,0,NA,F,NA,NA,FL,NA,NA,172,NA,NA,NA,NA,NA,NA,NA,NA,NA,3,NA,0.192343,9,7,92,NA,NA,NA,NA,NA,NA,NA,NA,NA,NA,NA,NA,NA,NA,NA,NA,NA
33f,Dpun.6,RAW,Decapterus punctatus,1,1,1,0,0,NA,M,NA,NA,FL,NA,NA,188,NA,NA,NA,NA,NA,NA,NA,NA,NA,3,NA,0.249997,2,1,506,NA,NA,NA,NA,NA,NA,NA,NA,NA,NA,NA,NA,NA,NA,NA,NA,NA
33f,Dpun.7,RAW,Decapterus punctatus,1,1,1,0,0,NA,NA,NA,NA,FL,NA,NA,148,NA,NA,NA,NA,NA,NA,NA,NA,NA,3,NA,0.028546,7,7,7,NA,NA,NA,NA,NA,NA,NA,NA,NA,NA,NA,NA,NA,NA,NA,NA,NA
33f,Dpun.8,RAW,Decapterus punctatus,1,1,1,0,0,NA,M,NA,NA,FL,NA,NA,185,NA,NA,NA,NA,NA,NA,NA,NA,NA,2,NA,0.050266,1,0,NA,NA,NA,NA,NA,NA,NA,NA,NA,NA,NA,NA,NA,NA,NA,NA,NA,NA
33f,Dpun.9,RAW,Decapterus punctatus,1,1,1,0,0,NA,NA,NA,NA,FL,NA,NA,192,NA,NA,NA,NA,NA,NA,NA,NA,NA,1,NA,0.000040,2,2,2,NA,NA,NA,NA,NA,NA,NA,NA,NA,NA,NA,NA,NA,NA,NA,NA,NA
33f,Dpun.10,RAW,Decapterus punctatus,1,1,1,0,0,NA,M,NA,NA,FL,NA,NA,198,NA,NA,NA,NA,NA,NA,NA,NA,NA,3,NA,0.130540,2,1,5,NA,NA,NA,NA,NA,NA,NA,NA,NA,NA,NA,NA,NA,NA,NA,NA,NA
33f,Dpun.11,RAW,Decapterus punctatus,1,1,1,0,0,NA,NA,NA,NA,FL,NA,NA,172,NA,NA,NA,NA,NA,NA,NA,NA,NA,2,NA,0.007419,6,4,13,NA,NA,NA,NA,NA,NA,NA,NA,NA,NA,NA,NA,NA,NA,NA,NA,NA
33f,Dpun.12,RAW,Decapterus punctatus,1,1,1,0,0,NA,NA,NA,NA,FL,NA,NA,175,NA,NA,NA,NA,NA,NA,NA,NA,NA,2,NA,0.042971,7,6,18,NA,NA,NA,NA,NA,NA,NA,NA,NA,NA,NA,NA,NA,NA,NA,NA,NA
33f,Dpun.13,RAW,Decapterus punctatus,1,1,1,0,0,NA,NA,NA,NA,FL,NA,NA,165,NA,NA,NA,NA,NA,NA,NA,NA,NA,2,NA,0.005974,3,3,7,NA,NA,NA,NA,NA,NA,NA,NA,NA,NA,NA,NA,NA,NA,NA,NA,NA
33f,Dpun.14,RAW,Decapterus punctatus,1,1,1,0,0,NA,NA,NA,NA,FL,NA,NA,180,NA,NA,NA,NA,NA,NA,NA,NA,NA,3,NA,0.038931,11,10,17,NA,NA,NA,NA,NA,NA,NA,NA,NA,NA,NA,NA,NA,NA,NA,NA,NA
33f,Dpun.15,RAW,Decapterus punctatus,1,1,1,0,0,NA,NA,NA,NA,FL,NA,NA,165,NA,NA,NA,NA,NA,NA,NA,NA,NA,3,NA,0.146724,13,12,568,NA,NA,NA,NA,NA,NA,NA,NA,NA,NA,NA,NA,NA,NA,NA,NA,NA
33f,Oogl.1,RAW,Opisthonema oglinum,1,1,1,0,0,NA,NA,NA,NA,FL,NA,NA,112,NA,NA,NA,NA,NA,NA,NA,NA,NA,3,NA,0.034086,14,13,518,NA,NA,NA,NA,NA,NA,NA,NA,NA,NA,NA,NA,NA,NA,NA,NA,NA
33f,Oogl.2,RAW,Opisthonema oglinum,1,1,1,0,0,NA,NA,NA,NA,FL,NA,NA,150,NA,NA,NA,NA,NA,NA,NA,NA,NA,2,NA,0.011908,10,10,1040,NA,NA,NA,NA,NA,NA,NA,NA,NA,NA,NA,NA,NA,NA,NA,NA,NA
33f,Oogl.3,RAW,Opisthonema oglinum,1,1,1,0,0,NA,M,NA,NA,FL,NA,NA,158,NA,NA,NA,NA,NA,NA,NA,NA,NA,3,NA,0.064201,12,11,543,NA,NA,NA,NA,NA,NA,NA,NA,NA,NA,NA,NA,NA,NA,NA,NA,NA
33f,Oogl.4,RAW,Opisthonema oglinum,1,1,1,0,0,NA,NA,NA,NA,FL,NA,NA,115,NA,NA,NA,NA,NA,NA,NA,NA,NA,3,NA,0.030408,13,12,418,NA,NA,NA,NA,NA,NA,NA,NA,NA,NA,NA,NA,NA,NA,NA,NA,NA
33f,Oogl.5,RAW,Opisthonema oglinum,1,1,1,0,0,NA,NA,NA,NA,FL,NA,NA,110,NA,NA,NA,NA,NA,NA,NA,NA,NA,3,NA,0.064598,18,17,310,NA,NA,NA,NA,NA,NA,NA,NA,NA,NA,NA,NA,NA,NA,NA,NA,NA
33f,Oogl.6,RAW,Opisthonema oglinum,1,1,1,0,0,NA,NA,NA,NA,FL,NA,NA,145,NA,NA,NA,NA,NA,NA,NA,NA,NA,3,NA,0.051000,19,18,565,NA,NA,NA,NA,NA,NA,NA,NA,NA,NA,NA,NA,NA,NA,NA,NA,NA
33f,Oogl.7,RAW,Opisthonema oglinum,1,1,1,0,0,NA,NA,NA,NA,FL,NA,NA,135,NA,NA,NA,NA,NA,NA,NA,NA,NA,3,NA,0.013094,5,5,205,NA,NA,NA,NA,NA,NA,NA,NA,NA,NA,NA,NA,NA,NA,NA,NA,NA
33f,Oogl.8,RAW,Opisthonema oglinum,1,1,1,0,0,NA,NA,NA,NA,FL,NA,NA,145,NA,NA,NA,NA,NA,NA,NA,NA,NA,3,NA,0.034634,9,9,478,NA,NA,NA,NA,NA,NA,NA,NA,NA,NA,NA,NA,NA,NA,NA,NA,NA
33f,Oogl.9,RAW,Opisthonema oglinum,1,1,1,0,0,NA,NA,NA,NA,FL,NA,NA,150,NA,NA,NA,NA,NA,NA,NA,NA,NA,2,NA,0.077322,9,8,343,NA,NA,NA,NA,NA,NA,NA,NA,NA,NA,NA,NA,NA,NA,NA,NA,NA
33f,Oogl.10,RAW,Opisthonema oglinum,1,1,1,0,0,NA,NA,NA,NA,FL,NA,NA,150,NA,NA,NA,NA,NA,NA,NA,NA,NA,3,NA,0.085848,10,9,793,NA,NA,NA,NA,NA,NA,NA,NA,NA,NA,NA,NA,NA,NA,NA,NA,NA
33f,Oogl.11,RAW,Opisthonema oglinum,1,1,1,0,0,NA,NA,NA,NA,FL,NA,NA,150,NA,NA,NA,NA,NA,NA,NA,NA,NA,3,NA,0.710441,16,15,781,NA,NA,NA,NA,NA,NA,NA,NA,NA,NA,NA,NA,NA,NA,NA,NA,NA
33f,Oogl.12,RAW,Opisthonema oglinum,1,1,1,0,0,NA,NA,NA,NA,FL,NA,NA,150,NA,NA,NA,NA,NA,NA,NA,NA,NA,4,NA,0.084148,6,5,168,NA,NA,NA,NA,NA,NA,NA,NA,NA,NA,NA,NA,NA,NA,NA,NA,NA
33f,Oogl.13,RAW,Opisthonema oglinum,1,1,1,0,0,NA,NA,NA,NA,FL,NA,NA,150,NA,NA,NA,NA,NA,NA,NA,NA,NA,3,NA,0.156848,11,10,448,NA,NA,NA,NA,NA,NA,NA,NA,NA,NA,NA,NA,NA,NA,NA,NA,NA
33f,Oogl.14,RAW,Opisthonema oglinum,1,1,1,0,0,NA,NA,NA,NA,SL,NA,NA,145,NA,NA,NA,NA,NA,NA,NA,NA,NA,3,NA,0.143602,19,18,609,NA,NA,NA,NA,NA,NA,NA,NA,NA,NA,NA,NA,NA,NA,NA,NA,NA
33f,Oogl.15,RAW,Opisthonema oglinum,1,1,1,0,0,NA,NA,NA,NA,SL,NA,NA,105,NA,NA,NA,NA,NA,NA,NA,NA,NA,2,NA,0.031610,13,12,91,NA,NA,NA,NA,NA,NA,NA,NA,NA,NA,NA,NA,NA,NA,NA,NA,NA
33f,Oogl.16,RAW,Opisthonema oglinum,1,1,1,0,0,NA,NA,NA,NA,SL,NA,NA,115,NA,NA,NA,NA,NA,NA,NA,NA,NA,2,NA,0.030318,10,9,117,NA,NA,NA,NA,NA,NA,NA,NA,NA,NA,NA,NA,NA,NA,NA,NA,NA
33f,Oogl.17,RAW,Opisthonema oglinum,1,1,1,0,0,NA,M,NA,NA,SL,NA,NA,135,NA,NA,NA,NA,NA,NA,NA,NA,NA,2,NA,0.114319,13,12,531,NA,NA,NA,NA,NA,NA,NA,NA,NA,NA,NA,NA,NA,NA,NA,NA,NA
33f,Oogl.18,RAW,Opisthonema oglinum,1,1,1,0,0,NA,F,NA,NA,SL,NA,NA,154,NA,NA,NA,NA,NA,NA,NA,NA,NA,3,NA,0.234419,25,24,1654,NA,NA,NA,NA,NA,NA,NA,NA,NA,NA,NA,NA,NA,NA,NA,NA,NA
33f,Oogl.19,RAW,Opisthonema oglinum,1,1,1,0,0,NA,M,NA,NA,SL,NA,NA,145,NA,NA,NA,NA,NA,NA,NA,NA,NA,2,NA,0.026751,14,13,263,NA,NA,NA,NA,NA,NA,NA,NA,NA,NA,NA,NA,NA,NA,NA,NA,NA
33f,Oogl.20,RAW,Opisthonema oglinum,1,1,1,0,0,NA,M,NA,NA,SL,NA,NA,146,NA,NA,NA,NA,NA,NA,NA,NA,NA,3,NA,0.143574,10,9,787,NA,NA,NA,NA,NA,NA,NA,NA,NA,NA,NA,NA,NA,NA,NA,NA,NA
33f,Oogl.21,RAW,Opisthonema oglinum,1,1,1,0,0,NA,M,NA,NA,SL,NA,NA,144,NA,NA,NA,NA,NA,NA,NA,NA,NA,1,NA,0.001695,5,4,19,NA,NA,NA,NA,NA,NA,NA,NA,NA,NA,NA,NA,NA,NA,NA,NA,NA
33f,Oogl.22,RAW,Opisthonema oglinum,1,1,1,0,0,NA,F,NA,NA,SL,NA,NA,139,NA,NA,NA,NA,NA,NA,NA,NA,NA,2,NA,0.023002,19,18,245,NA,NA,NA,NA,NA,NA,NA,NA,NA,NA,NA,NA,NA,NA,NA,NA,NA
33f,Oogl.23,RAW,Opisthonema oglinum,1,1,1,0,0,NA,M,NA,NA,SL,NA,NA,145,NA,NA,NA,NA,NA,NA,NA,NA,NA,1,NA,0.005375,14,13,98,NA,NA,NA,NA,NA,NA,NA,NA,NA,NA,NA,NA,NA,NA,NA,NA,NA
33f,Oogl.24,RAW,Opisthonema oglinum,1,1,1,0,0,NA,F,NA,NA,SL,NA,NA,157,NA,NA,NA,NA,NA,NA,NA,NA,NA,2,NA,0.010522,17,16,225,NA,NA,NA,NA,NA,NA,NA,NA,NA,NA,NA,NA,NA,NA,NA,NA,NA
33f,Oogl.25,RAW,Opisthonema oglinum,1,1,1,0,0,NA,M,NA,NA,SL,NA,NA,142,NA,NA,NA,NA,NA,NA,NA,NA,NA,2,NA,0.002760,16,15,125,NA,NA,NA,NA,NA,NA,NA,NA,NA,NA,NA,NA,NA,NA,NA,NA,NA
33f,Oogl.26,RAW,Opisthonema oglinum,1,1,1,0,0,NA,M,NA,NA,SL,NA,NA,138,NA,NA,NA,NA,NA,NA,NA,NA,NA,4,NA,0.065359,13,12,1862,NA,NA,NA,NA,NA,NA,NA,NA,NA,NA,NA,NA,NA,NA,NA,NA,NA
33f,Oogl.27,RAW,Opisthonema oglinum,1,1,1,0,0,NA,NA,NA,NA,SL,NA,NA,103,NA,NA,NA,NA,NA,NA,NA,NA,NA,3,NA,0.052795,15,14,1308,NA,NA,NA,NA,NA,NA,NA,NA,NA,NA,NA,NA,NA,NA,NA,NA,NA
33f,Oogl.28,RAW,Opisthonema oglinum,1,1,1,0,0,NA,M,NA,NA,SL,NA,NA,132,NA,NA,NA,NA,NA,NA,NA,NA,NA,2,NA,0.000665,15,14,71,NA,NA,NA,NA,NA,NA,NA,NA,NA,NA,NA,NA,NA,NA,NA,NA,NA
33f,Oogl.29,RAW,Opisthonema oglinum,1,1,1,0,0,NA,NA,NA,NA,SL,NA,NA,131,NA,NA,NA,NA,NA,NA,NA,NA,NA,2,NA,0.008565,18,17,718,NA,NA,NA,NA,NA,NA,NA,NA,NA,NA,NA,NA,NA,NA,NA,NA,NA
33f,Oogl.30,RAW,Opisthonema oglinum,1,1,1,0,0,NA,NA,NA,NA,SL,NA,NA,105,NA,NA,NA,NA,NA,NA,NA,NA,NA,3,NA,0.001736,23,22,265,NA,NA,NA,NA,NA,NA,NA,NA,NA,NA,NA,NA,NA,NA,NA,NA,NA
33f,Oogl.31,RAW,Opisthonema oglinum,1,1,1,0,0,NA,NA,NA,NA,SL,NA,NA,117,NA,NA,NA,NA,NA,NA,NA,NA,NA,3,NA,0.133271,14,13,734,NA,NA,NA,NA,NA,NA,NA,NA,NA,NA,NA,NA,NA,NA,NA,NA,NA
33f,Oogl.32,RAW,Opisthonema oglinum,1,1,1,0,0,NA,F,NA,NA,SL,NA,NA,150,NA,NA,NA,NA,NA,NA,NA,NA,NA,3,NA,0.020770,22,21,517,NA,NA,NA,NA,NA,NA,NA,NA,NA,NA,NA,NA,NA,NA,NA,NA,NA
33f,Saur.1,RAW,Sardinella aurita,1,1,1,0,0,NA,NA,NA,NA,FL,NA,NA,171,NA,NA,NA,NA,NA,NA,NA,NA,NA,1,NA,0.000194,5,5,24,NA,NA,NA,NA,NA,NA,NA,NA,NA,NA,NA,NA,NA,NA,NA,NA,NA
33f,Saur.2,RAW,Sardinella aurita,1,1,1,0,0,NA,NA,NA,NA,FL,NA,NA,162,NA,NA,NA,NA,NA,NA,NA,NA,NA,1,NA,0.000381,5,5,19,NA,NA,NA,NA,NA,NA,NA,NA,NA,NA,NA,NA,NA,NA,NA,NA,NA
33f,Saur.3,RAW,Sardinella aurita,1,1,1,0,0,NA,NA,NA,NA,FL,NA,NA,125,NA,NA,NA,NA,NA,NA,NA,NA,NA,2,NA,0.420125,6,5,34,NA,NA,NA,NA,NA,NA,NA,NA,NA,NA,NA,NA,NA,NA,NA,NA,NA
33f,Saur.4,RAW,Sardinella aurita,1,1,1,0,0,NA,NA,NA,NA,FL,NA,NA,162,NA,NA,NA,NA,NA,NA,NA,NA,NA,2,NA,0.003926,8,7,13,NA,NA,NA,NA,NA,NA,NA,NA,NA,NA,NA,NA,NA,NA,NA,NA,NA
33f,Saur.5,RAW,Sardinella aurita,1,1,1,0,0,NA,NA,NA,NA,FL,NA,NA,105,NA,NA,NA,NA,NA,NA,NA,NA,NA,3,NA,0.064749,9,8,135,NA,NA,NA,NA,NA,NA,NA,NA,NA,NA,NA,NA,NA,NA,NA,NA,NA
33f,Saur.6,RAW,Sardinella aurita,1,1,1,0,0,NA,NA,NA,NA,FL,NA,NA,165,NA,NA,NA,NA,NA,NA,NA,NA,NA,2,NA,0.002663,6,6,20,NA,NA,NA,NA,NA,NA,NA,NA,NA,NA,NA,NA,NA,NA,NA,NA,NA
33f,Saur.7,RAW,Sardinella aurita,1,1,1,0,0,NA,NA,NA,NA,FL,NA,NA,175,NA,NA,NA,NA,NA,NA,NA,NA,NA,2,NA,0.008368,18,17,256,NA,NA,NA,NA,NA,NA,NA,NA,NA,NA,NA,NA,NA,NA,NA,NA,NA
33f,Saur.8,RAW,Sardinella aurita,1,1,1,0,0,NA,NA,NA,NA,FL,NA,NA,125,NA,NA,NA,NA,NA,NA,NA,NA,NA,2,NA,0.064449,22,21,191,NA,NA,NA,NA,NA,NA,NA,NA,NA,NA,NA,NA,NA,NA,NA,NA,NA
33f,Saur.9,RAW,Sardinella aurita,1,1,1,0,0,NA,NA,NA,NA,FL,NA,NA,110,NA,NA,NA,NA,NA,NA,NA,NA,NA,2,NA,0.012566,1,1,1,NA,NA,NA,NA,NA,NA,NA,NA,NA,NA,NA,NA,NA,NA,NA,NA,NA
33f,Saur.10,RAW,Sardinella aurita,1,1,1,0,0,NA,F,NA,NA,FL,NA,NA,181,NA,NA,NA,NA,NA,NA,NA,NA,NA,3,NA,0.196723,8,7,654,NA,NA,NA,NA,NA,NA,NA,NA,NA,NA,NA,NA,NA,NA,NA,NA,NA
33f,Saur.11,RAW,Sardinella aurita,1,1,1,0,0,NA,F,NA,NA,FL,NA,NA,178,NA,NA,NA,NA,NA,NA,NA,NA,NA,2,NA,0.081580,8,7,39,NA,NA,NA,NA,NA,NA,NA,NA,NA,NA,NA,NA,NA,NA,NA,NA,NA
33f,Saur.12,RAW,Sardinella aurita,1,1,1,0,0,NA,M,NA,NA,FL,NA,NA,175,NA,NA,NA,NA,NA,NA,NA,NA,NA,3,NA,0.139677,19,19,213,NA,NA,NA,NA,NA,NA,NA,NA,NA,NA,NA,NA,NA,NA,NA,NA,NA
33f,Saur.13,RAW,Sardinella aurita,1,1,1,0,0,NA,F,NA,NA,FL,NA,NA,181,NA,NA,NA,NA,NA,NA,NA,NA,NA,4,NA,0.145496,9,9,180,NA,NA,NA,NA,NA,NA,NA,NA,NA,NA,NA,NA,NA,NA,NA,NA,NA
33f,Saur.14,RAW,Sardinella aurita,1,1,1,0,0,NA,NA,NA,NA,SL,NA,NA,145,NA,NA,NA,NA,NA,NA,NA,NA,NA,3,NA,0.056504,16,15,186,NA,NA,NA,NA,NA,NA,NA,NA,NA,NA,NA,NA,NA,NA,NA,NA,NA
33f,Saur.15,RAW,Sardinella aurita,1,1,1,0,0,NA,NA,NA,NA,SL,NA,NA,148,NA,NA,NA,NA,NA,NA,NA,NA,NA,3,NA,0.031849,16,15,273,NA,NA,NA,NA,NA,NA,NA,NA,NA,NA,NA,NA,NA,NA,NA,NA,NA
33f,Saur.16,RAW,Sardinella aurita,1,1,1,0,0,NA,NA,NA,NA,SL,NA,NA,130,NA,NA,NA,NA,NA,NA,NA,NA,NA,3,NA,0.081678,13,11,255,NA,NA,NA,NA,NA,NA,NA,NA,NA,NA,NA,NA,NA,NA,NA,NA,NA
33f,Saur.17,RAW,Sardinella aurita,1,1,1,0,0,NA,NA,NA,NA,SL,NA,NA,94,NA,NA,NA,NA,NA,NA,NA,NA,NA,3,NA,0.053866,10,9,72,NA,NA,NA,NA,NA,NA,NA,NA,NA,NA,NA,NA,NA,NA,NA,NA,NA
33f,Saur.18,RAW,Sardinella aurita,1,1,1,0,0,NA,NA,NA,NA,SL,NA,NA,97,NA,NA,NA,NA,NA,NA,NA,NA,NA,1,NA,0.015824,5,4,15,NA,NA,NA,NA,NA,NA,NA,NA,NA,NA,NA,NA,NA,NA,NA,NA,NA
33f,Scav.1,RAW,Scomberomorus cavalla,1,1,1,0,0,NA,NA,NA,NA,FL,NA,NA,260,NA,NA,NA,NA,NA,NA,NA,NA,NA,3,NA,5.7,3,3,3,NA,NA,NA,NA,NA,NA,NA,NA,NA,NA,NA,NA,NA,NA,NA,NA,NA
33f,Scav.2,RAW,Scomberomorus cavalla,1,1,1,0,0,NA,NA,NA,NA,FL,NA,NA,250,NA,NA,NA,NA,NA,NA,NA,NA,NA,1,NA,0.07854,1,1,1,NA,NA,NA,NA,NA,NA,NA,NA,NA,NA,NA,NA,NA,NA,NA,NA,NA
33f,Scav.3,RAW,Scomberomorus cavalla,1,1,1,0,0,NA,NA,NA,NA,FL,NA,NA,260,NA,NA,NA,NA,NA,NA,NA,NA,NA,3,NA,0.6,1,1,1,NA,NA,NA,NA,NA,NA,NA,NA,NA,NA,NA,NA,NA,NA,NA,NA,NA
33f,Scav.4,RAW,Scomberomorus cavalla,1,1,1,0,0,NA,NA,NA,NA,FL,NA,NA,255,NA,NA,NA,NA,NA,NA,NA,NA,NA,2,NA,0.1,1,0,0,NA,NA,NA,NA,NA,NA,NA,NA,NA,NA,NA,NA,NA,NA,NA,NA,NA
33f,Scav.5,RAW,Scomberomorus cavalla,1,1,1,0,0,NA,NA,NA,NA,FL,NA,NA,218,NA,NA,NA,NA,NA,NA,NA,NA,NA,3,NA,0.4,1,1,1,NA,NA,NA,NA,NA,NA,NA,NA,NA,NA,NA,NA,NA,NA,NA,NA,NA
33f,Scav.6,RAW,Scomberomorus cavalla,1,1,1,0,0,NA,NA,NA,NA,SL,NA,NA,68,NA,NA,NA,NA,NA,NA,NA,NA,NA,4,NA,0.11419,1,1,1,NA,NA,NA,NA,NA,NA,NA,NA,NA,NA,NA,NA,NA,NA,NA,NA,NA
33f,Scav.7,RAW,Scomberomorus cavalla,1,1,1,0,0,NA,NA,NA,NA,SL,NA,NA,80,NA,NA,NA,NA,NA,NA,NA,NA,NA,4,NA,1.070601,1,1,1,NA,NA,NA,NA,NA,NA,NA,NA,NA,NA,NA,NA,NA,NA,NA,NA,NA
33f,Scav.8,RAW,Scomberomorus cavalla,1,1,1,0,0,NA,NA,NA,NA,SL,NA,NA,66,NA,NA,NA,NA,NA,NA,NA,NA,NA,4,NA,0.199262,2,1,1,NA,NA,NA,NA,NA,NA,NA,NA,NA,NA,NA,NA,NA,NA,NA,NA,NA
33f,Scav.9,RAW,Scomberomorus cavalla,1,1,1,0,0,NA,NA,NA,NA,SL,NA,NA,65,NA,NA,NA,NA,NA,NA,NA,NA,NA,4,NA,0.200734,2,1,1,NA,NA,NA,NA,NA,NA,NA,NA,NA,NA,NA,NA,NA,NA,NA,NA,NA
33f,Scav.10,RAW,Scomberomorus cavalla,1,0,0,1,1,NA,NA,NA,NA,SL,NA,NA,69,NA,NA,NA,NA,NA,NA,NA,NA,NA,0,NA,0,0,NA,NA,NA,NA,NA,NA,NA,NA,NA,NA,NA,NA,NA,NA,NA,NA,NA,NA,NA
33f,Scav.11,RAW,Scomberomorus cavalla,1,0,0,1,1,NA,NA,NA,NA,SL,NA,NA,100,NA,NA,NA,NA,NA,NA,NA,NA,NA,0,NA,0,0,NA,NA,NA,NA,NA,NA,NA,NA,NA,NA,NA,NA,NA,NA,NA,NA,NA,NA,NA
33f,Scav.12,RAW,Scomberomorus cavalla,1,1,1,0,0,NA,NA,NA,NA,SL,NA,NA,93,NA,NA,NA,NA,NA,NA,NA,NA,NA,4,NA,0.663549,1,1,1,NA,NA,NA,NA,NA,NA,NA,NA,NA,NA,NA,NA,NA,NA,NA,NA,NA
33f,Scav.13,RAW,Scomberomorus cavalla,1,1,1,0,0,NA,NA,NA,NA,SL,NA,NA,81,NA,NA,NA,NA,NA,NA,NA,NA,NA,4,NA,0.664607,2,1,1,NA,NA,NA,NA,NA,NA,NA,NA,NA,NA,NA,NA,NA,NA,NA,NA,NA
33f,Scav.14,RAW,Scomberomorus cavalla,1,1,1,0,0,NA,NA,NA,NA,SL,NA,NA,60,NA,NA,NA,NA,NA,NA,NA,NA,NA,4,NA,0.239443,2,1,1,NA,NA,NA,NA,NA,NA,NA,NA,NA,NA,NA,NA,NA,NA,NA,NA,NA
33f,Scav.15,RAW,Scomberomorus cavalla,1,1,1,0,0,NA,NA,NA,NA,SL,NA,NA,89,NA,NA,NA,NA,NA,NA,NA,NA,NA,3,NA,0.179491,2,1,1,NA,NA,NA,NA,NA,NA,NA,NA,NA,NA,NA,NA,NA,NA,NA,NA,NA
33f,Scav.16,RAW,Scomberomorus cavalla,1,0,0,1,1,NA,NA,NA,NA,SL,NA,NA,114,NA,NA,NA,NA,NA,NA,NA,NA,NA,0,NA,0,0,NA,NA,NA,NA,NA,NA,NA,NA,NA,NA,NA,NA,NA,NA,NA,NA,NA,NA,NA
33f,Scav.17,RAW,Scomberomorus cavalla,1,1,1,0,0,NA,F,NA,NA,SL,NA,NA,580,NA,NA,NA,NA,NA,NA,NA,NA,NA,4,NA,44.100433,4,3,5,NA,NA,NA,NA,NA,NA,NA,NA,NA,NA,NA,NA,NA,NA,NA,NA,NA
33f,Scav.18,RAW,Scomberomorus cavalla,1,1,1,0,0,NA,F,NA,NA,SL,NA,NA,86,NA,NA,NA,NA,NA,NA,NA,NA,NA,1,NA,1.632732,2,1,1,NA,NA,NA,NA,NA,NA,NA,NA,NA,NA,NA,NA,NA,NA,NA,NA,NA
33f,Scav.19,RAW,Scomberomorus cavalla,1,0,0,1,1,NA,NA,NA,NA,SL,NA,NA,86,NA,NA,NA,NA,NA,NA,NA,NA,NA,0,NA,0,0,NA,NA,NA,NA,NA,NA,NA,NA,NA,NA,NA,NA,NA,NA,NA,NA,NA,NA,NA
33f,Scav.20,RAW,Scomberomorus cavalla,1,1,1,0,0,NA,NA,NA,NA,SL,NA,NA,124,NA,NA,NA,NA,NA,NA,NA,NA,NA,3,NA,0.204228,2,1,1,NA,NA,NA,NA,NA,NA,NA,NA,NA,NA,NA,NA,NA,NA,NA,NA,NA
33f,Scav.21,RAW,Scomberomorus cavalla,1,1,1,0,0,NA,F,NA,NA,SL,NA,NA,836,NA,NA,NA,NA,NA,NA,NA,NA,NA,3,NA,11.082585,4,3,14,NA,NA,NA,NA,NA,NA,NA,NA,NA,NA,NA,NA,NA,NA,NA,NA,NA
33f,Scav.22,RAW,Scomberomorus cavalla,1,1,1,0,0,NA,NA,NA,NA,SL,NA,NA,109,NA,NA,NA,NA,NA,NA,NA,NA,NA,3,NA,0.052936,2,1,1,NA,NA,NA,NA,NA,NA,NA,NA,NA,NA,NA,NA,NA,NA,NA,NA,NA
33f,Scav.23,RAW,Scomberomorus cavalla,1,1,1,0,0,NA,NA,NA,NA,SL,NA,NA,103,NA,NA,NA,NA,NA,NA,NA,NA,NA,3,NA,0.150264,2,1,1,NA,NA,NA,NA,NA,NA,NA,NA,NA,NA,NA,NA,NA,NA,NA,NA,NA
33f,Scav.24,RAW,Scomberomorus cavalla,1,1,1,0,0,NA,NA,NA,NA,SL,NA,NA,108,NA,NA,NA,NA,NA,NA,NA,NA,NA,4,NA,0.809514,3,2,2,NA,NA,NA,NA,NA,NA,NA,NA,NA,NA,NA,NA,NA,NA,NA,NA,NA
33f,Scav.25,RAW,Scomberomorus cavalla,1,1,1,0,0,NA,NA,NA,NA,SL,NA,NA,94,NA,NA,NA,NA,NA,NA,NA,NA,NA,3,NA,0.316502,2,1,1,NA,NA,NA,NA,NA,NA,NA,NA,NA,NA,NA,NA,NA,NA,NA,NA,NA
33f,Scav.26,RAW,Scomberomorus cavalla,1,1,1,0,0,NA,NA,NA,NA,SL,NA,NA,107,NA,NA,NA,NA,NA,NA,NA,NA,NA,5,NA,0.807697,2,1,1,NA,NA,NA,NA,NA,NA,NA,NA,NA,NA,NA,NA,NA,NA,NA,NA,NA
33f,Scav.27,RAW,Scomberomorus cavalla,1,0,0,1,1,NA,NA,NA,NA,SL,NA,NA,127,NA,NA,NA,NA,NA,NA,NA,NA,NA,0,NA,0.000000,0,NA,NA,NA,NA,NA,NA,NA,NA,NA,NA,NA,NA,NA,NA,NA,NA,NA,NA,NA
33f,Scav.28,RAW,Scomberomorus cavalla,1,1,1,0,0,NA,NA,NA,NA,SL,NA,NA,76,NA,NA,NA,NA,NA,NA,NA,NA,NA,4,NA,0.070668,1,1,1,NA,NA,NA,NA,NA,NA,NA,NA,NA,NA,NA,NA,NA,NA,NA,NA,NA
33f,Scav.29,RAW,Scomberomorus cavalla,1,1,1,0,0,NA,NA,NA,NA,SL,NA,NA,84,NA,NA,NA,NA,NA,NA,NA,NA,NA,5,NA,0.500000,1,1,1,NA,NA,NA,NA,NA,NA,NA,NA,NA,NA,NA,NA,NA,NA,NA,NA,NA
33f,Scav.30,RAW,Scomberomorus cavalla,1,1,1,0,0,NA,NA,NA,NA,SL,NA,NA,63,NA,NA,NA,NA,NA,NA,NA,NA,NA,5,NA,0.200000,1,1,1,NA,NA,NA,NA,NA,NA,NA,NA,NA,NA,NA,NA,NA,NA,NA,NA,NA
33f,Scav.31,RAW,Scomberomorus cavalla,1,1,1,0,0,NA,NA,NA,NA,SL,NA,NA,92,NA,NA,NA,NA,NA,NA,NA,NA,NA,1,NA,0.000470,1,0,NA,NA,NA,NA,NA,NA,NA,NA,NA,NA,NA,NA,NA,NA,NA,NA,NA,NA
33f,Scav.32,RAW,Scomberomorus cavalla,1,1,1,0,0,NA,NA,NA,NA,SL,NA,NA,93,NA,NA,NA,NA,NA,NA,NA,NA,NA,3,NA,0.204000,3,1,2,NA,NA,NA,NA,NA,NA,NA,NA,NA,NA,NA,NA,NA,NA,NA,NA,NA
33f,Scav.33,RAW,Scomberomorus cavalla,1,1,1,0,0,NA,NA,NA,NA,SL,NA,NA,107,NA,NA,NA,NA,NA,NA,NA,NA,NA,2,NA,0.038485,1,1,1,NA,NA,NA,NA,NA,NA,NA,NA,NA,NA,NA,NA,NA,NA,NA,NA,NA
33f,Scav.34,RAW,Scomberomorus cavalla,1,1,1,0,0,NA,NA,NA,NA,SL,NA,NA,89,NA,NA,NA,NA,NA,NA,NA,NA,NA,4,NA,0.587863,2,1,1,NA,NA,NA,NA,NA,NA,NA,NA,NA,NA,NA,NA,NA,NA,NA,NA,NA
33f,Scav.35,RAW,Scomberomorus cavalla,1,1,1,0,0,NA,NA,NA,NA,SL,NA,NA,102,NA,NA,NA,NA,NA,NA,NA,NA,NA,3,NA,0.104228,2,1,1,NA,NA,NA,NA,NA,NA,NA,NA,NA,NA,NA,NA,NA,NA,NA,NA,NA
33f,Scav.36,RAW,Scomberomorus cavalla,1,1,1,0,0,NA,NA,NA,NA,SL,NA,NA,76,NA,NA,NA,NA,NA,NA,NA,NA,NA,4,NA,0.151879,2,1,1,NA,NA,NA,NA,NA,NA,NA,NA,NA,NA,NA,NA,NA,NA,NA,NA,NA
33f,Scav.37,RAW,Scomberomorus cavalla,1,1,1,0,0,NA,NA,NA,NA,SL,NA,NA,93,NA,NA,NA,NA,NA,NA,NA,NA,NA,3,NA,0.301057,2,1,1,NA,NA,NA,NA,NA,NA,NA,NA,NA,NA,NA,NA,NA,NA,NA,NA,NA
33f,Scav.38,RAW,Scomberomorus cavalla,1,1,1,0,0,NA,NA,NA,NA,SL,NA,NA,76,NA,NA,NA,NA,NA,NA,NA,NA,NA,4,NA,0.200470,2,1,1,NA,NA,NA,NA,NA,NA,NA,NA,NA,NA,NA,NA,NA,NA,NA,NA,NA
33f,Scav.39,RAW,Scomberomorus cavalla,1,1,1,0,0,NA,NA,NA,NA,SL,NA,NA,54,NA,NA,NA,NA,NA,NA,NA,NA,NA,2,NA,0.033447,2,1,1,NA,NA,NA,NA,NA,NA,NA,NA,NA,NA,NA,NA,NA,NA,NA,NA,NA
33f,Scav.40,RAW,Scomberomorus cavalla,1,1,1,0,0,NA,NA,NA,NA,SL,NA,NA,69,NA,NA,NA,NA,NA,NA,NA,NA,NA,4,NA,0.407965,2,1,1,NA,NA,NA,NA,NA,NA,NA,NA,NA,NA,NA,NA,NA,NA,NA,NA,NA
33f,Scav.41,RAW,Scomberomorus cavalla,1,0,0,1,1,NA,NA,NA,NA,SL,NA,NA,117,NA,NA,NA,NA,NA,NA,NA,NA,NA,0,NA,0.000000,0,NA,NA,NA,NA,NA,NA,NA,NA,NA,NA,NA,NA,NA,NA,NA,NA,NA,NA,NA
33f,Scav.42,RAW,Scomberomorus cavalla,1,1,1,0,0,NA,NA,NA,NA,SL,NA,NA,108,NA,NA,NA,NA,NA,NA,NA,NA,NA,1,NA,0.003927,1,0,NA,NA,NA,NA,NA,NA,NA,NA,NA,NA,NA,NA,NA,NA,NA,NA,NA,NA
33f,Scav.43,RAW,Scomberomorus cavalla,1,1,1,0,0,NA,NA,NA,NA,SL,NA,NA,104,NA,NA,NA,NA,NA,NA,NA,NA,NA,3,NA,0.807697,2,2,2,NA,NA,NA,NA,NA,NA,NA,NA,NA,NA,NA,NA,NA,NA,NA,NA,NA
33f,Scav.44,RAW,Scomberomorus cavalla,1,1,1,0,0,NA,NA,NA,NA,SL,NA,NA,98,NA,NA,NA,NA,NA,NA,NA,NA,NA,5,NA,0.505755,2,1,1,NA,NA,NA,NA,NA,NA,NA,NA,NA,NA,NA,NA,NA,NA,NA,NA,NA
33f,Scav.45,RAW,Scomberomorus cavalla,1,1,1,0,0,NA,NA,NA,NA,SL,NA,NA,116,NA,NA,NA,NA,NA,NA,NA,NA,NA,5,NA,0.601057,2,1,1,NA,NA,NA,NA,NA,NA,NA,NA,NA,NA,NA,NA,NA,NA,NA,NA,NA
33f,Scav.46,RAW,Scomberomorus cavalla,1,1,1,0,0,NA,NA,NA,NA,SL,NA,NA,102,NA,NA,NA,NA,NA,NA,NA,NA,NA,3,NA,0.302513,2,1,1,NA,NA,NA,NA,NA,NA,NA,NA,NA,NA,NA,NA,NA,NA,NA,NA,NA
33f,Scav.47,RAW,Scomberomorus cavalla,1,1,1,0,0,NA,NA,NA,NA,SL,NA,NA,107,NA,NA,NA,NA,NA,NA,NA,NA,NA,4,NA,1.712723,3,2,2,NA,NA,NA,NA,NA,NA,NA,NA,NA,NA,NA,NA,NA,NA,NA,NA,NA
33f,Scav.48,RAW,Scomberomorus cavalla,1,0,0,1,1,NA,NA,NA,NA,SL,NA,NA,93,NA,NA,NA,NA,NA,NA,NA,NA,NA,0,NA,0.000000,0,NA,NA,NA,NA,NA,NA,NA,NA,NA,NA,NA,NA,NA,NA,NA,NA,NA,NA,NA
33f,Scav.49,RAW,Scomberomorus cavalla,1,1,1,0,0,NA,NA,NA,NA,SL,NA,NA,95,NA,NA,NA,NA,NA,NA,NA,NA,NA,4,NA,0.802513,2,1,2,NA,NA,NA,NA,NA,NA,NA,NA,NA,NA,NA,NA,NA,NA,NA,NA,NA
33f,Scav.50,RAW,Scomberomorus cavalla,1,1,1,0,0,NA,NA,NA,NA,SL,NA,NA,113,NA,NA,NA,NA,NA,NA,NA,NA,NA,4,NA,2.210053,2,1,1,NA,NA,NA,NA,NA,NA,NA,NA,NA,NA,NA,NA,NA,NA,NA,NA,NA
33f,Scav.51,RAW,Scomberomorus cavalla,1,1,1,0,0,NA,NA,NA,NA,SL,NA,NA,117,NA,NA,NA,NA,NA,NA,NA,NA,NA,5,NA,1.615708,2,1,2,NA,NA,NA,NA,NA,NA,NA,NA,NA,NA,NA,NA,NA,NA,NA,NA,NA
33f,Scav.52,RAW,Scomberomorus cavalla,1,1,1,0,0,NA,NA,NA,NA,SL,NA,NA,98,NA,NA,NA,NA,NA,NA,NA,NA,NA,5,NA,1.222620,2,1,2,NA,NA,NA,NA,NA,NA,NA,NA,NA,NA,NA,NA,NA,NA,NA,NA,NA
33f,Scav.53,RAW,Scomberomorus cavalla,1,1,1,0,0,NA,NA,NA,NA,SL,NA,NA,102,NA,NA,NA,NA,NA,NA,NA,NA,NA,5,NA,0.410053,2,1,1,NA,NA,NA,NA,NA,NA,NA,NA,NA,NA,NA,NA,NA,NA,NA,NA,NA
33f,Scav.54,RAW,Scomberomorus cavalla,1,1,1,0,0,NA,F,NA,NA,SL,NA,NA,542,NA,NA,NA,NA,NA,NA,NA,NA,NA,3,NA,36.000000,1,1,2,NA,NA,NA,NA,NA,NA,NA,NA,NA,NA,NA,NA,NA,NA,NA,NA,NA
33f,Scav.55,RAW,Scomberomorus cavalla,1,0,0,1,1,NA,M,NA,NA,SL,NA,NA,390,NA,NA,NA,NA,NA,NA,NA,NA,NA,0,NA,0.000000,0,NA,NA,NA,NA,NA,NA,NA,NA,NA,NA,NA,NA,NA,NA,NA,NA,NA,NA,NA
33f,Scav.56,RAW,Scomberomorus cavalla,1,1,1,0,0,NA,M,NA,NA,SL,NA,NA,325,NA,NA,NA,NA,NA,NA,NA,NA,NA,2,NA,0.629061,7,6,10,NA,NA,NA,NA,NA,NA,NA,NA,NA,NA,NA,NA,NA,NA,NA,NA,NA
33f,Scav.57,RAW,Scomberomorus cavalla,1,1,1,0,0,NA,M,NA,NA,SL,NA,NA,323,NA,NA,NA,NA,NA,NA,NA,NA,NA,1,NA,0.000629,2,1,4,NA,NA,NA,NA,NA,NA,NA,NA,NA,NA,NA,NA,NA,NA,NA,NA,NA
33f,Scav.58,RAW,Scomberomorus cavalla,1,0,0,1,1,NA,M,NA,NA,SL,NA,NA,320,NA,NA,NA,NA,NA,NA,NA,NA,NA,0,NA,0.000000,0,NA,NA,NA,NA,NA,NA,NA,NA,NA,NA,NA,NA,NA,NA,NA,NA,NA,NA,NA
33f,Scav.59,RAW,Scomberomorus cavalla,1,1,1,0,0,NA,NA,NA,NA,SL,NA,NA,315,NA,NA,NA,NA,NA,NA,NA,NA,NA,1,NA,0.400000,1,1,1,NA,NA,NA,NA,NA,NA,NA,NA,NA,NA,NA,NA,NA,NA,NA,NA,NA
33f,Scav.60,RAW,Scomberomorus cavalla,1,1,1,0,0,NA,F,NA,NA,SL,NA,NA,285,NA,NA,NA,NA,NA,NA,NA,NA,NA,1,NA,0.000352,1,0,NA,NA,NA,NA,NA,NA,NA,NA,NA,NA,NA,NA,NA,NA,NA,NA,NA,NA
33f,Scav.61,RAW,Scomberomorus cavalla,1,1,1,0,0,NA,M,NA,NA,SL,NA,NA,315,NA,NA,NA,NA,NA,NA,NA,NA,NA,1,NA,0.005655,1,0,NA,NA,NA,NA,NA,NA,NA,NA,NA,NA,NA,NA,NA,NA,NA,NA,NA,NA
33f,Scav.62,RAW,Scomberomorus cavalla,1,1,1,0,0,NA,F,NA,NA,SL,NA,NA,1300,NA,NA,NA,NA,NA,NA,NA,NA,NA,1,NA,1.015476,2,1,1,NA,NA,NA,NA,NA,NA,NA,NA,NA,NA,NA,NA,NA,NA,NA,NA,NA
33f,Scav.63,RAW,Scomberomorus cavalla,1,1,1,0,0,NA,F,NA,NA,SL,NA,NA,510,NA,NA,NA,NA,NA,NA,NA,NA,NA,3,NA,59.400000,4,3,5,NA,NA,NA,NA,NA,NA,NA,NA,NA,NA,NA,NA,NA,NA,NA,NA,NA
33f,Scav.64,RAW,Scomberomorus cavalla,1,1,1,0,0,NA,F,NA,NA,SL,NA,NA,670,NA,NA,NA,NA,NA,NA,NA,NA,NA,3,NA,84.500000,3,1,2,NA,NA,NA,NA,NA,NA,NA,NA,NA,NA,NA,NA,NA,NA,NA,NA,NA
33f,Scav.65,RAW,Scomberomorus cavalla,1,1,1,0,0,NA,NA,NA,NA,SL,NA,NA,900,NA,NA,NA,NA,NA,NA,NA,NA,NA,5,NA,170.800000,3,1,3,NA,NA,NA,NA,NA,NA,NA,NA,NA,NA,NA,NA,NA,NA,NA,NA,NA
33f,Scav.66,RAW,Scomberomorus cavalla,1,1,1,0,0,NA,M,NA,NA,SL,NA,NA,402,NA,NA,NA,NA,NA,NA,NA,NA,NA,2,NA,0.113097,1,1,1,NA,NA,NA,NA,NA,NA,NA,NA,NA,NA,NA,NA,NA,NA,NA,NA,NA
33f,Scav.67,RAW,Scomberomorus cavalla,1,1,1,0,0,NA,M,NA,NA,SL,NA,NA,432,NA,NA,NA,NA,NA,NA,NA,NA,NA,4,NA,48.201062,2,1,1,NA,NA,NA,NA,NA,NA,NA,NA,NA,NA,NA,NA,NA,NA,NA,NA,NA
33f,Scav.68,RAW,Scomberomorus cavalla,1,1,1,0,0,NA,NA,NA,NA,SL,NA,NA,289,NA,NA,NA,NA,NA,NA,NA,NA,NA,2,NA,0.007697,1,0,NA,NA,NA,NA,NA,NA,NA,NA,NA,NA,NA,NA,NA,NA,NA,NA,NA,NA
33f,Scav.69,RAW,Scomberomorus cavalla,1,1,1,0,0,NA,F,NA,NA,SL,NA,NA,838,NA,NA,NA,NA,NA,NA,NA,NA,NA,3,NA,8.309251,3,1,2,NA,NA,NA,NA,NA,NA,NA,NA,NA,NA,NA,NA,NA,NA,NA,NA,NA
