REF_ID,PRED_ID,LOC_ID,STA_ID,GIS_STA_ID,STA_TRA_NUM,STA_TRA_NAME_DESCR,STA_TYPE,COORD_DATA_SOURCE,STA_TRA_MDPT_LAT,STA_TRA_MDPT_LONG,STA_DEP,SAMP_DEP,TIME_ZONE,YEAR,MON,DAY,TIME,SEAS,BEG_TRA_LAT,BEG_TRA_LONG,BEG_TRA_DEP,BEG_TRA_SAMP_DEP,BEG_YEAR,BEG_MON,BEG_DAY,BEG_TIME,BEG_SEAS,END_TRA_LAT,END_TRA_LONG,END_TRA_DEP,END_TRA_SAMP_DEP,END_YEAR,END_MON,END_DAY,END_TIME,END_SEAS,TRA_LEN,TRA_WID,TRAWL_AREA,TRA_HT,TRA_VOL,HAB_SYSTEM,HAB_SUBSYSTEM,TIDAL_ZONE,REALM,PROVINCE,ECOREGION,SYS_CONF,STA_NOTES
11v,Scav.1,11v.1,11v.1,NA,1,NA,Point,Map in reference document,30.18446914,-85.73903164,NA,NA,NA,NA,NA,NA,NA,NA,NA,NA,NA,NA,NA,NA,NA,NA,NA,NA,NA,NA,NA,NA,NA,NA,NA,NA,NA,NA,NA,NA,NA,Estuarine,Coastal,Subtidal,TNA,WTNA,43,NA,See Map Figure 2
11v,Scav.1,11v.1,11v.2,NA,2,NA,Point,Map in reference document,30.16999153,-85.74279978,NA,NA,NA,NA,NA,NA,NA,NA,NA,NA,NA,NA,NA,NA,NA,NA,NA,NA,NA,NA,NA,NA,NA,NA,NA,NA,NA,NA,NA,NA,NA,Estuarine,Coastal,Subtidal,TNA,WTNA,43,NA,See Map Figure 2
11v,Scav.1,11v.1,11v.3,NA,3,NA,Point,Map in reference document,30.17361114,-85.72563381,NA,NA,NA,NA,NA,NA,NA,NA,NA,NA,NA,NA,NA,NA,NA,NA,NA,NA,NA,NA,NA,NA,NA,NA,NA,NA,NA,NA,NA,NA,NA,Estuarine,Coastal,Subtidal,TNA,WTNA,43,NA,See Map Figure 2
11v,Scav.1,11v.1,11v.4,NA,4,NA,Point,Map in reference document,30.16383791,-85.72228435,NA,NA,NA,NA,NA,NA,NA,NA,NA,NA,NA,NA,NA,NA,NA,NA,NA,NA,NA,NA,NA,NA,NA,NA,NA,NA,NA,NA,NA,NA,NA,Estuarine,Coastal,Subtidal,TNA,WTNA,43,NA,See Map Figure 2
11v,Scav.1,11v.1,11v.5,NA,5,NA,Point,Map in reference document,30.16347592,-85.70637442,NA,NA,NA,NA,NA,NA,NA,NA,NA,NA,NA,NA,NA,NA,NA,NA,NA,NA,NA,NA,NA,NA,NA,NA,NA,NA,NA,NA,NA,NA,NA,Estuarine,Coastal,Subtidal,TNA,WTNA,43,NA,See Map Figure 2
11v,Scav.1,11v.1,11v.6,NA,6,NA,Point,Map in reference document,30.16166595,-85.68962713,NA,NA,NA,NA,NA,NA,NA,NA,NA,NA,NA,NA,NA,NA,NA,NA,NA,NA,NA,NA,NA,NA,NA,NA,NA,NA,NA,NA,NA,NA,NA,Estuarine,Coastal,Subtidal,TNA,WTNA,43,NA,See Map Figure 2
11v,Scav.1,11v.1,11v.7,NA,7,NA,Point,Map in reference document,30.14935727,-85.70595574,NA,NA,NA,NA,NA,NA,NA,NA,NA,NA,NA,NA,NA,NA,NA,NA,NA,NA,NA,NA,NA,NA,NA,NA,NA,NA,NA,NA,NA,NA,NA,Estuarine,Coastal,Subtidal,TNA,WTNA,43,NA,See Map Figure 2
11v,Scav.1,11v.1,11v.8,NA,8,NA,Point,Map in reference document,30.14935727,-85.68878977,NA,NA,NA,NA,NA,NA,NA,NA,NA,NA,NA,NA,NA,NA,NA,NA,NA,NA,NA,NA,NA,NA,NA,NA,NA,NA,NA,NA,NA,NA,NA,Estuarine,Coastal,Subtidal,TNA,WTNA,43,NA,See Map Figure 2
11v,Scav.1,11v.1,11v.9,NA,9,NA,Point,Map in reference document,30.15008135,-85.67329853,NA,NA,NA,NA,NA,NA,NA,NA,NA,NA,NA,NA,NA,NA,NA,NA,NA,NA,NA,NA,NA,NA,NA,NA,NA,NA,NA,NA,NA,NA,NA,Estuarine,Coastal,Subtidal,TNA,WTNA,43,NA,See Map Figure 2
11v,Scav.1,11v.3,11v.10,NA,10,NA,Point,Map in reference document,30.14102994,-85.66492488,NA,NA,NA,NA,NA,NA,NA,NA,NA,NA,NA,NA,NA,NA,NA,NA,NA,NA,NA,NA,NA,NA,NA,NA,NA,NA,NA,NA,NA,NA,NA,NA,0,NA,NA,NA,NA,NA,See Map Figure 2
11v,Scav.1,11v.3,11v.11,NA,11,NA,Point,Map in reference document,30.13452995,-85.63566782,NA,NA,NA,NA,NA,NA,NA,NA,NA,NA,NA,NA,NA,NA,NA,NA,NA,NA,NA,NA,NA,NA,NA,NA,NA,NA,NA,NA,NA,NA,NA,NA,0,NA,NA,NA,NA,NA,See Map Figure 2
11v,Scav.1,11v.3,11v.12,NA,12,NA,Point,Map in reference document,30.10588323,-85.60502079,NA,NA,NA,NA,NA,NA,NA,NA,NA,NA,NA,NA,NA,NA,NA,NA,NA,NA,NA,NA,NA,NA,NA,NA,NA,NA,NA,NA,NA,NA,NA,NA,0,NA,NA,NA,NA,NA,See Map Figure 2
11v,Scav.1,11v.2,11v.18,NA,18,NA,Point,Map in reference document,30.14550186,-85.74326198,NA,NA,NA,NA,NA,NA,NA,NA,NA,NA,NA,NA,NA,NA,NA,NA,NA,NA,NA,NA,NA,NA,NA,NA,NA,NA,NA,NA,NA,NA,NA,Marine,Nearshore,Subtidal,TNA,WTNA,43,NA,See Map Figure 2
11v,Scav.1,11v.2,11v.17,NA,17,NA,Point,Map in reference document,30.13524245,-85.72579646,NA,NA,NA,NA,NA,NA,NA,NA,NA,NA,NA,NA,NA,NA,NA,NA,NA,NA,NA,NA,NA,NA,NA,NA,NA,NA,NA,NA,NA,NA,NA,Marine,Nearshore,Subtidal,TNA,WTNA,43,NA,See Map Figure 2
11v,Scav.1,11v.1,11v.16,NA,16,NA,Point,Map in reference document,30.1318224,-85.72266585,NA,NA,NA,NA,NA,NA,NA,NA,NA,NA,NA,NA,NA,NA,NA,NA,NA,NA,NA,NA,NA,NA,NA,NA,NA,NA,NA,NA,NA,NA,NA,Estuarine,Coastal,Subtidal,TNA,WTNA,43,NA,See Map Figure 2
11v,Scav.1,11v.1,11v.13,NA,13,NA,Point,Map in reference document,30.12426939,-85.68806436,NA,NA,NA,NA,NA,NA,NA,NA,NA,NA,NA,NA,NA,NA,NA,NA,NA,NA,NA,NA,NA,NA,NA,NA,NA,NA,NA,NA,NA,NA,NA,Estuarine,Coastal,Subtidal,TNA,WTNA,43,NA,See Map Figure 2
11v,Scav.1,11v.4,11v.15,NA,15,NA,Point,Map in reference document,30.1197088,-85.72497262,NA,NA,NA,NA,NA,NA,NA,NA,NA,NA,NA,NA,NA,NA,NA,NA,NA,NA,NA,NA,NA,NA,NA,NA,NA,NA,NA,NA,NA,NA,NA,Estuarine,Coastal,Subtidal,TNA,WTNA,43,NA,See Map Figure 2
11v,Scav.1,11v.5,11v.19,NA,19,NA,Point,Map in reference document,30.11643075,-85.73354061,NA,NA,NA,NA,NA,NA,NA,NA,NA,NA,NA,NA,NA,NA,NA,NA,NA,NA,NA,NA,NA,NA,NA,NA,NA,NA,NA,NA,NA,NA,NA,Estuarine,Coastal,Subtidal,TNA,WTNA,43,NA,See Map Figure 2
11v,Scav.1,11v.6,11v.21,NA,21,NA,Point,Map in reference document,30.11956628,-85.75529012,NA,NA,NA,NA,NA,NA,NA,NA,NA,NA,NA,NA,NA,NA,NA,NA,NA,NA,NA,NA,NA,NA,NA,NA,NA,NA,NA,NA,NA,NA,NA,Estuarine,Coastal,Subtidal,TNA,WTNA,43,NA,See Map Figure 2
11v,Scav.1,11v.6,11v.20,NA,20,NA,Point,Map in reference document,30.0956197,-85.75133566,NA,NA,NA,NA,NA,NA,NA,NA,NA,NA,NA,NA,NA,NA,NA,NA,NA,NA,NA,NA,NA,NA,NA,NA,NA,NA,NA,NA,NA,NA,NA,Estuarine,Coastal,Subtidal,TNA,WTNA,43,NA,See Map Figure 2
11v,Scav.1,11v.1,11v.14,NA,14,NA,Point,Map in reference document,30.08364423,-85.64967319,NA,NA,NA,NA,NA,NA,NA,NA,NA,NA,NA,NA,NA,NA,NA,NA,NA,NA,NA,NA,NA,NA,NA,NA,NA,NA,NA,NA,NA,NA,NA,Estuarine,Coastal,Subtidal,TNA,WTNA,43,NA,See Map Figure 2
12r,Cchr.1,12r.1,12r.1,NA,I,Rio Tecolutla,Point,Map in reference document,20.47400059,-97.00072052,NA,NA,NA,NA,NA,NA,NA,NA,NA,NA,NA,NA,NA,NA,NA,NA,NA,NA,NA,NA,NA,NA,NA,NA,NA,NA,NA,NA,NA,NA,NA,Estuarine,Tidal Riverine Coastal,Subtidal,TA,TNWA,69,NA,See Figure 1b
12r,Cchr.1,12r.1,12r.2,NA,II,Rio Tecolutla,Point,Map in reference document,20.47071089,-97.00593758,NA,NA,NA,NA,NA,NA,NA,NA,NA,NA,NA,NA,NA,NA,NA,NA,NA,NA,NA,NA,NA,NA,NA,NA,NA,NA,NA,NA,NA,NA,NA,Estuarine,Tidal Riverine Coastal,Subtidal,TA,TNWA,69,NA,See Figure 1b
12r,Cchr.1,12r.2,12r.3,NA,III,E. Larios,Point,Map in reference document,20.45891437,-96.99620575,NA,NA,NA,NA,NA,NA,NA,NA,NA,NA,NA,NA,NA,NA,NA,NA,NA,NA,NA,NA,NA,NA,NA,NA,NA,NA,NA,NA,NA,NA,NA,Estuarine,Tidal Riverine Coastal,Subtidal,TA,TNWA,69,NA,See Figure 1b
12r,Cchr.1,12r.2,12r.4,NA,IV,E. Larios,Point,Map in reference document,20.46046536,-96.99720903,NA,NA,NA,NA,NA,NA,NA,NA,NA,NA,NA,NA,NA,NA,NA,NA,NA,NA,NA,NA,NA,NA,NA,NA,NA,NA,NA,NA,NA,NA,NA,Estuarine,Tidal Riverine Coastal,Subtidal,TA,TNWA,69,NA,See Figure 1b
12r,Cchr.1,12r.2,12r.5,NA,V,E. Larios,Point,Map in reference document,20.46521222,-96.99911527,NA,NA,NA,NA,NA,NA,NA,NA,NA,NA,NA,NA,NA,NA,NA,NA,NA,NA,NA,NA,NA,NA,NA,NA,NA,NA,NA,NA,NA,NA,NA,Estuarine,Tidal Riverine Coastal,Subtidal,TA,TNWA,69,NA,See Figure 1b
12r,Cchr.1,"12r,4",12r.6,NA,VI,E. El Negro,Point,Map in reference document,20.46248632,-97.01852876,NA,NA,NA,NA,NA,NA,NA,NA,NA,NA,NA,NA,NA,NA,NA,NA,NA,NA,NA,NA,NA,NA,NA,NA,NA,NA,NA,NA,NA,NA,NA,Estuarine,Tidal Riverine Coastal,Subtidal,TA,TNWA,69,NA,See Figure 1b
12r,Cchr.1,12r.3,12r.7,NA,VII,E. Silvena,Point,Map in reference document,20.46742111,-97.02364549,NA,NA,NA,NA,NA,NA,NA,NA,NA,NA,NA,NA,NA,NA,NA,NA,NA,NA,NA,NA,NA,NA,NA,NA,NA,NA,NA,NA,NA,NA,NA,Estuarine,Tidal Riverine Coastal,Subtidal,TA,TNWA,69,NA,See Figure 1b
12r,Cchr.1,12r.3,12r.8,NA,VIII,E. Silvena,Point,Map in reference document,20.46826706,-97.01943171,NA,NA,NA,NA,NA,NA,NA,NA,NA,NA,NA,NA,NA,NA,NA,NA,NA,NA,NA,NA,NA,NA,NA,NA,NA,NA,NA,NA,NA,NA,NA,Estuarine,Tidal Riverine Coastal,Subtidal,TA,TNWA,69,NA,See Figure 1b
12r,Cchr.1,12r.1,12r.9,NA,IX,Rio Tecolutla,Point,Map in reference document,20.47291969,-97.01286022,NA,NA,NA,NA,NA,NA,NA,NA,NA,NA,NA,NA,NA,NA,NA,NA,NA,NA,NA,NA,NA,NA,NA,NA,NA,NA,NA,NA,NA,NA,NA,Estuarine,Tidal Riverine Coastal,Subtidal,TA,TNWA,69,NA,See Figure 1b
12r,Cchr.1,12r.1,12r.10,NA,X,Rio Tecolutla,Point,Map in reference document,20.47259072,-97.02113729,NA,NA,NA,NA,NA,NA,NA,NA,NA,NA,NA,NA,NA,NA,NA,NA,NA,NA,NA,NA,NA,NA,NA,NA,NA,NA,NA,NA,NA,NA,NA,Estuarine,Tidal Riverine Coastal,Subtidal,TA,TNWA,69,NA,See Figure 1b
14a,Cchr.1,14a.1,14a.1,NA,I,La Laguneta,Point,Map in reference document,18.50991,-95.017197,NA,NA,NA,2005,NA,NA,NA,NA,NA,NA,NA,NA,NA,NA,NA,NA,NA,NA,NA,NA,NA,NA,NA,NA,NA,NA,NA,NA,NA,NA,NA,Estuarine,Coastal,Subtidal,TA,TNWA,69,explicit and direct link,See map p 8.
14a,Cchr.1,14a.1,14a.2,NA,II,La Laguneta,Point,Map in reference document,18.508152,-95.023395,NA,NA,NA,2005,NA,NA,NA,NA,NA,NA,NA,NA,NA,NA,NA,NA,NA,NA,NA,NA,NA,NA,NA,NA,NA,NA,NA,NA,NA,NA,NA,Estuarine,Coastal,Subtidal,TA,TNWA,69,explicit and direct link,See map p 8.
14a,Cchr.1,14a.1,14a.3,NA,III,El Tularcito,Point,Map in reference document,18.512517,-95.029469,NA,NA,NA,2005,NA,NA,NA,NA,NA,NA,NA,NA,NA,NA,NA,NA,NA,NA,NA,NA,NA,NA,NA,NA,NA,NA,NA,NA,NA,NA,NA,Estuarine,Coastal,Subtidal,TA,TNWA,69,explicit and direct link,See map p 8.
14a,Cchr.1,14a.1,14a.4,NA,IV,El Tularcito,Point,Map in reference document,18.516021,-95.024061,NA,NA,NA,2005,NA,NA,NA,NA,NA,NA,NA,NA,NA,NA,NA,NA,NA,NA,NA,NA,NA,NA,NA,NA,NA,NA,NA,NA,NA,NA,NA,Estuarine,Coastal,Subtidal,TA,TNWA,69,explicit and direct link,See map p 8.
14a,Cchr.1,14a.1,14a.5,NA,V,El Tularcito,Point,Map in reference document,18.519266,-95.031192,NA,NA,NA,2005,NA,NA,NA,NA,NA,NA,NA,NA,NA,NA,NA,NA,NA,NA,NA,NA,NA,NA,NA,NA,NA,NA,NA,NA,NA,NA,NA,Estuarine,Coastal,Subtidal,TA,TNWA,69,explicit and direct link,See map p 8.
14a,Cchr.1,14a.1,14a.6,NA,VI,El Tularcito,Point,Map in reference document,18.519772,-95.021028,NA,NA,NA,2005,NA,NA,NA,NA,NA,NA,NA,NA,NA,NA,NA,NA,NA,NA,NA,NA,NA,NA,NA,NA,NA,NA,NA,NA,NA,NA,NA,Estuarine,Coastal,Subtidal,TA,TNWA,69,explicit and direct link,See map p 8.
14a,Cchr.1,14a.1,14a.7,NA,VII,El Bagre,Point,Map in reference document,18.515891,-95.010344,NA,NA,NA,2005,NA,NA,NA,NA,NA,NA,NA,NA,NA,NA,NA,NA,NA,NA,NA,NA,NA,NA,NA,NA,NA,NA,NA,NA,NA,NA,NA,Estuarine,Coastal,Subtidal,TA,TNWA,69,explicit and direct link,See map p 8.
14a,Cchr.1,14a.1,14a.8,NA,VIII,El Bagre,Point,Map in reference document,18.520522,-95.015884,NA,NA,NA,2005,NA,NA,NA,NA,NA,NA,NA,NA,NA,NA,NA,NA,NA,NA,NA,NA,NA,NA,NA,NA,NA,NA,NA,NA,NA,NA,NA,Estuarine,Coastal,Subtidal,TA,TNWA,69,explicit and direct link,See map p 8.
14a,Cchr.1,14a.1,14a.9,NA,IX,Punta Bagre,Point,Map in reference document,18.52715,-95.023274,NA,NA,NA,2005,NA,NA,NA,NA,NA,NA,NA,NA,NA,NA,NA,NA,NA,NA,NA,NA,NA,NA,NA,NA,NA,NA,NA,NA,NA,NA,NA,Estuarine,Coastal,Subtidal,TA,TNWA,69,explicit and direct link,See map p 8.
14a,Cchr.1,14a.1,14a.10,NA,X,El Sumidero,Point,Map in reference document,18.529651,-95.033564,NA,NA,NA,2005,NA,NA,NA,NA,NA,NA,NA,NA,NA,NA,NA,NA,NA,NA,NA,NA,NA,NA,NA,NA,NA,NA,NA,NA,NA,NA,NA,Estuarine,Coastal,Subtidal,TA,TNWA,69,explicit and direct link,See map p 8.
14a,Cchr.1,14a.1,14a.11,NA,XI,El Sumidero,Point,Map in reference document,18.533029,-95.026969,NA,NA,NA,2005,NA,NA,NA,NA,NA,NA,NA,NA,NA,NA,NA,NA,NA,NA,NA,NA,NA,NA,NA,NA,NA,NA,NA,NA,NA,NA,NA,Estuarine,Coastal,Subtidal,TA,TNWA,69,explicit and direct link,See map p 8.
14a,Cchr.1,14a.1,14a.12,NA,XII,Los Muertos,Point,Map in reference document,18.531655,-95.019445,NA,NA,NA,2005,NA,NA,NA,NA,NA,NA,NA,NA,NA,NA,NA,NA,NA,NA,NA,NA,NA,NA,NA,NA,NA,NA,NA,NA,NA,NA,NA,Estuarine,Coastal,Subtidal,TA,TNWA,69,explicit and direct link,See map p 8.
14a,Cchr.1,14a.1,14a.13,NA,XIII,Los Muertos,Point,Map in reference document,18.534531,-95.010212,NA,NA,NA,2005,NA,NA,NA,NA,NA,NA,NA,NA,NA,NA,NA,NA,NA,NA,NA,NA,NA,NA,NA,NA,NA,NA,NA,NA,NA,NA,NA,Estuarine,Coastal,Subtidal,TA,TNWA,69,explicit and direct link,See map p 8.
14a,Cchr.1,14a.1,14a.14,NA,XIV,El Sabalo,Point,Map in reference document,18.531031,-95.002433,NA,NA,NA,2005,NA,NA,NA,NA,NA,NA,NA,NA,NA,NA,NA,NA,NA,NA,NA,NA,NA,NA,NA,NA,NA,NA,NA,NA,NA,NA,NA,Estuarine,Coastal,Subtidal,TA,TNWA,69,explicit and direct link,See map p 8.
14a,Cchr.1,14a.1,14a.15,NA,XV,El Sabalo,Point,Map in reference document,18.526034,-94.997297,NA,NA,NA,2005,NA,NA,NA,NA,NA,NA,NA,NA,NA,NA,NA,NA,NA,NA,NA,NA,NA,NA,NA,NA,NA,NA,NA,NA,NA,NA,NA,Estuarine,Coastal,Subtidal,TA,TNWA,69,explicit and direct link,See map p 8.
14a,Cchr.1,14a.1,14a.16,NA,XVI,Los Muertos,Point,Map in reference document,18.538535,-95.014698,NA,NA,NA,2005,NA,NA,NA,NA,NA,NA,NA,NA,NA,NA,NA,NA,NA,NA,NA,NA,NA,NA,NA,NA,NA,NA,NA,NA,NA,NA,NA,Estuarine,Coastal,Subtidal,TA,TNWA,69,explicit and direct link,See map p 8.
14a,Cchr.1,14a.1,14a.17,NA,XVII,El Real,Point,Map in reference document,18.545791,-95.015358,NA,NA,NA,2005,NA,NA,NA,NA,NA,NA,NA,NA,NA,NA,NA,NA,NA,NA,NA,NA,NA,NA,NA,NA,NA,NA,NA,NA,NA,NA,NA,Estuarine,Coastal,Subtidal,TA,TNWA,69,explicit and direct link,See map p 8.
14a,Cchr.1,14a.1,14a.18,NA,XVIII,El Real,Point,Map in reference document,18.553173,-95.015227,NA,NA,NA,2005,NA,NA,NA,NA,NA,NA,NA,NA,NA,NA,NA,NA,NA,NA,NA,NA,NA,NA,NA,NA,NA,NA,NA,NA,NA,NA,NA,Estuarine,Coastal,Subtidal,TA,TNWA,69,explicit and direct link,See map p 8.
14a,Cchr.1,14a.1,14a.19,NA,XIX,El Real,Point,Map in reference document,18.552916,-95.001769,NA,NA,NA,2005,NA,NA,NA,NA,NA,NA,NA,NA,NA,NA,NA,NA,NA,NA,NA,NA,NA,NA,NA,NA,NA,NA,NA,NA,NA,NA,NA,Estuarine,Coastal,Subtidal,TA,TNWA,69,explicit and direct link,See map p 8.
14a,Cchr.1,14a.1,14a.20,NA,XX,Barra,Point,Map in reference document,18.553807,-94.990011,NA,NA,NA,2005,NA,NA,NA,NA,NA,NA,NA,NA,NA,NA,NA,NA,NA,NA,NA,NA,NA,NA,NA,NA,NA,NA,NA,NA,NA,NA,NA,Estuarine,Coastal,Subtidal,TA,TNWA,69,explicit and direct link,See map p 8.
25s,Cchr.1,25s.1,25s.1,NA,I,Northeast of Ransom Island,Point,Map in reference document,27.872962,-97.13339,NA,NA,NA,NA,NA,NA,NA,NA,NA,NA,NA,NA,NA,NA,NA,NA,NA,NA,NA,NA,NA,NA,NA,NA,NA,NA,NA,NA,NA,NA,NA,Estuarine,Coastal,Subtidal,TNA,WTNA,43,NA,See Map Pg. 3
25s,Cchr.1,25s.1,25s.2,NA,II,Southeast of Ransom Island,Point,Map in reference document,27.865571,-97.131835,NA,NA,NA,NA,NA,NA,NA,NA,NA,NA,NA,NA,NA,NA,NA,NA,NA,NA,NA,NA,NA,NA,NA,NA,NA,NA,NA,NA,NA,NA,NA,Estuarine,Coastal,Subtidal,TNA,WTNA,43,NA,See Map Pg. 3
25s,Cchr.1,25s.1,25s.3,NA,III,West of Ransom Island,Point,Map in reference document,27.868665,-97.137279,NA,NA,NA,NA,NA,NA,NA,NA,NA,NA,NA,NA,NA,NA,NA,NA,NA,NA,NA,NA,NA,NA,NA,NA,NA,NA,NA,NA,NA,NA,NA,Estuarine,Coastal,Subtidal,TNA,WTNA,43,NA,See Map Pg. 3
2p,Cchr.1,2p.1,2p.1,NA,1,Canal (muelle) al norte de la laguna,Point,Map in reference document,18.377971,-92.894441,NA,NA,NA,NA,NA,NA,NA,NA,NA,NA,NA,NA,NA,NA,NA,NA,NA,NA,NA,NA,NA,NA,NA,NA,NA,NA,NA,NA,NA,NA,NA,Estuarine,Coastal,Subtidal,TA,TNWA,69,NA,See Map Pg. 18
2p,Cchr.1,2p.1,2p.2,NA,2,"Zona de union del Rio Chicozapote con la laguna ""El Yucateco""",Point,Map in reference document,18.373242,-92.883992,NA,NA,NA,NA,NA,NA,NA,NA,NA,NA,NA,NA,NA,NA,NA,NA,NA,NA,NA,NA,NA,NA,NA,NA,NA,NA,NA,NA,NA,NA,NA,Estuarine,Coastal,Subtidal,TA,TNWA,69,NA,See Map Pg. 18
2p,Cchr.1,2p.1,2p.3,NA,3,Norte de la laguna,Point,Map in reference document,18.365156,-92.865344,NA,NA,NA,NA,NA,NA,NA,NA,NA,NA,NA,NA,NA,NA,NA,NA,NA,NA,NA,NA,NA,NA,NA,NA,NA,NA,NA,NA,NA,NA,NA,Estuarine,Coastal,Subtidal,TA,TNWA,69,NA,See Map Pg. 18
2p,Cchr.1,2p.1,2p.4,NA,4,Sur de la laguna,Point,Map in reference document,18.367597,-92.849429,NA,NA,NA,NA,NA,NA,NA,NA,NA,NA,NA,NA,NA,NA,NA,NA,NA,NA,NA,NA,NA,NA,NA,NA,NA,NA,NA,NA,NA,NA,NA,Estuarine,Coastal,Subtidal,TA,TNWA,69,NA,See Map Pg. 18
40c,Scav.1,40c.1,40c.1,NA,11,NA,Point,Map in reference document,29.58023,-88.92423,NA,NA,NA,1969,NA,NA,NA,NA,NA,NA,NA,NA,NA,NA,NA,NA,NA,NA,NA,NA,NA,NA,NA,NA,NA,NA,NA,NA,NA,NA,NA,Marine,Nearshore,Subtidal,TNA,WTNA,43,"10 fathoms, explicit and direct link",See maps 9 78-79.
40c,Scav.1,40c.1,40c.2,NA,12,NA,Point,Map in reference document,29.58023,-88.87974,NA,NA,NA,1969,NA,NA,NA,NA,NA,NA,NA,NA,NA,NA,NA,NA,NA,NA,NA,NA,NA,NA,NA,NA,NA,NA,NA,NA,NA,NA,NA,Marine,Nearshore,Subtidal,TNA,WTNA,43,"10 fathoms, explicit and direct link",See maps 9 78-79.
40c,Scav.1,40c.1,40c.3,NA,13,NA,Point,Map in reference document,29.58023,-88.83867,NA,NA,NA,1969,NA,NA,NA,NA,NA,NA,NA,NA,NA,NA,NA,NA,NA,NA,NA,NA,NA,NA,NA,NA,NA,NA,NA,NA,NA,NA,NA,Marine,Nearshore,Subtidal,TNA,WTNA,43,"10 fathoms, explicit and direct link",See maps 9 78-79.
40c,Scav.1,40c.1,40c.4,NA,14,NA,Point,Map in reference document,29.58023,-88.79338,NA,NA,NA,1969,NA,NA,NA,NA,NA,NA,NA,NA,NA,NA,NA,NA,NA,NA,NA,NA,NA,NA,NA,NA,NA,NA,NA,NA,NA,NA,NA,Marine,Nearshore,Subtidal,TNA,WTNA,43,"10 fathoms, explicit and direct link",See maps 9 78-79.
40c,Scav.1,40c.1,40c.5,NA,15,NA,Point,Map in reference document,29.58023,-88.7515,NA,NA,NA,1969,NA,NA,NA,NA,NA,NA,NA,NA,NA,NA,NA,NA,NA,NA,NA,NA,NA,NA,NA,NA,NA,NA,NA,NA,NA,NA,NA,Marine,Nearshore,Subtidal,TNA,WTNA,43,"10 fathoms, explicit and direct link",See maps 9 78-79.
40c,Scav.1,40c.1,40c.6,NA,16,NA,Point,Map in reference document,29.58322,-88.70706,NA,NA,NA,1969,NA,NA,NA,NA,NA,NA,NA,NA,NA,NA,NA,NA,NA,NA,NA,NA,NA,NA,NA,NA,NA,NA,NA,NA,NA,NA,NA,Marine,Nearshore,Subtidal,TNA,WTNA,43,"10 fathoms, explicit and direct link",See maps 9 78-79.
40c,Scav.1,40c.1,40c.7,NA,17,NA,Point,Map in reference document,29.58322,-88.66136,NA,NA,NA,1969,NA,NA,NA,NA,NA,NA,NA,NA,NA,NA,NA,NA,NA,NA,NA,NA,NA,NA,NA,NA,NA,NA,NA,NA,NA,NA,NA,Marine,Nearshore,Subtidal,TNA,WTNA,43,"10 fathoms, explicit and direct link",See maps 9 78-79.
40c,Scav.1,40c.1,40c.8,NA,s1,NA,Point,Map in reference document,29.55916,-88.64578,NA,NA,NA,1969,NA,NA,NA,NA,NA,NA,NA,NA,NA,NA,NA,NA,NA,NA,NA,NA,NA,NA,NA,NA,NA,NA,NA,NA,NA,NA,NA,Marine,Nearshore,Subtidal,TNA,WTNA,43,"10 fathoms, explicit and direct link",See maps 9 78-79.
40c,Scav.1,40c.1,40c.9,NA,27,NA,Point,Map in reference document,29.53436,-88.744,NA,NA,NA,1969,NA,NA,NA,NA,NA,NA,NA,NA,NA,NA,NA,NA,NA,NA,NA,NA,NA,NA,NA,NA,NA,NA,NA,NA,NA,NA,NA,Marine,Nearshore,Subtidal,TNA,WTNA,43,"10 fathoms, explicit and direct link",See maps 9 78-79.
40c,Scav.1,40c.1,40c.10,NA,s2,NA,Point,Map in reference document,29.53185,-88.78164,NA,NA,NA,1969,NA,NA,NA,NA,NA,NA,NA,NA,NA,NA,NA,NA,NA,NA,NA,NA,NA,NA,NA,NA,NA,NA,NA,NA,NA,NA,NA,Marine,Nearshore,Subtidal,TNA,WTNA,43,"10 fathoms, explicit and direct link",See maps 9 78-79.
40c,Scav.1,40c.1,40c.11,NA,31,NA,Point,Map in reference document,29.520505,-88.82015,NA,NA,NA,1969,NA,NA,NA,NA,NA,NA,NA,NA,NA,NA,NA,NA,NA,NA,NA,NA,NA,NA,NA,NA,NA,NA,NA,NA,NA,NA,NA,Marine,Nearshore,Subtidal,TNA,WTNA,43,"10 fathoms, explicit and direct link",See maps 9 78-79.
40c,Scav.1,40c.1,40c.12,NA,47,NA,Point,Map in reference document,29.52059,-88.92173,NA,NA,NA,1969,NA,NA,NA,NA,NA,NA,NA,NA,NA,NA,NA,NA,NA,NA,NA,NA,NA,NA,NA,NA,NA,NA,NA,NA,NA,NA,NA,Marine,Nearshore,Subtidal,TNA,WTNA,43,"10 fathoms, explicit and direct link",See maps 9 78-79.
40c,Scav.1,40c.1,40c.13,NA,s4,NA,Point,Map in reference document,29.48155,-88.90188,NA,NA,NA,1969,NA,NA,NA,NA,NA,NA,NA,NA,NA,NA,NA,NA,NA,NA,NA,NA,NA,NA,NA,NA,NA,NA,NA,NA,NA,NA,NA,Marine,Nearshore,Subtidal,TNA,WTNA,43,"10 fathoms, explicit and direct link",See maps 9 78-79.
40c,Scav.1,40c.1,40c.14,NA,26,NA,Point,Map in reference document,29.44583,-88.90321,NA,NA,NA,1969,NA,NA,NA,NA,NA,NA,NA,NA,NA,NA,NA,NA,NA,NA,NA,NA,NA,NA,NA,NA,NA,NA,NA,NA,NA,NA,NA,Marine,Nearshore,Subtidal,TNA,WTNA,43,"10 fathoms, explicit and direct link",See maps 9 78-79.
40c,Scav.1,40c.1,40c.15,NA,51,NA,Point,Map in reference document,29.3704,-88.90032,NA,NA,NA,1969,NA,NA,NA,NA,NA,NA,NA,NA,NA,NA,NA,NA,NA,NA,NA,NA,NA,NA,NA,NA,NA,NA,NA,NA,NA,NA,NA,Marine,Nearshore,Subtidal,TNA,WTNA,43,"10 fathoms, explicit and direct link",See maps 9 78-79.
40c,Scav.1,40c.2,40c.16,NA,23,NA,Point,Map in reference document,29.33615,-88.89573,NA,NA,NA,1969,NA,NA,NA,NA,NA,NA,NA,NA,NA,NA,NA,NA,NA,NA,NA,NA,NA,NA,NA,NA,NA,NA,NA,NA,NA,NA,NA,Marine,Nearshore,Subtidal,TNA,WTNA,43,"10 fathoms, explicit and direct link",See maps 9 78-79.
40c,Scav.1,40c.2,40c.17,NA,24,NA,Point,Map in reference document,29.51869,-88.65057,NA,NA,NA,1969,NA,NA,NA,NA,NA,NA,NA,NA,NA,NA,NA,NA,NA,NA,NA,NA,NA,NA,NA,NA,NA,NA,NA,NA,NA,NA,NA,Marine,Nearshore,Subtidal,TNA,WTNA,43,"10 - 27 fathoms, explicit and direct link",See maps 9 78-79.
40c,Scav.1,40c.2,40c.18,NA,25,NA,Point,Map in reference document,29.52212,-88.69667,NA,NA,NA,1969,NA,NA,NA,NA,NA,NA,NA,NA,NA,NA,NA,NA,NA,NA,NA,NA,NA,NA,NA,NA,NA,NA,NA,NA,NA,NA,NA,Marine,Nearshore,Subtidal,TNA,WTNA,43,"10 - 27 fathoms, explicit and direct link",See maps 9 78-79.
40c,Scav.1,40c.2,40c.19,NA,21,NA,Point,Map in reference document,29.51871,-88.8633,NA,NA,NA,1969,NA,NA,NA,NA,NA,NA,NA,NA,NA,NA,NA,NA,NA,NA,NA,NA,NA,NA,NA,NA,NA,NA,NA,NA,NA,NA,NA,Marine,Nearshore,Subtidal,TNA,WTNA,43,"10 - 27 fathoms, explicit and direct link",See maps 9 78-79.
40c,Scav.1,40c.2,40c.20,NA,22,NA,Point,Map in reference document,29.44694,-88.85666,NA,NA,NA,1969,NA,NA,NA,NA,NA,NA,NA,NA,NA,NA,NA,NA,NA,NA,NA,NA,NA,NA,NA,NA,NA,NA,NA,NA,NA,NA,NA,Marine,Nearshore,Subtidal,TNA,WTNA,43,"10 - 27 fathoms, explicit and direct link",See maps 9 78-79.
40c,Scav.1,40c.2,40c.21,NA,32,NA,Point,Map in reference document,29.44694,-88.73325,NA,NA,NA,1969,NA,NA,NA,NA,NA,NA,NA,NA,NA,NA,NA,NA,NA,NA,NA,NA,NA,NA,NA,NA,NA,NA,NA,NA,NA,NA,NA,Marine,Nearshore,Subtidal,TNA,WTNA,43,"10 - 27 fathoms, explicit and direct link",See maps 9 78-79.
40c,Scav.1,40c.2,40c.22,NA,35,NA,Point,Map in reference document,29.44694,-88.77694,NA,NA,NA,1969,NA,NA,NA,NA,NA,NA,NA,NA,NA,NA,NA,NA,NA,NA,NA,NA,NA,NA,NA,NA,NA,NA,NA,NA,NA,NA,NA,Marine,Nearshore,Subtidal,TNA,WTNA,43,"10 - 27 fathoms, explicit and direct link",See maps 9 78-79.
40c,Scav.1,40c.2,40c.23,NA,34,NA,Point,Map in reference document,29.44694,-88.73316,NA,NA,NA,1969,NA,NA,NA,NA,NA,NA,NA,NA,NA,NA,NA,NA,NA,NA,NA,NA,NA,NA,NA,NA,NA,NA,NA,NA,NA,NA,NA,Marine,Nearshore,Subtidal,TNA,WTNA,43,"10 - 27 fathoms, explicit and direct link",See maps 9 78-79.
40c,Scav.1,40c.2,40c.24,NA,33,NA,Point,Map in reference document,29.44619,-88.69174,NA,NA,NA,1969,NA,NA,NA,NA,NA,NA,NA,NA,NA,NA,NA,NA,NA,NA,NA,NA,NA,NA,NA,NA,NA,NA,NA,NA,NA,NA,NA,Marine,Nearshore,Subtidal,TNA,WTNA,43,"10 - 27 fathoms, explicit and direct link",See maps 9 78-79.
40c,Scav.1,40c.2,40c.25,NA,36,NA,Point,Map in reference document,29.44694,-88.64703,NA,NA,NA,1969,NA,NA,NA,NA,NA,NA,NA,NA,NA,NA,NA,NA,NA,NA,NA,NA,NA,NA,NA,NA,NA,NA,NA,NA,NA,NA,NA,Marine,Nearshore,Subtidal,TNA,WTNA,43,"10 - 27 fathoms, explicit and direct link",See maps 9 78-79.
40c,Scav.1,40c.2,40c.26,NA,37,NA,Point,Map in reference document,29.40846,-88.64774,NA,NA,NA,1969,NA,NA,NA,NA,NA,NA,NA,NA,NA,NA,NA,NA,NA,NA,NA,NA,NA,NA,NA,NA,NA,NA,NA,NA,NA,NA,NA,Marine,Nearshore,Subtidal,TNA,WTNA,43,"10 - 27 fathoms, explicit and direct link",See maps 9 78-79.
40c,Scav.1,40c.2,40c.27,NA,s3,NA,Point,Map in reference document,29.37447,-88.6529,NA,NA,NA,1969,NA,NA,NA,NA,NA,NA,NA,NA,NA,NA,NA,NA,NA,NA,NA,NA,NA,NA,NA,NA,NA,NA,NA,NA,NA,NA,NA,Marine,Nearshore,Subtidal,TNA,WTNA,43,"10 - 27 fathoms, explicit and direct link",See maps 9 78-79.
40c,Scav.1,40c.2,40c.28,NA,41,NA,Point,Map in reference document,29.37458,-88.69581,NA,NA,NA,1969,NA,NA,NA,NA,NA,NA,NA,NA,NA,NA,NA,NA,NA,NA,NA,NA,NA,NA,NA,NA,NA,NA,NA,NA,NA,NA,NA,Marine,Nearshore,Subtidal,TNA,WTNA,43,"10 - 27 fathoms, explicit and direct link",See maps 9 78-79.
40c,Scav.1,40c.2,40c.29,NA,42,NA,Point,Map in reference document,29.40399,-88.73475,NA,NA,NA,1969,NA,NA,NA,NA,NA,NA,NA,NA,NA,NA,NA,NA,NA,NA,NA,NA,NA,NA,NA,NA,NA,NA,NA,NA,NA,NA,NA,Marine,Nearshore,Subtidal,TNA,WTNA,43,"10 - 27 fathoms, explicit and direct link",See maps 9 78-79.
40c,Scav.1,40c.2,40c.30,NA,s5,NA,Point,Map in reference document,29.37493,-88.7366,NA,NA,NA,1969,NA,NA,NA,NA,NA,NA,NA,NA,NA,NA,NA,NA,NA,NA,NA,NA,NA,NA,NA,NA,NA,NA,NA,NA,NA,NA,NA,Marine,Nearshore,Subtidal,TNA,WTNA,43,"10 - 27 fathoms, explicit and direct link",See maps 9 78-79.
40c,Scav.1,40c.2,40c.31,NA,43,NA,Point,Map in reference document,29.37551,-88.77024,NA,NA,NA,1969,NA,NA,NA,NA,NA,NA,NA,NA,NA,NA,NA,NA,NA,NA,NA,NA,NA,NA,NA,NA,NA,NA,NA,NA,NA,NA,NA,Marine,Nearshore,Subtidal,TNA,WTNA,43,"10 - 27 fathoms, explicit and direct link",See maps 9 78-79.
40c,Scav.1,40c.2,40c.32,NA,44,NA,Point,Map in reference document,29.37868,-88.81787,NA,NA,NA,1969,NA,NA,NA,NA,NA,NA,NA,NA,NA,NA,NA,NA,NA,NA,NA,NA,NA,NA,NA,NA,NA,NA,NA,NA,NA,NA,NA,Marine,Nearshore,Subtidal,TNA,WTNA,43,"10 - 27 fathoms, explicit and direct link",See maps 9 78-79.
40c,Scav.1,40c.2,40c.33,NA,45,NA,Point,Map in reference document,29.3769,-88.85958,NA,NA,NA,1969,NA,NA,NA,NA,NA,NA,NA,NA,NA,NA,NA,NA,NA,NA,NA,NA,NA,NA,NA,NA,NA,NA,NA,NA,NA,NA,NA,Marine,Nearshore,Subtidal,TNA,WTNA,43,"10 - 27 fathoms, explicit and direct link",See maps 9 78-79.
40c,Scav.1,40c.2,40c.34,NA,46,NA,Point,Map in reference document,29.30245,-88.89806,NA,NA,NA,1969,NA,NA,NA,NA,NA,NA,NA,NA,NA,NA,NA,NA,NA,NA,NA,NA,NA,NA,NA,NA,NA,NA,NA,NA,NA,NA,NA,Marine,Nearshore,Subtidal,TNA,WTNA,43,"7 - 100 fathoms, explicit and direct link",See maps 9 78-79.
40c,Scav.1,40c.2,40c.35,NA,56,NA,Point,Map in reference document,29.30705,-88.81146,NA,NA,NA,1969,NA,NA,NA,NA,NA,NA,NA,NA,NA,NA,NA,NA,NA,NA,NA,NA,NA,NA,NA,NA,NA,NA,NA,NA,NA,NA,NA,Marine,Nearshore,Subtidal,TNA,WTNA,43,"7 - 100 fathoms, explicit and direct link",See maps 9 78-79.
40c,Scav.1,40c.2,40c.36,NA,53,NA,Point,Map in reference document,29.22952,-88.87165,NA,NA,NA,1969,NA,NA,NA,NA,NA,NA,NA,NA,NA,NA,NA,NA,NA,NA,NA,NA,NA,NA,NA,NA,NA,NA,NA,NA,NA,NA,NA,Marine,Nearshore,Subtidal,TNA,WTNA,43,"7 - 100 fathoms, explicit and direct link",See maps 9 78-79.
40c,Scav.1,40c.2,40c.37,NA,52,NA,Point,Map in reference document,29.20744,-88.85652,NA,NA,NA,1969,NA,NA,NA,NA,NA,NA,NA,NA,NA,NA,NA,NA,NA,NA,NA,NA,NA,NA,NA,NA,NA,NA,NA,NA,NA,NA,NA,Marine,Nearshore,Subtidal,TNA,WTNA,43,"7 - 100 fathoms, explicit and direct link",See maps 9 78-79.
40c,Scav.1,40c.3,40c.38,NA,61,NA,Point,Map in reference document,29.22662,-88.8211,NA,NA,NA,1969,NA,NA,NA,NA,NA,NA,NA,NA,NA,NA,NA,NA,NA,NA,NA,NA,NA,NA,NA,NA,NA,NA,NA,NA,NA,NA,NA,Marine,Nearshore,Subtidal,TNA,WTNA,43,"7 - 100 fathoms, explicit and direct link",See maps 9 78-79.
40c,Scav.1,40c.3,40c.39,NA,s6,NA,Point,Map in reference document,29.14616,-88.81347,NA,NA,NA,1969,NA,NA,NA,NA,NA,NA,NA,NA,NA,NA,NA,NA,NA,NA,NA,NA,NA,NA,NA,NA,NA,NA,NA,NA,NA,NA,NA,Marine,Nearshore,Subtidal,TNA,WTNA,43,"7 - 100 fathoms, explicit and direct link",See maps 9 78-79.
40c,Scav.1,40c.3,40c.40,NA,62,NA,Point,Map in reference document,29.14616,-88.85287,NA,NA,NA,1969,NA,NA,NA,NA,NA,NA,NA,NA,NA,NA,NA,NA,NA,NA,NA,NA,NA,NA,NA,NA,NA,NA,NA,NA,NA,NA,NA,Marine,Nearshore,Subtidal,TNA,WTNA,43,"7 - 100 fathoms, explicit and direct link",See maps 9 78-79.
40c,Scav.1,40c.3,40c.41,NA,74,NA,Point,Map in reference document,29.14616,-88.89386,NA,NA,NA,1969,NA,NA,NA,NA,NA,NA,NA,NA,NA,NA,NA,NA,NA,NA,NA,NA,NA,NA,NA,NA,NA,NA,NA,NA,NA,NA,NA,Marine,Nearshore,Subtidal,TNA,WTNA,43,"7 - 100 fathoms, explicit and direct link",See maps 9 78-79.
40c,Scav.1,40c.3,40c.42,NA,75,NA,Point,Map in reference document,29.14616,-88.93321,NA,NA,NA,1969,NA,NA,NA,NA,NA,NA,NA,NA,NA,NA,NA,NA,NA,NA,NA,NA,NA,NA,NA,NA,NA,NA,NA,NA,NA,NA,NA,Marine,Nearshore,Subtidal,TNA,WTNA,43,"7 - 100 fathoms, explicit and direct link",See maps 9 78-79.
40c,Scav.1,40c.3,40c.43,NA,76,NA,Point,Map in reference document,29.30154,-88.77309,NA,NA,NA,1969,NA,NA,NA,NA,NA,NA,NA,NA,NA,NA,NA,NA,NA,NA,NA,NA,NA,NA,NA,NA,NA,NA,NA,NA,NA,NA,NA,Marine,Nearshore,Subtidal,TNA,WTNA,43,"100 fathoms, explict and direct link",See maps 9 78-79.
40c,Scav.1,40c.3,40c.44,NA,77,NA,Point,Map in reference document,29.30016,-88.72876,NA,NA,NA,1969,NA,NA,NA,NA,NA,NA,NA,NA,NA,NA,NA,NA,NA,NA,NA,NA,NA,NA,NA,NA,NA,NA,NA,NA,NA,NA,NA,Marine,Nearshore,Subtidal,TNA,WTNA,43,"100 fathoms, explict and direct link",See maps 9 78-79.
40c,Scav.1,40c.4,40c.45,NA,55,NA,Point,Map in reference document,29.30864,-88.68887,NA,NA,NA,1969,NA,NA,NA,NA,NA,NA,NA,NA,NA,NA,NA,NA,NA,NA,NA,NA,NA,NA,NA,NA,NA,NA,NA,NA,NA,NA,NA,Marine,Nearshore,Subtidal,TNA,WTNA,43,"100 fathoms, explict and direct link",See maps 9 78-79.
40c,Scav.1,40c.4,40c.46,NA,54,NA,Point,Map in reference document,29.30569,-88.64634,NA,NA,NA,1969,NA,NA,NA,NA,NA,NA,NA,NA,NA,NA,NA,NA,NA,NA,NA,NA,NA,NA,NA,NA,NA,NA,NA,NA,NA,NA,NA,Marine,Nearshore,Subtidal,TNA,WTNA,43,"100 fathoms, explict and direct link",See maps 9 78-79.
40c,Scav.1,40c.4,40c.47,NA,63,NA,Point,Map in reference document,29.22973,-88.79017,NA,NA,NA,1969,NA,NA,NA,NA,NA,NA,NA,NA,NA,NA,NA,NA,NA,NA,NA,NA,NA,NA,NA,NA,NA,NA,NA,NA,NA,NA,NA,Marine,Nearshore,Subtidal,TNA,WTNA,43,"100 fathoms, explict and direct link",See maps 9 78-79.
40c,Scav.1,40c.4,40c.48,NA,64,NA,Point,Map in reference document,29.232088,-88.75017,NA,NA,NA,1969,NA,NA,NA,NA,NA,NA,NA,NA,NA,NA,NA,NA,NA,NA,NA,NA,NA,NA,NA,NA,NA,NA,NA,NA,NA,NA,NA,Marine,Nearshore,Subtidal,TNA,WTNA,43,"100 fathoms, explict and direct link",See maps 9 78-79.
40c,Scav.1,40c.4,40c.49,NA,65,NA,Point,Map in reference document,29.22836,-88.71074,NA,NA,NA,1969,NA,NA,NA,NA,NA,NA,NA,NA,NA,NA,NA,NA,NA,NA,NA,NA,NA,NA,NA,NA,NA,NA,NA,NA,NA,NA,NA,Marine,Nearshore,Subtidal,TNA,WTNA,43,"100 fathoms, explict and direct link",See maps 9 78-79.
40c,Scav.1,40c.4,40c.50,NA,66,NA,Point,Map in reference document,29.22899,-88.66934,NA,NA,NA,1969,NA,NA,NA,NA,NA,NA,NA,NA,NA,NA,NA,NA,NA,NA,NA,NA,NA,NA,NA,NA,NA,NA,NA,NA,NA,NA,NA,Marine,Nearshore,Subtidal,TNA,WTNA,43,"100 fathoms, explict and direct link",See maps 9 78-79.
40c,Scav.1,40c.4,40c.51,NA,67,NA,Point,Map in reference document,29.22838,-88.62519,NA,NA,NA,1969,NA,NA,NA,NA,NA,NA,NA,NA,NA,NA,NA,NA,NA,NA,NA,NA,NA,NA,NA,NA,NA,NA,NA,NA,NA,NA,NA,Marine,Nearshore,Subtidal,TNA,WTNA,43,"100 fathoms, explict and direct link",See maps 9 78-79.
40c,Scav.1,40c.4,40c.52,NA,s7,NA,Point,Map in reference document,29.19237,-88.65756,NA,NA,NA,1969,NA,NA,NA,NA,NA,NA,NA,NA,NA,NA,NA,NA,NA,NA,NA,NA,NA,NA,NA,NA,NA,NA,NA,NA,NA,NA,NA,Marine,Nearshore,Subtidal,TNA,WTNA,43,"100 fathoms, explict and direct link",See maps 9 78-79.
40c,Scav.1,40c.4,40c.53,NA,71,NA,Point,Map in reference document,29.15266,-88.70345,NA,NA,NA,1969,NA,NA,NA,NA,NA,NA,NA,NA,NA,NA,NA,NA,NA,NA,NA,NA,NA,NA,NA,NA,NA,NA,NA,NA,NA,NA,NA,Marine,Nearshore,Subtidal,TNA,WTNA,43,"100 fathoms, explict and direct link",See maps 9 78-79.
40c,Scav.1,40c.4,40c.54,NA,72,NA,Point,Map in reference document,29.15266,-88.74029,NA,NA,NA,1969,NA,NA,NA,NA,NA,NA,NA,NA,NA,NA,NA,NA,NA,NA,NA,NA,NA,NA,NA,NA,NA,NA,NA,NA,NA,NA,NA,Marine,Nearshore,Subtidal,TNA,WTNA,43,"100 fathoms, explict and direct link",See maps 9 78-79.
40c,Scav.1,40c.4,40c.55,NA,73,NA,Point,Map in reference document,29.15266,-88.77772,NA,NA,NA,1969,NA,NA,NA,NA,NA,NA,NA,NA,NA,NA,NA,NA,NA,NA,NA,NA,NA,NA,NA,NA,NA,NA,NA,NA,NA,NA,NA,Marine,Nearshore,Subtidal,TNA,WTNA,43,"100 fathoms, explict and direct link",See maps 9 78-79.
46m,Scav.1,46m.5,46m.1,NA,1,Port  Aransas,Point,Map in reference document,27.843,-97.0606,NA,NA,NA,NA,NA,NA,NA,NA,NA,NA,NA,NA,NA,NA,NA,NA,NA,NA,NA,NA,NA,NA,NA,NA,NA,NA,NA,NA,NA,NA,NA,Marine,Nearshore,Subtidal,TNA,WTNA,43,inference from text,See map p 25.
46m,Scav.1,46m.1,46m.2,NA,2,Long Reef,Point,Map in reference document,28.0571,-96.9415,NA,NA,NA,NA,NA,NA,NA,NA,NA,NA,NA,NA,NA,NA,NA,NA,NA,NA,NA,NA,NA,NA,NA,NA,NA,NA,NA,NA,NA,NA,NA,Estuarine,Coastal,Subtidal,TNA,WTNA,43,inference from text,See map p 25.
46m,Scav.1,46m.1,46m.3,NA,3,Rockport Basin,Point,Map in reference document,28.0197,-97.0451,NA,NA,NA,NA,NA,NA,NA,NA,NA,NA,NA,NA,NA,NA,NA,NA,NA,NA,NA,NA,NA,NA,NA,NA,NA,NA,NA,NA,NA,NA,NA,Estuarine,Coastal,Subtidal,TNA,WTNA,43,inference from text,See map p 25.
46m,Scav.1,46m.1,46m.4,NA,4,Aransas Bay,Point,Map in reference document,28.0907,-96.9844,NA,NA,NA,NA,NA,NA,NA,NA,NA,NA,NA,NA,NA,NA,NA,NA,NA,NA,NA,NA,NA,NA,NA,NA,NA,NA,NA,NA,NA,NA,NA,Estuarine,Coastal,Subtidal,TNA,WTNA,43,inference from text,See map p 25.
46m,Scav.1,46m.3,46m.5,NA,5,Copano Bay,Point,Map in reference document,28.126,-97.0879,NA,NA,NA,NA,NA,NA,NA,NA,NA,NA,NA,NA,NA,NA,NA,NA,NA,NA,NA,NA,NA,NA,NA,NA,NA,NA,NA,NA,NA,NA,NA,Estuarine,Coastal,Subtidal,TNA,WTNA,43,inference from text,See map p 25.
46m,Scav.1,46m.1,46m.6,NA,6,Allyn's Byte,Point,Map in reference document,27.9733,-96.991,NA,NA,NA,NA,NA,NA,NA,NA,NA,NA,NA,NA,NA,NA,NA,NA,NA,NA,NA,NA,NA,NA,NA,NA,NA,NA,NA,NA,NA,NA,NA,Estuarine,Coastal,Subtidal,TNA,WTNA,43,inference from text,See map p 25.
46m,Scav.1,46m.2,46m.7,NA,7,Baffin Bay,Point,Map in reference document,27.2746,-97.4718,NA,NA,NA,NA,NA,NA,NA,NA,NA,NA,NA,NA,NA,NA,NA,NA,NA,NA,NA,NA,NA,NA,NA,NA,NA,NA,NA,NA,NA,NA,NA,Estuarine,Coastal,Subtidal,TNA,WTNA,43,inference from text,See map p 25.
46m,Scav.1,46m.4,46m.8,NA,8,Cedar Bayou,Point,Map in reference document,28.1235,-96.828,NA,NA,NA,NA,NA,NA,NA,NA,NA,NA,NA,NA,NA,NA,NA,NA,NA,NA,NA,NA,NA,NA,NA,NA,NA,NA,NA,NA,NA,NA,NA,Estuarine,Coastal,Subtidal,TNA,WTNA,43,inference from text,See map p 25.
46m,Scav.1,46m.1,46m.9,NA,9,Mud Island,Point,Map in reference document,27.9448,-97.029,NA,NA,NA,NA,NA,NA,NA,NA,NA,NA,NA,NA,NA,NA,NA,NA,NA,NA,NA,NA,NA,NA,NA,NA,NA,NA,NA,NA,NA,NA,NA,Estuarine,Coastal,Subtidal,TNA,WTNA,43,inference from text,See map p 25.
46m,Scav.1,46m.7,46m.10,NA,10,St. Charles Bay,Point,Map in reference document,28.1462,-96.9588,NA,NA,NA,NA,NA,NA,NA,NA,NA,NA,NA,NA,NA,NA,NA,NA,NA,NA,NA,NA,NA,NA,NA,NA,NA,NA,NA,NA,NA,NA,NA,Estuarine,Coastal,Subtidal,TNA,WTNA,43,inference from text,See map p 25.
46m,Scav.1,46m.4,46m.11,NA,11,Mesquite Bay,Point,Map in reference document,28.1497,-96.8552,NA,NA,NA,NA,NA,NA,NA,NA,NA,NA,NA,NA,NA,NA,NA,NA,NA,NA,NA,NA,NA,NA,NA,NA,NA,NA,NA,NA,NA,NA,NA,Estuarine,Coastal,Subtidal,TNA,WTNA,43,inference from text,See map p 25.
17t,Cchr.1,17t.2,17t.1,NA,10m,Trawl at 10m isobath,Trawl,Map in reference document,,NA,NA,NA,NA,NA,NA,NA,NA,NA,19.69136752,-96.37960155,NA,NA,NA,NA,NA,NA,NA,19.73336338,-96.38625609,NA,NA,NA,NA,NA,NA,NA,NA,NA,NA,NA,NA,Marine,Nearshore,Subtidal,TA,TNWA,69,NA,NA
17t,Cchr.1,17t.2,17t.2,NA,20m,Trawl at 20m isobath,Trawl,Map in reference document,,NA,NA,NA,NA,NA,NA,NA,NA,NA,19.69166461,-96.37270489,NA,NA,NA,NA,NA,NA,NA,19.73429134,-96.37910862,NA,NA,NA,NA,NA,NA,NA,NA,NA,NA,NA,NA,Marine,Nearshore,Subtidal,TA,TNWA,69,NA,NA
17t,Cchr.1,17t.1,17t.3,NA,30m,Trawl at 30m isobath,Trawl,Map in reference document,,NA,NA,NA,NA,NA,NA,NA,NA,NA,19.691842,-96.36559712,NA,NA,NA,NA,NA,NA,NA,19.7358085,-96.37216298,NA,NA,NA,NA,NA,NA,NA,NA,NA,NA,NA,NA,Marine,Offshore,Subtidal,TA,TNWA,69,NA,NA
17t,Cchr.1,17t.1,17t.4,NA,40m,Trawl at 40m isobath,Trawl,Map in reference document,,NA,NA,NA,NA,NA,NA,NA,NA,NA,19.69252778,-96.35717326,NA,NA,NA,NA,NA,NA,NA,19.7369656,-96.36384703,NA,NA,NA,NA,NA,NA,NA,NA,NA,NA,NA,NA,Marine,Offshore,Subtidal,TA,TNWA,69,NA,NA
17t,Cchr.1,17t.1,17t.5,NA,50m,Trawl at 50m isobath,Trawl,Map in reference document,,NA,NA,NA,NA,NA,NA,NA,NA,NA,19.69252778,-96.34405184,NA,NA,NA,NA,NA,NA,NA,19.73871189,-96.35129655,NA,NA,NA,NA,NA,NA,NA,NA,NA,NA,NA,NA,Marine,Offshore,Subtidal,TA,TNWA,69,NA,NA
17t,Cchr.2,17t.2,17t.1,NA,10m,Trawl at 10m isobath,Trawl,Map in reference document,,NA,NA,NA,NA,NA,NA,NA,NA,NA,19.69136752,-96.37960155,NA,NA,NA,NA,NA,NA,NA,19.73336338,-96.38625609,NA,NA,NA,NA,NA,NA,NA,NA,NA,NA,NA,NA,Marine,Nearshore,Subtidal,TA,TNWA,69,NA,NA
17t,Cchr.2,17t.2,17t.2,NA,20m,Trawl at 20m isobath,Trawl,Map in reference document,,NA,NA,NA,NA,NA,NA,NA,NA,NA,19.69166461,-96.37270489,NA,NA,NA,NA,NA,NA,NA,19.73429134,-96.37910862,NA,NA,NA,NA,NA,NA,NA,NA,NA,NA,NA,NA,Marine,Nearshore,Subtidal,TA,TNWA,69,NA,NA
17t,Cchr.2,17t.1,17t.3,NA,30m,Trawl at 30m isobath,Trawl,Map in reference document,,NA,NA,NA,NA,NA,NA,NA,NA,NA,19.691842,-96.36559712,NA,NA,NA,NA,NA,NA,NA,19.7358085,-96.37216298,NA,NA,NA,NA,NA,NA,NA,NA,NA,NA,NA,NA,Marine,Offshore,Subtidal,TA,TNWA,69,NA,NA
17t,Cchr.2,17t.1,17t.4,NA,40m,Trawl at 40m isobath,Trawl,Map in reference document,,NA,NA,NA,NA,NA,NA,NA,NA,NA,19.69252778,-96.35717326,NA,NA,NA,NA,NA,NA,NA,19.7369656,-96.36384703,NA,NA,NA,NA,NA,NA,NA,NA,NA,NA,NA,NA,Marine,Offshore,Subtidal,TA,TNWA,69,NA,NA
17t,Cchr.2,17t.1,17t.5,NA,50m,Trawl at 50m isobath,Trawl,Map in reference document,,NA,NA,NA,NA,NA,NA,NA,NA,NA,19.69252778,-96.34405184,NA,NA,NA,NA,NA,NA,NA,19.73871189,-96.35129655,NA,NA,NA,NA,NA,NA,NA,NA,NA,NA,NA,NA,Marine,Offshore,Subtidal,TA,TNWA,69,NA,NA
17t,Cchr.3,17t.2,17t.1,NA,10m,Trawl at 10m isobath,Trawl,Map in reference document,,NA,NA,NA,NA,NA,NA,NA,NA,NA,19.69136752,-96.37960155,NA,NA,NA,NA,NA,NA,NA,19.73336338,-96.38625609,NA,NA,NA,NA,NA,NA,NA,NA,NA,NA,NA,NA,Marine,Nearshore,Subtidal,TA,TNWA,69,NA,NA
17t,Cchr.3,17t.2,17t.2,NA,20m,Trawl at 20m isobath,Trawl,Map in reference document,,NA,NA,NA,NA,NA,NA,NA,NA,NA,19.69166461,-96.37270489,NA,NA,NA,NA,NA,NA,NA,19.73429134,-96.37910862,NA,NA,NA,NA,NA,NA,NA,NA,NA,NA,NA,NA,Marine,Nearshore,Subtidal,TA,TNWA,69,NA,NA
17t,Cchr.3,17t.1,17t.3,NA,30m,Trawl at 30m isobath,Trawl,Map in reference document,,NA,NA,NA,NA,NA,NA,NA,NA,NA,19.691842,-96.36559712,NA,NA,NA,NA,NA,NA,NA,19.7358085,-96.37216298,NA,NA,NA,NA,NA,NA,NA,NA,NA,NA,NA,NA,Marine,Offshore,Subtidal,TA,TNWA,69,NA,NA
17t,Cchr.3,17t.1,17t.4,NA,40m,Trawl at 40m isobath,Trawl,Map in reference document,,NA,NA,NA,NA,NA,NA,NA,NA,NA,19.69252778,-96.35717326,NA,NA,NA,NA,NA,NA,NA,19.7369656,-96.36384703,NA,NA,NA,NA,NA,NA,NA,NA,NA,NA,NA,NA,Marine,Offshore,Subtidal,TA,TNWA,69,NA,NA
17t,Cchr.3,17t.1,17t.5,NA,50m,Trawl at 50m isobath,Trawl,Map in reference document,,NA,NA,NA,NA,NA,NA,NA,NA,NA,19.69252778,-96.34405184,NA,NA,NA,NA,NA,NA,NA,19.73871189,-96.35129655,NA,NA,NA,NA,NA,NA,NA,NA,NA,NA,NA,NA,Marine,Offshore,Subtidal,TA,TNWA,69,NA,NA
17t,Cchr.4,17t.2,17t.1,NA,10m,Trawl at 10m isobath,Trawl,Map in reference document,,NA,NA,NA,NA,NA,NA,NA,NA,NA,19.69136752,-96.37960155,NA,NA,NA,NA,NA,NA,NA,19.73336338,-96.38625609,NA,NA,NA,NA,NA,NA,NA,NA,NA,NA,NA,NA,Marine,Nearshore,Subtidal,TA,TNWA,69,NA,NA
17t,Cchr.4,17t.2,17t.2,NA,20m,Trawl at 20m isobath,Trawl,Map in reference document,,NA,NA,NA,NA,NA,NA,NA,NA,NA,19.69166461,-96.37270489,NA,NA,NA,NA,NA,NA,NA,19.73429134,-96.37910862,NA,NA,NA,NA,NA,NA,NA,NA,NA,NA,NA,NA,Marine,Nearshore,Subtidal,TA,TNWA,69,NA,NA
17t,Cchr.4,17t.1,17t.3,NA,30m,Trawl at 30m isobath,Trawl,Map in reference document,,NA,NA,NA,NA,NA,NA,NA,NA,NA,19.691842,-96.36559712,NA,NA,NA,NA,NA,NA,NA,19.7358085,-96.37216298,NA,NA,NA,NA,NA,NA,NA,NA,NA,NA,NA,NA,Marine,Offshore,Subtidal,TA,TNWA,69,NA,NA
17t,Cchr.4,17t.1,17t.4,NA,40m,Trawl at 40m isobath,Trawl,Map in reference document,,NA,NA,NA,NA,NA,NA,NA,NA,NA,19.69252778,-96.35717326,NA,NA,NA,NA,NA,NA,NA,19.7369656,-96.36384703,NA,NA,NA,NA,NA,NA,NA,NA,NA,NA,NA,NA,Marine,Offshore,Subtidal,TA,TNWA,69,NA,NA
17t,Cchr.4,17t.1,17t.5,NA,50m,Trawl at 50m isobath,Trawl,Map in reference document,,NA,NA,NA,NA,NA,NA,NA,NA,NA,19.69252778,-96.34405184,NA,NA,NA,NA,NA,NA,NA,19.73871189,-96.35129655,NA,NA,NA,NA,NA,NA,NA,NA,NA,NA,NA,NA,Marine,Offshore,Subtidal,TA,TNWA,69,NA,NA
17t,Cchr.5,17t.2,17t.1,NA,10m,Trawl at 10m isobath,Trawl,Map in reference document,,NA,NA,NA,NA,NA,NA,NA,NA,NA,19.69136752,-96.37960155,NA,NA,NA,NA,NA,NA,NA,19.73336338,-96.38625609,NA,NA,NA,NA,NA,NA,NA,NA,NA,NA,NA,NA,Marine,Nearshore,Subtidal,TA,TNWA,69,NA,NA
17t,Cchr.5,17t.2,17t.2,NA,20m,Trawl at 20m isobath,Trawl,Map in reference document,,NA,NA,NA,NA,NA,NA,NA,NA,NA,19.69166461,-96.37270489,NA,NA,NA,NA,NA,NA,NA,19.73429134,-96.37910862,NA,NA,NA,NA,NA,NA,NA,NA,NA,NA,NA,NA,Marine,Nearshore,Subtidal,TA,TNWA,69,NA,NA
17t,Cchr.5,17t.1,17t.3,NA,30m,Trawl at 30m isobath,Trawl,Map in reference document,,NA,NA,NA,NA,NA,NA,NA,NA,NA,19.691842,-96.36559712,NA,NA,NA,NA,NA,NA,NA,19.7358085,-96.37216298,NA,NA,NA,NA,NA,NA,NA,NA,NA,NA,NA,NA,Marine,Offshore,Subtidal,TA,TNWA,69,NA,NA
17t,Cchr.5,17t.1,17t.4,NA,40m,Trawl at 40m isobath,Trawl,Map in reference document,,NA,NA,NA,NA,NA,NA,NA,NA,NA,19.69252778,-96.35717326,NA,NA,NA,NA,NA,NA,NA,19.7369656,-96.36384703,NA,NA,NA,NA,NA,NA,NA,NA,NA,NA,NA,NA,Marine,Offshore,Subtidal,TA,TNWA,69,NA,NA
17t,Cchr.5,17t.1,17t.5,NA,50m,Trawl at 50m isobath,Trawl,Map in reference document,,NA,NA,NA,NA,NA,NA,NA,NA,NA,19.69252778,-96.34405184,NA,NA,NA,NA,NA,NA,NA,19.73871189,-96.35129655,NA,NA,NA,NA,NA,NA,NA,NA,NA,NA,NA,NA,Marine,Offshore,Subtidal,TA,TNWA,69,NA,NA
33F,Cchr.1,33f.2,NA,NA, BFCF0402,NA,Trawl,Provided by FWRI,,NA,NA,NA,NA,NA,NA,NA,NA,NA,27.3781,-82.7221,NA,NA,NA,NA,NA,NA,NA,27.3881,-82.7476,NA,NA,NA,NA,NA,NA,NA,NA,NA,NA,NA,NA,Marine,Nearshore,Subtidal,TNA,TNWA,70,inferred from station location,NA
33F,Cchr.2,33f.2,NA,NA, BFCF0402 ,NA,Trawl,Provided by FWRI,,NA,NA,NA,NA,NA,NA,NA,NA,NA,27.3781,-82.7221,NA,NA,NA,NA,NA,NA,NA,27.3881,-82.7476,NA,NA,NA,NA,NA,NA,NA,NA,NA,NA,NA,NA,Marine,Nearshore,Subtidal,TNA,TNWA,70,inferred from station location,NA
33F,Cchr.4,33f.2,NA,NA, BFCF0402 ,NA,Trawl,Provided by FWRI,,NA,NA,NA,NA,NA,NA,NA,NA,NA,27.3781,-82.7221,NA,NA,NA,NA,NA,NA,NA,27.3881,-82.7476,NA,NA,NA,NA,NA,NA,NA,NA,NA,NA,NA,NA,Marine,Nearshore,Subtidal,TNA,TNWA,70,inferred from station location,NA
33F,Cchr.3,33f.2,NA,NA, BFCF0402  ,NA,Trawl,Provided by FWRI,,NA,NA,NA,NA,NA,NA,NA,NA,NA,27.3781,-82.7221,NA,NA,NA,NA,NA,NA,NA,27.3881,-82.7476,NA,NA,NA,NA,NA,NA,NA,NA,NA,NA,NA,NA,Marine,Nearshore,Subtidal,TNA,TNWA,70,inferred from station location,NA
33F,Cchr.5,33f.1,NA,NA, BFCF0411  ,NA,Trawl,Provided by FWRI,,NA,NA,NA,NA,NA,NA,NA,NA,NA,26.0829,-81.8191,NA,NA,NA,NA,NA,NA,NA,26.0836,-81.8442,NA,NA,NA,NA,NA,NA,NA,NA,NA,NA,NA,NA,Marine,Nearshore,Subtidal,TNA,TNWA,70,inferred from station location,NA
33F,Cchr.6,33f.2,NA,NA, BFCF0412  ,NA,Trawl,Provided by FWRI,,NA,NA,NA,NA,NA,NA,NA,NA,NA,26.0841,-81.8959,NA,NA,NA,NA,NA,NA,NA,26.0782,-81.9226,NA,NA,NA,NA,NA,NA,NA,NA,NA,NA,NA,NA,Marine,Nearshore,Subtidal,TNA,TNWA,70,inferred from station location,NA
33F,Cchr.7,33f.2,NA,NA, BFCS0502  ,NA,Trawl,Provided by FWRI,,NA,NA,NA,NA,NA,NA,NA,NA,NA,27.8348,-82.9631,NA,NA,NA,NA,NA,NA,NA,27.8289,-82.9364,NA,NA,NA,NA,NA,NA,NA,NA,NA,NA,NA,NA,Marine,Nearshore,Subtidal,TNA,TNWA,70,inferred from station location,NA
33F,Cchr.8,33f.1,NA,NA, BFCS0601  ,NA,Trawl,Provided by FWRI,,NA,NA,NA,NA,NA,NA,NA,NA,NA,27.38,-82.6719,NA,NA,NA,NA,NA,NA,NA,27.3884,-82.6907,NA,NA,NA,NA,NA,NA,NA,NA,NA,NA,NA,NA,Marine,Nearshore,Subtidal,TNA,TNWA,70,inferred from station location,NA
33F,Cchr.11,33f.2,NA,NA, BFCS0613,NA,Trawl,Provided by FWRI,,NA,NA,NA,NA,NA,NA,NA,NA,NA,26.6833,-82.318,NA,NA,NA,NA,NA,NA,NA,26.6835,-82.351,NA,NA,NA,NA,NA,NA,NA,NA,NA,NA,NA,NA,Marine,Nearshore,Subtidal,TNA,TNWA,70,inferred from station location,NA
33F,Cchr.12,33f.2,NA,NA, BFCS0613,NA,Trawl,Provided by FWRI,,NA,NA,NA,NA,NA,NA,NA,NA,NA,26.6833,-82.318,NA,NA,NA,NA,NA,NA,NA,26.6835,-82.351,NA,NA,NA,NA,NA,NA,NA,NA,NA,NA,NA,NA,Marine,Nearshore,Subtidal,TNA,TNWA,70,inferred from station location,NA
33F,Cchr.10,33f.2,NA,NA, BFCS0613 ,NA,Trawl,Provided by FWRI,,NA,NA,NA,NA,NA,NA,NA,NA,NA,26.6833,-82.318,NA,NA,NA,NA,NA,NA,NA,26.6835,-82.351,NA,NA,NA,NA,NA,NA,NA,NA,NA,NA,NA,NA,Marine,Nearshore,Subtidal,TNA,TNWA,70,inferred from station location,NA
33F,Cchr.13,33f.2,NA,NA, BFCS0613 ,NA,Trawl,Provided by FWRI,,NA,NA,NA,NA,NA,NA,NA,NA,NA,26.6833,-82.318,NA,NA,NA,NA,NA,NA,NA,26.6835,-82.351,NA,NA,NA,NA,NA,NA,NA,NA,NA,NA,NA,NA,Marine,Nearshore,Subtidal,TNA,TNWA,70,inferred from station location,NA
33F,Cchr.9,33f.2,NA,NA, BFCS0613  ,NA,Trawl,Provided by FWRI,,NA,NA,NA,NA,NA,NA,NA,NA,NA,26.6833,-82.318,NA,NA,NA,NA,NA,NA,NA,26.6835,-82.351,NA,NA,NA,NA,NA,NA,NA,NA,NA,NA,NA,NA,Marine,Nearshore,Subtidal,TNA,TNWA,70,inferred from station location,NA
33F,Cchr.16,33f.1,NA,NA, BFCS0618 ,NA,Trawl,Provided by FWRI,,NA,NA,NA,NA,NA,NA,NA,NA,NA,26.4005,-81.9194,NA,NA,NA,NA,NA,NA,NA,26.4002,-81.9518,NA,NA,NA,NA,NA,NA,NA,NA,NA,NA,NA,NA,Marine,Nearshore,Subtidal,TNA,TNWA,70,inferred from station location,NA
33F,Cchr.18,33f.1,NA,NA, BFCS0618 ,NA,Trawl,Provided by FWRI,,NA,NA,NA,NA,NA,NA,NA,NA,NA,26.4005,-81.9194,NA,NA,NA,NA,NA,NA,NA,26.4002,-81.9518,NA,NA,NA,NA,NA,NA,NA,NA,NA,NA,NA,NA,Marine,Nearshore,Subtidal,TNA,TNWA,70,inferred from station location,NA
33F,Cchr.14,33f.1,NA,NA, BFCS0618  ,NA,Trawl,Provided by FWRI,,NA,NA,NA,NA,NA,NA,NA,NA,NA,26.4005,-81.9194,NA,NA,NA,NA,NA,NA,NA,26.4002,-81.9518,NA,NA,NA,NA,NA,NA,NA,NA,NA,NA,NA,NA,Marine,Nearshore,Subtidal,TNA,TNWA,70,inferred from station location,NA
33F,Cchr.15,33f.1,NA,NA, BFCS0618  ,NA,Trawl,Provided by FWRI,,NA,NA,NA,NA,NA,NA,NA,NA,NA,26.4005,-81.9194,NA,NA,NA,NA,NA,NA,NA,26.4002,-81.9518,NA,NA,NA,NA,NA,NA,NA,NA,NA,NA,NA,NA,Marine,Nearshore,Subtidal,TNA,TNWA,70,inferred from station location,NA
33F,Cchr.17,33f.1,NA,NA, BFCS0618  ,NA,Trawl,Provided by FWRI,,NA,NA,NA,NA,NA,NA,NA,NA,NA,26.4005,-81.9194,NA,NA,NA,NA,NA,NA,NA,26.4002,-81.9518,NA,NA,NA,NA,NA,NA,NA,NA,NA,NA,NA,NA,Marine,Nearshore,Subtidal,TNA,TNWA,70,inferred from station location,NA
33F,Cchr.22,33f.2,NA,NA, BFCS0619 ,NA,Trawl,Provided by FWRI,,NA,NA,NA,NA,NA,NA,NA,NA,NA,26.3999,-82.1694,NA,NA,NA,NA,NA,NA,NA,26.3996,-82.2039,NA,NA,NA,NA,NA,NA,NA,NA,NA,NA,NA,NA,Marine,Nearshore,Subtidal,TNA,TNWA,70,inferred from station location,NA
33F,Cchr.23,33f.2,NA,NA, BFCS0619 ,NA,Trawl,Provided by FWRI,,NA,NA,NA,NA,NA,NA,NA,NA,NA,26.3999,-82.1694,NA,NA,NA,NA,NA,NA,NA,26.3996,-82.2039,NA,NA,NA,NA,NA,NA,NA,NA,NA,NA,NA,NA,Marine,Nearshore,Subtidal,TNA,TNWA,70,inferred from station location,NA
33F,Cchr.19,33f.2,NA,NA, BFCS0619  ,NA,Trawl,Provided by FWRI,,NA,NA,NA,NA,NA,NA,NA,NA,NA,26.3999,-82.1694,NA,NA,NA,NA,NA,NA,NA,26.3996,-82.2039,NA,NA,NA,NA,NA,NA,NA,NA,NA,NA,NA,NA,Marine,Nearshore,Subtidal,TNA,TNWA,70,inferred from station location,NA
33F,Cchr.20,33f.2,NA,NA, BFCS0619  ,NA,Trawl,Provided by FWRI,,NA,NA,NA,NA,NA,NA,NA,NA,NA,26.3999,-82.1694,NA,NA,NA,NA,NA,NA,NA,26.3996,-82.2039,NA,NA,NA,NA,NA,NA,NA,NA,NA,NA,NA,NA,Marine,Nearshore,Subtidal,TNA,TNWA,70,inferred from station location,NA
33F,Cchr.21,33f.2,NA,NA, BFCS0619  ,NA,Trawl,Provided by FWRI,,NA,NA,NA,NA,NA,NA,NA,NA,NA,26.3999,-82.1694,NA,NA,NA,NA,NA,NA,NA,26.3996,-82.2039,NA,NA,NA,NA,NA,NA,NA,NA,NA,NA,NA,NA,Marine,Nearshore,Subtidal,TNA,TNWA,70,inferred from station location,NA
33F,Cchr.24,33f.2,NA,NA, BFCS0620 ,NA,Trawl,Provided by FWRI,,NA,NA,NA,NA,NA,NA,NA,NA,NA,26.3999,-82.235,NA,NA,NA,NA,NA,NA,NA,26.4002,-82.2665,NA,NA,NA,NA,NA,NA,NA,NA,NA,NA,NA,NA,Marine,Nearshore,Subtidal,TNA,TNWA,70,inferred from station location,NA
33F,Cchr.25,33f.2,NA,NA, BFCS0620  ,NA,Trawl,Provided by FWRI,,NA,NA,NA,NA,NA,NA,NA,NA,NA,26.3999,-82.235,NA,NA,NA,NA,NA,NA,NA,26.4002,-82.2665,NA,NA,NA,NA,NA,NA,NA,NA,NA,NA,NA,NA,Marine,Nearshore,Subtidal,TNA,TNWA,70,inferred from station location,NA
33F,Cchr.26,33f.2,NA,NA, BFCS0620  ,NA,Trawl,Provided by FWRI,,NA,NA,NA,NA,NA,NA,NA,NA,NA,26.3999,-82.235,NA,NA,NA,NA,NA,NA,NA,26.4002,-82.2665,NA,NA,NA,NA,NA,NA,NA,NA,NA,NA,NA,NA,Marine,Nearshore,Subtidal,TNA,TNWA,70,inferred from station location,NA
33F,Cchr.27,33f.2,NA,NA, BFCS0620  ,NA,Trawl,Provided by FWRI,,NA,NA,NA,NA,NA,NA,NA,NA,NA,26.3999,-82.235,NA,NA,NA,NA,NA,NA,NA,26.4002,-82.2665,NA,NA,NA,NA,NA,NA,NA,NA,NA,NA,NA,NA,Marine,Nearshore,Subtidal,TNA,TNWA,70,inferred from station location,NA
33F,Cchr.28,33f.2,NA,NA, BFCS0620  ,NA,Trawl,Provided by FWRI,,NA,NA,NA,NA,NA,NA,NA,NA,NA,26.3999,-82.235,NA,NA,NA,NA,NA,NA,NA,26.4002,-82.2665,NA,NA,NA,NA,NA,NA,NA,NA,NA,NA,NA,NA,Marine,Nearshore,Subtidal,TNA,TNWA,70,inferred from station location,NA
33F,Cchr.32,33f.1,NA,NA, BFCS0623,NA,Trawl,Provided by FWRI,,NA,NA,NA,NA,NA,NA,NA,NA,NA,26.9327,-82.3747,NA,NA,NA,NA,NA,NA,NA,26.9334,-82.4033,NA,NA,NA,NA,NA,NA,NA,NA,NA,NA,NA,NA,Marine,Nearshore,Subtidal,TNA,TNWA,70,inferred from station location,NA
33F,Cchr.29,33f.1,NA,NA, BFCS0623  ,NA,Trawl,Provided by FWRI,,NA,NA,NA,NA,NA,NA,NA,NA,NA,26.9327,-82.3747,NA,NA,NA,NA,NA,NA,NA,26.9334,-82.4033,NA,NA,NA,NA,NA,NA,NA,NA,NA,NA,NA,NA,Marine,Nearshore,Subtidal,TNA,TNWA,70,inferred from station location,NA
33F,Cchr.30,33f.1,NA,NA, BFCS0623  ,NA,Trawl,Provided by FWRI,,NA,NA,NA,NA,NA,NA,NA,NA,NA,26.9327,-82.3747,NA,NA,NA,NA,NA,NA,NA,26.9334,-82.4033,NA,NA,NA,NA,NA,NA,NA,NA,NA,NA,NA,NA,Marine,Nearshore,Subtidal,TNA,TNWA,70,inferred from station location,NA
33F,Cchr.31,33f.1,NA,NA, BFCS0623  ,NA,Trawl,Provided by FWRI,,NA,NA,NA,NA,NA,NA,NA,NA,NA,26.9327,-82.3747,NA,NA,NA,NA,NA,NA,NA,26.9334,-82.4033,NA,NA,NA,NA,NA,NA,NA,NA,NA,NA,NA,NA,Marine,Nearshore,Subtidal,TNA,TNWA,70,inferred from station location,NA
33F,Cchr.33,33f.1,NA,NA, BFCS0623  ,NA,Trawl,Provided by FWRI,,NA,NA,NA,NA,NA,NA,NA,NA,NA,26.9327,-82.3747,NA,NA,NA,NA,NA,NA,NA,26.9334,-82.4033,NA,NA,NA,NA,NA,NA,NA,NA,NA,NA,NA,NA,Marine,Nearshore,Subtidal,TNA,TNWA,70,inferred from station location,NA
33F,Cchr.34,33f.1,NA,NA, BFCS0623  ,NA,Trawl,Provided by FWRI,,NA,NA,NA,NA,NA,NA,NA,NA,NA,26.9327,-82.3747,NA,NA,NA,NA,NA,NA,NA,26.9334,-82.4033,NA,NA,NA,NA,NA,NA,NA,NA,NA,NA,NA,NA,Marine,Nearshore,Subtidal,TNA,TNWA,70,inferred from station location,NA
33F,Cchr.39,33f.2,NA,NA, BFCS0626 ,NA,Trawl,Provided by FWRI,,NA,NA,NA,NA,NA,NA,NA,NA,NA,26.9337,-82.5653,NA,NA,NA,NA,NA,NA,NA,26.9335,-82.601,NA,NA,NA,NA,NA,NA,NA,NA,NA,NA,NA,NA,Marine,Nearshore,Subtidal,TNA,TNWA,70,inferred from station location,NA
33F,Cchr.35,33f.2,NA,NA, BFCS0626  ,NA,Trawl,Provided by FWRI,,NA,NA,NA,NA,NA,NA,NA,NA,NA,26.9337,-82.5653,NA,NA,NA,NA,NA,NA,NA,26.9335,-82.601,NA,NA,NA,NA,NA,NA,NA,NA,NA,NA,NA,NA,Marine,Nearshore,Subtidal,TNA,TNWA,70,inferred from station location,NA
33F,Cchr.36,33f.2,NA,NA, BFCS0626  ,NA,Trawl,Provided by FWRI,,NA,NA,NA,NA,NA,NA,NA,NA,NA,26.9337,-82.5653,NA,NA,NA,NA,NA,NA,NA,26.9335,-82.601,NA,NA,NA,NA,NA,NA,NA,NA,NA,NA,NA,NA,Marine,Nearshore,Subtidal,TNA,TNWA,70,inferred from station location,NA
33F,Cchr.37,33f.2,NA,NA, BFCS0626  ,NA,Trawl,Provided by FWRI,,NA,NA,NA,NA,NA,NA,NA,NA,NA,26.9337,-82.5653,NA,NA,NA,NA,NA,NA,NA,26.9335,-82.601,NA,NA,NA,NA,NA,NA,NA,NA,NA,NA,NA,NA,Marine,Nearshore,Subtidal,TNA,TNWA,70,inferred from station location,NA
33F,Cchr.38,33f.2,NA,NA, BFCS0626  ,NA,Trawl,Provided by FWRI,,NA,NA,NA,NA,NA,NA,NA,NA,NA,26.9337,-82.5653,NA,NA,NA,NA,NA,NA,NA,26.9335,-82.601,NA,NA,NA,NA,NA,NA,NA,NA,NA,NA,NA,NA,Marine,Nearshore,Subtidal,TNA,TNWA,70,inferred from station location,NA
33F,Cchr.42,33f.2,NA,NA, BFCS0631,NA,Trawl,Provided by FWRI,,NA,NA,NA,NA,NA,NA,NA,NA,NA,27.2166,-82.6492,NA,NA,NA,NA,NA,NA,NA,27.217,-82.6844,NA,NA,NA,NA,NA,NA,NA,NA,NA,NA,NA,NA,Marine,Nearshore,Subtidal,TNA,TNWA,70,inferred from station location,NA
33F,Cchr.40,33f.2,NA,NA, BFCS0631  ,NA,Trawl,Provided by FWRI,,NA,NA,NA,NA,NA,NA,NA,NA,NA,27.2166,-82.6492,NA,NA,NA,NA,NA,NA,NA,27.217,-82.6844,NA,NA,NA,NA,NA,NA,NA,NA,NA,NA,NA,NA,Marine,Nearshore,Subtidal,TNA,TNWA,70,inferred from station location,NA
33F,Cchr.41,33f.2,NA,NA, BFCS0631  ,NA,Trawl,Provided by FWRI,,NA,NA,NA,NA,NA,NA,NA,NA,NA,27.2166,-82.6492,NA,NA,NA,NA,NA,NA,NA,27.217,-82.6844,NA,NA,NA,NA,NA,NA,NA,NA,NA,NA,NA,NA,Marine,Nearshore,Subtidal,TNA,TNWA,70,inferred from station location,NA
33F,Cchr.43,33f.2,NA,NA, BFCS0631  ,NA,Trawl,Provided by FWRI,,NA,NA,NA,NA,NA,NA,NA,NA,NA,27.2166,-82.6492,NA,NA,NA,NA,NA,NA,NA,27.217,-82.6844,NA,NA,NA,NA,NA,NA,NA,NA,NA,NA,NA,NA,Marine,Nearshore,Subtidal,TNA,TNWA,70,inferred from station location,NA
33F,Cchr.44,33f.2,NA,NA, BFCS0631  ,NA,Trawl,Provided by FWRI,,NA,NA,NA,NA,NA,NA,NA,NA,NA,27.2166,-82.6492,NA,NA,NA,NA,NA,NA,NA,27.217,-82.6844,NA,NA,NA,NA,NA,NA,NA,NA,NA,NA,NA,NA,Marine,Nearshore,Subtidal,TNA,TNWA,70,inferred from station location,NA
33f,Cchr.45,33f.2,NA,NA, BFCS0632 ,NA,Trawl,Provided by FWRI,,NA,NA,NA,NA,NA,NA,NA,NA,NA,27.2167,-82.6959,NA,NA,NA,NA,NA,NA,NA,27.2166,-82.7329,NA,NA,NA,NA,NA,NA,NA,NA,NA,NA,NA,NA,Marine,Nearshore,Subtidal,TNA,TNWA,70,inferred from station location,NA
33F,Cchr.46,33f.2,NA,NA, BFCS0632 ,NA,Trawl,Provided by FWRI,,NA,NA,NA,NA,NA,NA,NA,NA,NA,27.2167,-82.6959,NA,NA,NA,NA,NA,NA,NA,27.2166,-82.7329,NA,NA,NA,NA,NA,NA,NA,NA,NA,NA,NA,NA,Marine,Nearshore,Subtidal,TNA,TNWA,70,inferred from station location,NA
33F,Cchr.47,33f.2,NA,NA, BFCS0632 ,NA,Trawl,Provided by FWRI,,NA,NA,NA,NA,NA,NA,NA,NA,NA,27.2167,-82.6959,NA,NA,NA,NA,NA,NA,NA,27.2166,-82.7329,NA,NA,NA,NA,NA,NA,NA,NA,NA,NA,NA,NA,Marine,Nearshore,Subtidal,TNA,TNWA,70,inferred from station location,NA
33F,Dpun.1,33f.2,NA,NA, BFCF0402,NA,Trawl,Provided by FWRI,,NA,NA,NA,NA,NA,NA,NA,NA,NA,27.3781,-82.7221,NA,NA,NA,NA,NA,NA,NA,27.3881,-82.7476,NA,NA,NA,NA,NA,NA,NA,NA,NA,NA,NA,NA,Marine,Nearshore,Subtidal,TNA,TNWA,70,inferred from station location,NA
33F,Dpun.2,33f.2,NA,NA, BFCF0402 ,NA,Trawl,Provided by FWRI,,NA,NA,NA,NA,NA,NA,NA,NA,NA,27.3781,-82.7221,NA,NA,NA,NA,NA,NA,NA,27.3881,-82.7476,NA,NA,NA,NA,NA,NA,NA,NA,NA,NA,NA,NA,Marine,Nearshore,Subtidal,TNA,TNWA,70,inferred from station location,NA
33F,Dpun.3,33f.2,NA,NA, BFCF0402,NA,Trawl,Provided by FWRI,,NA,NA,NA,NA,NA,NA,NA,NA,NA,27.3781,-82.7221,NA,NA,NA,NA,NA,NA,NA,27.3881,-82.7476,NA,NA,NA,NA,NA,NA,NA,NA,NA,NA,NA,NA,Marine,Nearshore,Subtidal,TNA,TNWA,70,inferred from station location,NA
33F,Dpun.4,33f.2,NA,NA, BFCF0402  ,NA,Trawl,Provided by FWRI,,NA,NA,NA,NA,NA,NA,NA,NA,NA,27.3781,-82.7221,NA,NA,NA,NA,NA,NA,NA,27.3881,-82.7476,NA,NA,NA,NA,NA,NA,NA,NA,NA,NA,NA,NA,Marine,Nearshore,Subtidal,TNA,TNWA,70,inferred from station location,NA
33F,Dpun.5,33f.2,NA,NA, BFCF0402  ,NA,Trawl,Provided by FWRI,,NA,NA,NA,NA,NA,NA,NA,NA,NA,27.3781,-82.7221,NA,NA,NA,NA,NA,NA,NA,27.3881,-82.7476,NA,NA,NA,NA,NA,NA,NA,NA,NA,NA,NA,NA,Marine,Nearshore,Subtidal,TNA,TNWA,70,inferred from station location,NA
33F,Dpun.6,33f.2,NA,NA, BFCF0402,NA,Trawl,Provided by FWRI,,NA,NA,NA,NA,NA,NA,NA,NA,NA,27.3781,-82.7221,NA,NA,NA,NA,NA,NA,NA,27.3881,-82.7476,NA,NA,NA,NA,NA,NA,NA,NA,NA,NA,NA,NA,Marine,Nearshore,Subtidal,TNA,TNWA,70,inferred from station location,NA
33F,Dpun.7,33f.2,NA,NA, BFCF0402 ,NA,Trawl,Provided by FWRI,,NA,NA,NA,NA,NA,NA,NA,NA,NA,27.3781,-82.7221,NA,NA,NA,NA,NA,NA,NA,27.3881,-82.7476,NA,NA,NA,NA,NA,NA,NA,NA,NA,NA,NA,NA,Marine,Nearshore,Subtidal,TNA,TNWA,70,inferred from station location,NA
33F,Dpun.8,33f.2,NA,NA, BFCF0407,NA,Trawl,Provided by FWRI,,NA,NA,NA,NA,NA,NA,NA,NA,NA,27.3191,-82.6724,NA,NA,NA,NA,NA,NA,NA,27.3082,-82.6938,NA,NA,NA,NA,NA,NA,NA,NA,NA,NA,NA,NA,Marine,Nearshore,Subtidal,TNA,TNWA,70,inferred from station location,NA
33F,Dpun.9,33f.2,NA,NA, BFCF0407  ,NA,Trawl,Provided by FWRI,,NA,NA,NA,NA,NA,NA,NA,NA,NA,27.3191,-82.6724,NA,NA,NA,NA,NA,NA,NA,27.3082,-82.6938,NA,NA,NA,NA,NA,NA,NA,NA,NA,NA,NA,NA,Marine,Nearshore,Subtidal,TNA,TNWA,70,inferred from station location,NA
33F,Dpun.10,33f.2,NA,NA, BFCF0407  ,NA,Trawl,Provided by FWRI,,NA,NA,NA,NA,NA,NA,NA,NA,NA,27.3191,-82.6724,NA,NA,NA,NA,NA,NA,NA,27.3082,-82.6938,NA,NA,NA,NA,NA,NA,NA,NA,NA,NA,NA,NA,Marine,Nearshore,Subtidal,TNA,TNWA,70,inferred from station location,NA
33F,Dpun.11,33f.1,NA,NA, BFCF0416  ,NA,Trawl,Provided by FWRI,,NA,NA,NA,NA,NA,NA,NA,NA,NA,26.2194,-81.8678,NA,NA,NA,NA,NA,NA,NA,26.2171,-81.8927,NA,NA,NA,NA,NA,NA,NA,NA,NA,NA,NA,NA,Marine,Nearshore,Subtidal,TNA,TNWA,70,inferred from station location,NA
33F,Dpun.12,33f.1,NA,NA, BFCF0416  ,NA,Trawl,Provided by FWRI,,NA,NA,NA,NA,NA,NA,NA,NA,NA,26.2194,-81.8678,NA,NA,NA,NA,NA,NA,NA,26.2171,-81.8927,NA,NA,NA,NA,NA,NA,NA,NA,NA,NA,NA,NA,Marine,Nearshore,Subtidal,TNA,TNWA,70,inferred from station location,NA
33F,Dpun.13,33f.1,NA,NA, BFCF0416  ,NA,Trawl,Provided by FWRI,,NA,NA,NA,NA,NA,NA,NA,NA,NA,26.2194,-81.8678,NA,NA,NA,NA,NA,NA,NA,26.2171,-81.8927,NA,NA,NA,NA,NA,NA,NA,NA,NA,NA,NA,NA,Marine,Nearshore,Subtidal,TNA,TNWA,70,inferred from station location,NA
33F,Dpun.14,33f.1,NA,NA, BFCF0416 ,NA,Trawl,Provided by FWRI,,NA,NA,NA,NA,NA,NA,NA,NA,NA,26.2194,-81.8678,NA,NA,NA,NA,NA,NA,NA,26.2171,-81.8927,NA,NA,NA,NA,NA,NA,NA,NA,NA,NA,NA,NA,Marine,Nearshore,Subtidal,TNA,TNWA,70,inferred from station location,NA
33F,Dpun.15,33f.1,NA,NA, BFCF0416  ,NA,Trawl,Provided by FWRI,,NA,NA,NA,NA,NA,NA,NA,NA,NA,26.2194,-81.8678,NA,NA,NA,NA,NA,NA,NA,26.2171,-81.8927,NA,NA,NA,NA,NA,NA,NA,NA,NA,NA,NA,NA,Marine,Nearshore,Subtidal,TNA,TNWA,70,inferred from station location,NA
33F,Oogl.1,33f.4,NA,NA, BFCF0401 ,NA,Trawl,Provided by FWRI,,NA,NA,NA,NA,NA,NA,NA,NA,NA,27.3757,-82.6511,NA,NA,NA,NA,NA,NA,NA,27.3607,-82.6765,NA,NA,NA,NA,NA,NA,NA,NA,NA,NA,NA,NA,Marine,Nearshore,Subtidal,TNA,TNWA,70,inferred from station location,NA
33F,Oogl.2,33f.4,NA,NA, BFCF0401  ,NA,Trawl,Provided by FWRI,,NA,NA,NA,NA,NA,NA,NA,NA,NA,27.3757,-82.6511,NA,NA,NA,NA,NA,NA,NA,27.3607,-82.6765,NA,NA,NA,NA,NA,NA,NA,NA,NA,NA,NA,NA,Marine,Nearshore,Subtidal,TNA,TNWA,70,inferred from station location,NA
33F,Oogl.3,33f.4,NA,NA, BFCF0401  ,NA,Trawl,Provided by FWRI,,NA,NA,NA,NA,NA,NA,NA,NA,NA,27.3757,-82.6511,NA,NA,NA,NA,NA,NA,NA,27.3607,-82.6765,NA,NA,NA,NA,NA,NA,NA,NA,NA,NA,NA,NA,Marine,Nearshore,Subtidal,TNA,TNWA,70,inferred from station location,NA
33F,Oogl.4,33f.4,NA,NA, BFCF0401  ,NA,Trawl,Provided by FWRI,,NA,NA,NA,NA,NA,NA,NA,NA,NA,27.3757,-82.6511,NA,NA,NA,NA,NA,NA,NA,27.3607,-82.6765,NA,NA,NA,NA,NA,NA,NA,NA,NA,NA,NA,NA,Marine,Nearshore,Subtidal,TNA,TNWA,70,inferred from station location,NA
33F,Oogl.5,33f.4,NA,NA, BFCF0401  ,NA,Trawl,Provided by FWRI,,NA,NA,NA,NA,NA,NA,NA,NA,NA,27.3757,-82.6511,NA,NA,NA,NA,NA,NA,NA,27.3607,-82.6765,NA,NA,NA,NA,NA,NA,NA,NA,NA,NA,NA,NA,Marine,Nearshore,Subtidal,TNA,TNWA,70,inferred from station location,NA
33F,Oogl.6,33f.4,NA,NA, BFCF0401  ,NA,Trawl,Provided by FWRI,,NA,NA,NA,NA,NA,NA,NA,NA,NA,27.3757,-82.6511,NA,NA,NA,NA,NA,NA,NA,27.3607,-82.6765,NA,NA,NA,NA,NA,NA,NA,NA,NA,NA,NA,NA,Marine,Nearshore,Subtidal,TNA,TNWA,70,inferred from station location,NA
33F,Oogl.12,33f.1,NA,NA, BFCF0412 ,NA,Trawl,Provided by FWRI,,NA,NA,NA,NA,NA,NA,NA,NA,NA,26.0841,-81.8959,NA,NA,NA,NA,NA,NA,NA,26.0782,-81.9226,NA,NA,NA,NA,NA,NA,NA,NA,NA,NA,NA,NA,Marine,Nearshore,Subtidal,TNA,TNWA,70,inferred from station location,NA
33F,Oogl.10,33f.1,NA,NA, BFCF0412  ,NA,Trawl,Provided by FWRI,,NA,NA,NA,NA,NA,NA,NA,NA,NA,26.0841,-81.8959,NA,NA,NA,NA,NA,NA,NA,26.0782,-81.9226,NA,NA,NA,NA,NA,NA,NA,NA,NA,NA,NA,NA,Marine,Nearshore,Subtidal,TNA,TNWA,70,inferred from station location,NA
33F,Oogl.11,33f.1,NA,NA, BFCF0412  ,NA,Trawl,Provided by FWRI,,NA,NA,NA,NA,NA,NA,NA,NA,NA,26.0841,-81.8959,NA,NA,NA,NA,NA,NA,NA,26.0782,-81.9226,NA,NA,NA,NA,NA,NA,NA,NA,NA,NA,NA,NA,Marine,Nearshore,Subtidal,TNA,TNWA,70,inferred from station location,NA
33F,Oogl.13,33f.1,NA,NA, BFCF0412  ,NA,Trawl,Provided by FWRI,,NA,NA,NA,NA,NA,NA,NA,NA,NA,26.0841,-81.8959,NA,NA,NA,NA,NA,NA,NA,26.0782,-81.9226,NA,NA,NA,NA,NA,NA,NA,NA,NA,NA,NA,NA,Marine,Nearshore,Subtidal,TNA,TNWA,70,inferred from station location,NA
33F,Oogl.7,33f.1,NA,NA, BFCF0412  ,NA,Trawl,Provided by FWRI,,NA,NA,NA,NA,NA,NA,NA,NA,NA,26.0841,-81.8959,NA,NA,NA,NA,NA,NA,NA,26.0782,-81.9226,NA,NA,NA,NA,NA,NA,NA,NA,NA,NA,NA,NA,Marine,Nearshore,Subtidal,TNA,TNWA,70,inferred from station location,NA
33F,Oogl.8,33f.1,NA,NA, BFCF0412  ,NA,Trawl,Provided by FWRI,,NA,NA,NA,NA,NA,NA,NA,NA,NA,26.0841,-81.8959,NA,NA,NA,NA,NA,NA,NA,26.0782,-81.9226,NA,NA,NA,NA,NA,NA,NA,NA,NA,NA,NA,NA,Marine,Nearshore,Subtidal,TNA,TNWA,70,inferred from station location,NA
33F,Oogl.9,33f.1,NA,NA, BFCF0412  ,NA,Trawl,Provided by FWRI,,NA,NA,NA,NA,NA,NA,NA,NA,NA,26.0841,-81.8959,NA,NA,NA,NA,NA,NA,NA,26.0782,-81.9226,NA,NA,NA,NA,NA,NA,NA,NA,NA,NA,NA,NA,Marine,Nearshore,Subtidal,TNA,TNWA,70,inferred from station location,NA
33F,Oogl.14,33f.4,NA,NA, BFCS0501  ,NA,Trawl,Provided by FWRI,,NA,NA,NA,NA,NA,NA,NA,NA,NA,27.8287,-82.8736,NA,NA,NA,NA,NA,NA,NA,27.8142,-82.8926,NA,NA,NA,NA,NA,NA,NA,NA,NA,NA,NA,NA,Marine,Nearshore,Subtidal,TNA,TNWA,70,inferred from station location,NA
33F,Oogl.15,33f.4,NA,NA, BFCS0501  ,NA,Trawl,Provided by FWRI,,NA,NA,NA,NA,NA,NA,NA,NA,NA,27.8287,-82.8736,NA,NA,NA,NA,NA,NA,NA,27.8142,-82.8926,NA,NA,NA,NA,NA,NA,NA,NA,NA,NA,NA,NA,Marine,Nearshore,Subtidal,TNA,TNWA,70,inferred from station location,NA
33F,Oogl.16,33f.4,NA,NA, BFCS0501  ,NA,Trawl,Provided by FWRI,,NA,NA,NA,NA,NA,NA,NA,NA,NA,27.8287,-82.8736,NA,NA,NA,NA,NA,NA,NA,27.8142,-82.8926,NA,NA,NA,NA,NA,NA,NA,NA,NA,NA,NA,NA,Marine,Nearshore,Subtidal,TNA,TNWA,70,inferred from station location,NA
33F,Oogl.17,33f.3,NA,NA, BFCS0502 ,NA,Trawl,Provided by FWRI,,NA,NA,NA,NA,NA,NA,NA,NA,NA,27.8348,-82.9631,NA,NA,NA,NA,NA,NA,NA,27.8289,-82.9364,NA,NA,NA,NA,NA,NA,NA,NA,NA,NA,NA,NA,Marine,Nearshore,Subtidal,TNA,TNWA,70,inferred from station location,NA
33F,Oogl.18,33f.3,NA,NA, BFCS0502  ,NA,Trawl,Provided by FWRI,,NA,NA,NA,NA,NA,NA,NA,NA,NA,27.8348,-82.9631,NA,NA,NA,NA,NA,NA,NA,27.8289,-82.9364,NA,NA,NA,NA,NA,NA,NA,NA,NA,NA,NA,NA,Marine,Nearshore,Subtidal,TNA,TNWA,70,inferred from station location,NA
33F,Oogl.19,33f.3,NA,NA, BFCS0502  ,NA,Trawl,Provided by FWRI,,NA,NA,NA,NA,NA,NA,NA,NA,NA,27.8348,-82.9631,NA,NA,NA,NA,NA,NA,NA,27.8289,-82.9364,NA,NA,NA,NA,NA,NA,NA,NA,NA,NA,NA,NA,Marine,Nearshore,Subtidal,TNA,TNWA,70,inferred from station location,NA
33F,Oogl.20,33f.3,NA,NA, BFCS0502  ,NA,Trawl,Provided by FWRI,,NA,NA,NA,NA,NA,NA,NA,NA,NA,27.8348,-82.9631,NA,NA,NA,NA,NA,NA,NA,27.8289,-82.9364,NA,NA,NA,NA,NA,NA,NA,NA,NA,NA,NA,NA,Marine,Nearshore,Subtidal,TNA,TNWA,70,inferred from station location,NA
33F,Oogl.21,33f.4,NA,NA, BFCS0503  ,NA,Trawl,Provided by FWRI,,NA,NA,NA,NA,NA,NA,NA,NA,NA,26.7647,-82.2775,NA,NA,NA,NA,NA,NA,NA,26.7556,-82.2996,NA,NA,NA,NA,NA,NA,NA,NA,NA,NA,NA,NA,Marine,Nearshore,Subtidal,TNA,TNWA,70,inferred from station location,NA
33F,Oogl.22,33f.4,NA,NA, BFCS0503  ,NA,Trawl,Provided by FWRI,,NA,NA,NA,NA,NA,NA,NA,NA,NA,26.7647,-82.2775,NA,NA,NA,NA,NA,NA,NA,26.7556,-82.2996,NA,NA,NA,NA,NA,NA,NA,NA,NA,NA,NA,NA,Marine,Nearshore,Subtidal,TNA,TNWA,70,inferred from station location,NA
33F,Oogl.23,33f.4,NA,NA, BFCS0503  ,NA,Trawl,Provided by FWRI,,NA,NA,NA,NA,NA,NA,NA,NA,NA,26.7647,-82.2775,NA,NA,NA,NA,NA,NA,NA,26.7556,-82.2996,NA,NA,NA,NA,NA,NA,NA,NA,NA,NA,NA,NA,Marine,Nearshore,Subtidal,TNA,TNWA,70,inferred from station location,NA
33F,Oogl.24,33f.2,NA,NA, BFCS0504  ,NA,Trawl,Provided by FWRI,,NA,NA,NA,NA,NA,NA,NA,NA,NA,26.7669,-82.3295,NA,NA,NA,NA,NA,NA,NA,26.7668,-82.3553,NA,NA,NA,NA,NA,NA,NA,NA,NA,NA,NA,NA,Marine,Nearshore,Subtidal,TNA,TNWA,70,inferred from station location,NA
33F,Oogl.25,33f.2,NA,NA, BFCS0504  ,NA,Trawl,Provided by FWRI,,NA,NA,NA,NA,NA,NA,NA,NA,NA,26.7669,-82.3295,NA,NA,NA,NA,NA,NA,NA,26.7668,-82.3553,NA,NA,NA,NA,NA,NA,NA,NA,NA,NA,NA,NA,Marine,Nearshore,Subtidal,TNA,TNWA,70,inferred from station location,NA
33F,Oogl.26,33f.2,NA,NA, BFCS0504  ,NA,Trawl,Provided by FWRI,,NA,NA,NA,NA,NA,NA,NA,NA,NA,26.7669,-82.3295,NA,NA,NA,NA,NA,NA,NA,26.7668,-82.3553,NA,NA,NA,NA,NA,NA,NA,NA,NA,NA,NA,NA,Marine,Nearshore,Subtidal,TNA,TNWA,70,inferred from station location,NA
33F,Oogl.28,33f.1,NA,NA, BFCS0509 ,NA,Trawl,Provided by FWRI,,NA,NA,NA,NA,NA,NA,NA,NA,NA,26.251,-81.9518,NA,NA,NA,NA,NA,NA,NA,26.2508,-81.9724,NA,NA,NA,NA,NA,NA,NA,NA,NA,NA,NA,NA,Marine,Nearshore,Subtidal,TNA,TNWA,70,inferred from station location,NA
33F,Oogl.29,33f.1,NA,NA, BFCS0509 ,NA,Trawl,Provided by FWRI,,NA,NA,NA,NA,NA,NA,NA,NA,NA,26.251,-81.9518,NA,NA,NA,NA,NA,NA,NA,26.2508,-81.9724,NA,NA,NA,NA,NA,NA,NA,NA,NA,NA,NA,NA,Marine,Nearshore,Subtidal,TNA,TNWA,70,inferred from station location,NA
33F,Oogl.27,33f.1,NA,NA, BFCS0509  ,NA,Trawl,Provided by FWRI,,NA,NA,NA,NA,NA,NA,NA,NA,NA,26.251,-81.9518,NA,NA,NA,NA,NA,NA,NA,26.2508,-81.9724,NA,NA,NA,NA,NA,NA,NA,NA,NA,NA,NA,NA,Marine,Nearshore,Subtidal,TNA,TNWA,70,inferred from station location,NA
33F,Oogl.30,33f.1,NA,NA, BFCS0510  ,NA,Trawl,Provided by FWRI,,NA,NA,NA,NA,NA,NA,NA,NA,NA,26.2499,-82.0409,NA,NA,NA,NA,NA,NA,NA,26.25,-82.0675,NA,NA,NA,NA,NA,NA,NA,NA,NA,NA,NA,NA,Marine,Nearshore,Subtidal,TNA,TNWA,70,inferred from station location,NA
33F,Oogl.31,33f.1,NA,NA, BFCS0511  ,NA,Trawl,Provided by FWRI,,NA,NA,NA,NA,NA,NA,NA,NA,NA,26.2508,-82.1907,NA,NA,NA,NA,NA,NA,NA,26.2501,-82.2155,NA,NA,NA,NA,NA,NA,NA,NA,NA,NA,NA,NA,Marine,Nearshore,Subtidal,TNA,TNWA,70,inferred from station location,NA
33F,Oogl.32,33f.4,NA,NA, BFCS0516  ,NA,Trawl,Provided by FWRI,,NA,NA,NA,NA,NA,NA,NA,NA,NA,27.0465,-82.449,NA,NA,NA,NA,NA,NA,NA,27.0472,-82.4708,NA,NA,NA,NA,NA,NA,NA,NA,NA,NA,NA,NA,Marine,Nearshore,Subtidal,TNA,TNWA,70,inferred from station location,NA
33f,Saur.1,33f.3,NA,NA, BFCF0402 ,NA,Trawl,Provided by FWRI,,NA,NA,NA,NA,NA,NA,NA,NA,NA,27.3781,-82.7221,NA,NA,NA,NA,NA,NA,NA,27.3881,-82.7476,NA,NA,NA,NA,NA,NA,NA,NA,NA,NA,NA,NA,Marine,Nearshore,Subtidal,TNA,TNWA,70,inferred from station location,NA
33f,Saur.8,33f.3,NA,NA, BFCF0402 ,NA,Trawl,Provided by FWRI,,NA,NA,NA,NA,NA,NA,NA,NA,NA,27.3781,-82.7221,NA,NA,NA,NA,NA,NA,NA,27.3881,-82.7476,NA,NA,NA,NA,NA,NA,NA,NA,NA,NA,NA,NA,Marine,Nearshore,Subtidal,TNA,TNWA,70,inferred from station location,NA
33f,Saur.2,33f.3,NA,NA, BFCF0402  ,NA,Trawl,Provided by FWRI,,NA,NA,NA,NA,NA,NA,NA,NA,NA,27.3781,-82.7221,NA,NA,NA,NA,NA,NA,NA,27.3881,-82.7476,NA,NA,NA,NA,NA,NA,NA,NA,NA,NA,NA,NA,Marine,Nearshore,Subtidal,TNA,TNWA,70,inferred from station location,NA
33f,Saur.3,33f.3,NA,NA, BFCF0402  ,NA,Trawl,Provided by FWRI,,NA,NA,NA,NA,NA,NA,NA,NA,NA,27.3781,-82.7221,NA,NA,NA,NA,NA,NA,NA,27.3881,-82.7476,NA,NA,NA,NA,NA,NA,NA,NA,NA,NA,NA,NA,Marine,Nearshore,Subtidal,TNA,TNWA,70,inferred from station location,NA
33f,Saur.4,33f.3,NA,NA, BFCF0402  ,NA,Trawl,Provided by FWRI,,NA,NA,NA,NA,NA,NA,NA,NA,NA,27.3781,-82.7221,NA,NA,NA,NA,NA,NA,NA,27.3881,-82.7476,NA,NA,NA,NA,NA,NA,NA,NA,NA,NA,NA,NA,Marine,Nearshore,Subtidal,TNA,TNWA,70,inferred from station location,NA
33f,Saur.5,33f.3,NA,NA, BFCF0402  ,NA,Trawl,Provided by FWRI,,NA,NA,NA,NA,NA,NA,NA,NA,NA,27.3781,-82.7221,NA,NA,NA,NA,NA,NA,NA,27.3881,-82.7476,NA,NA,NA,NA,NA,NA,NA,NA,NA,NA,NA,NA,Marine,Nearshore,Subtidal,TNA,TNWA,70,inferred from station location,NA
33f,Saur.6,33f.3,NA,NA, BFCF0402  ,NA,Trawl,Provided by FWRI,,NA,NA,NA,NA,NA,NA,NA,NA,NA,27.3781,-82.7221,NA,NA,NA,NA,NA,NA,NA,27.3881,-82.7476,NA,NA,NA,NA,NA,NA,NA,NA,NA,NA,NA,NA,Marine,Nearshore,Subtidal,TNA,TNWA,70,inferred from station location,NA
33f,Saur.7,33f.3,NA,NA, BFCF0402  ,NA,Trawl,Provided by FWRI,,NA,NA,NA,NA,NA,NA,NA,NA,NA,27.3781,-82.7221,NA,NA,NA,NA,NA,NA,NA,27.3881,-82.7476,NA,NA,NA,NA,NA,NA,NA,NA,NA,NA,NA,NA,Marine,Nearshore,Subtidal,TNA,TNWA,70,inferred from station location,NA
33f,Saur.11,33f.1,NA,NA, BFCF0413 ,NA,Trawl,Provided by FWRI,,NA,NA,NA,NA,NA,NA,NA,NA,NA,26.0821,-82.0028,NA,NA,NA,NA,NA,NA,NA,26.0835,-82.0272,NA,NA,NA,NA,NA,NA,NA,NA,NA,NA,NA,NA,Marine,Nearshore,Subtidal,TNA,TNWA,70,inferred from station location,NA
33f,Saur.12,33f.1,NA,NA, BFCF0413 ,NA,Trawl,Provided by FWRI,,NA,NA,NA,NA,NA,NA,NA,NA,NA,26.0821,-82.0028,NA,NA,NA,NA,NA,NA,NA,26.0835,-82.0272,NA,NA,NA,NA,NA,NA,NA,NA,NA,NA,NA,NA,Marine,Nearshore,Subtidal,TNA,TNWA,70,inferred from station location,NA
33f,Saur.10,33f.1,NA,NA, BFCF0413  ,NA,Trawl,Provided by FWRI,,NA,NA,NA,NA,NA,NA,NA,NA,NA,26.0821,-82.0028,NA,NA,NA,NA,NA,NA,NA,26.0835,-82.0272,NA,NA,NA,NA,NA,NA,NA,NA,NA,NA,NA,NA,Marine,Nearshore,Subtidal,TNA,TNWA,70,inferred from station location,NA
33f,Saur.13,33f.1,NA,NA, BFCF0413  ,NA,Trawl,Provided by FWRI,,NA,NA,NA,NA,NA,NA,NA,NA,NA,26.0821,-82.0028,NA,NA,NA,NA,NA,NA,NA,26.0835,-82.0272,NA,NA,NA,NA,NA,NA,NA,NA,NA,NA,NA,NA,Marine,Nearshore,Subtidal,TNA,TNWA,70,inferred from station location,NA
33f,Saur.9,33f.1,NA,NA, BFCF0413  ,NA,Trawl,Provided by FWRI,,NA,NA,NA,NA,NA,NA,NA,NA,NA,26.0821,-82.0028,NA,NA,NA,NA,NA,NA,NA,26.0835,-82.0272,NA,NA,NA,NA,NA,NA,NA,NA,NA,NA,NA,NA,Marine,Nearshore,Subtidal,TNA,TNWA,70,inferred from station location,NA
33f,Saur.14,33f.2,NA,NA, BFCS0515  ,NA,Trawl,Provided by FWRI,,NA,NA,NA,NA,NA,NA,NA,NA,NA,27.0472,-82.5283,NA,NA,NA,NA,NA,NA,NA,27.0462,-82.5517,NA,NA,NA,NA,NA,NA,NA,NA,NA,NA,NA,NA,Marine,Nearshore,Subtidal,TNA,TNWA,70,inferred from station location,NA
33f,Saur.15,33f.2,NA,NA, BFCS0515  ,NA,Trawl,Provided by FWRI,,NA,NA,NA,NA,NA,NA,NA,NA,NA,27.0472,-82.5283,NA,NA,NA,NA,NA,NA,NA,27.0462,-82.5517,NA,NA,NA,NA,NA,NA,NA,NA,NA,NA,NA,NA,Marine,Nearshore,Subtidal,TNA,TNWA,70,inferred from station location,NA
33f,Saur.16,33f.2,NA,NA, BFCS0515  ,NA,Trawl,Provided by FWRI,,NA,NA,NA,NA,NA,NA,NA,NA,NA,27.0472,-82.5283,NA,NA,NA,NA,NA,NA,NA,27.0462,-82.5517,NA,NA,NA,NA,NA,NA,NA,NA,NA,NA,NA,NA,Marine,Nearshore,Subtidal,TNA,TNWA,70,inferred from station location,NA
33f,Saur.17,33f.4,NA,NA, TBM06074502  ,NA,NA,Provided by FWRI,27.859232,-82.379691,NA,NA,NA,NA,NA,NA,NA,NA,NA,,NA,NA,NA,NA,NA,NA,NA,NA,NA,NA,NA,NA,NA,NA,NA,NA,NA,NA,NA,NA,NA,Estuarine,Tidal Riverine Coastal,Subtidal,TNA,TNWA,70,inferred from station location,NA
33f,Saur.18,33f.4,NA,NA, TBM06074502  ,NA,NA,Provided by FWRI,27.859232,-82.379691,NA,NA,NA,NA,NA,NA,NA,NA,NA,,NA,NA,NA,NA,NA,NA,NA,NA,NA,NA,NA,NA,NA,NA,NA,NA,NA,NA,NA,NA,NA,Estuarine,Tidal Riverine Coastal,Subtidal,TNA,TNWA,70,inferred from station location,NA
33f,Scav.1,33f.2,NA,NA, BFCF0412 ,NA,Trawl,Provided by FWRI,,NA,NA,NA,NA,NA,NA,NA,NA,NA,26.0841,-81.8959,NA,NA,NA,NA,NA,NA,NA,26.0782,-81.9226,NA,NA,NA,NA,NA,NA,NA,NA,NA,NA,NA,NA,Marine,Nearshore,Subtidal,TNA,TNWA,70,inferred from station location,NA
33f,Scav.3,33f.2,NA,NA, BFCF0412 ,NA,Trawl,Provided by FWRI,,NA,NA,NA,NA,NA,NA,NA,NA,NA,26.0841,-81.8959,NA,NA,NA,NA,NA,NA,NA,26.0782,-81.9226,NA,NA,NA,NA,NA,NA,NA,NA,NA,NA,NA,NA,Marine,Nearshore,Subtidal,TNA,TNWA,70,inferred from station location,NA
33f,Scav.2,33f.2,NA,NA, BFCF0412  ,NA,Trawl,Provided by FWRI,,NA,NA,NA,NA,NA,NA,NA,NA,NA,26.0841,-81.8959,NA,NA,NA,NA,NA,NA,NA,26.0782,-81.9226,NA,NA,NA,NA,NA,NA,NA,NA,NA,NA,NA,NA,Marine,Nearshore,Subtidal,TNA,TNWA,70,inferred from station location,NA
33f,Scav.4,33f.2,NA,NA, BFCF0412  ,NA,Trawl,Provided by FWRI,,NA,NA,NA,NA,NA,NA,NA,NA,NA,26.0841,-81.8959,NA,NA,NA,NA,NA,NA,NA,26.0782,-81.9226,NA,NA,NA,NA,NA,NA,NA,NA,NA,NA,NA,NA,Marine,Nearshore,Subtidal,TNA,TNWA,70,inferred from station location,NA
33f,Scav.5,33f.2,NA,NA, BFCF0412  ,NA,Trawl,Provided by FWRI,,NA,NA,NA,NA,NA,NA,NA,NA,NA,26.0841,-81.8959,NA,NA,NA,NA,NA,NA,NA,26.0782,-81.9226,NA,NA,NA,NA,NA,NA,NA,NA,NA,NA,NA,NA,Marine,Nearshore,Subtidal,TNA,TNWA,70,inferred from station location,NA
33f,Scav.10,33f.1,NA,NA, BFCF0506  ,NA,Trawl,Provided by FWRI,,NA,NA,NA,NA,NA,NA,NA,NA,NA,27.3836,-82.6445,NA,NA,NA,NA,NA,NA,NA,27.3835,-82.6794,NA,NA,NA,NA,NA,NA,NA,NA,NA,NA,NA,NA,Marine,Nearshore,Subtidal,TNA,TNWA,70,inferred from station location,NA
33f,Scav.6,33f.1,NA,NA, BFCF0506  ,NA,Trawl,Provided by FWRI,,NA,NA,NA,NA,NA,NA,NA,NA,NA,27.3836,-82.6445,NA,NA,NA,NA,NA,NA,NA,27.3835,-82.6794,NA,NA,NA,NA,NA,NA,NA,NA,NA,NA,NA,NA,Marine,Nearshore,Subtidal,TNA,TNWA,70,inferred from station location,NA
33f,Scav.7,33f.1,NA,NA, BFCF0506  ,NA,Trawl,Provided by FWRI,,NA,NA,NA,NA,NA,NA,NA,NA,NA,27.3836,-82.6445,NA,NA,NA,NA,NA,NA,NA,27.3835,-82.6794,NA,NA,NA,NA,NA,NA,NA,NA,NA,NA,NA,NA,Marine,Nearshore,Subtidal,TNA,TNWA,70,inferred from station location,NA
33f,Scav.8,33f.1,NA,NA, BFCF0506  ,NA,Trawl,Provided by FWRI,,NA,NA,NA,NA,NA,NA,NA,NA,NA,27.3836,-82.6445,NA,NA,NA,NA,NA,NA,NA,27.3835,-82.6794,NA,NA,NA,NA,NA,NA,NA,NA,NA,NA,NA,NA,Marine,Nearshore,Subtidal,TNA,TNWA,70,inferred from station location,NA
33f,Scav.9,33f.1,NA,NA, BFCF0506  ,NA,Trawl,Provided by FWRI,,NA,NA,NA,NA,NA,NA,NA,NA,NA,27.3836,-82.6445,NA,NA,NA,NA,NA,NA,NA,27.3835,-82.6794,NA,NA,NA,NA,NA,NA,NA,NA,NA,NA,NA,NA,Marine,Nearshore,Subtidal,TNA,TNWA,70,inferred from station location,NA
33f,Scav.11,33f.2,NA,NA, BFCF0507  ,NA,Trawl,Provided by FWRI,,NA,NA,NA,NA,NA,NA,NA,NA,NA,27.3824,-82.739,NA,NA,NA,NA,NA,NA,NA,27.3833,-82.7706,NA,NA,NA,NA,NA,NA,NA,NA,NA,NA,NA,NA,Marine,Nearshore,Subtidal,TNA,TNWA,70,inferred from station location,NA
33f,Scav.12,33f.2,NA,NA, BFCF0507  ,NA,Trawl,Provided by FWRI,,NA,NA,NA,NA,NA,NA,NA,NA,NA,27.3824,-82.739,NA,NA,NA,NA,NA,NA,NA,27.3833,-82.7706,NA,NA,NA,NA,NA,NA,NA,NA,NA,NA,NA,NA,Marine,Nearshore,Subtidal,TNA,TNWA,70,inferred from station location,NA
33f,Scav.13,33f.2,NA,NA, BFCF0507  ,NA,Trawl,Provided by FWRI,,NA,NA,NA,NA,NA,NA,NA,NA,NA,27.3824,-82.739,NA,NA,NA,NA,NA,NA,NA,27.3833,-82.7706,NA,NA,NA,NA,NA,NA,NA,NA,NA,NA,NA,NA,Marine,Nearshore,Subtidal,TNA,TNWA,70,inferred from station location,NA
33f,Scav.14,33f.2,NA,NA, BFCF0507  ,NA,Trawl,Provided by FWRI,,NA,NA,NA,NA,NA,NA,NA,NA,NA,27.3824,-82.739,NA,NA,NA,NA,NA,NA,NA,27.3833,-82.7706,NA,NA,NA,NA,NA,NA,NA,NA,NA,NA,NA,NA,Marine,Nearshore,Subtidal,TNA,TNWA,70,inferred from station location,NA
33f,Scav.15,33f.2,NA,NA, BFCF0507  ,NA,Trawl,Provided by FWRI,,NA,NA,NA,NA,NA,NA,NA,NA,NA,27.3824,-82.739,NA,NA,NA,NA,NA,NA,NA,27.3833,-82.7706,NA,NA,NA,NA,NA,NA,NA,NA,NA,NA,NA,NA,Marine,Nearshore,Subtidal,TNA,TNWA,70,inferred from station location,NA
33f,Scav.16,33f.2,NA,NA, BFCF0511  ,NA,Trawl,Provided by FWRI,,NA,NA,NA,NA,NA,NA,NA,NA,NA,26.7168,-82.2937,NA,NA,NA,NA,NA,NA,NA,26.7166,-82.3254,NA,NA,NA,NA,NA,NA,NA,NA,NA,NA,NA,NA,Marine,Nearshore,Subtidal,TNA,TNWA,70,inferred from station location,NA
33f,Scav.17,33f.2,NA,NA, BFCF0515  ,NA,Trawl,Provided by FWRI,,NA,NA,NA,NA,NA,NA,NA,NA,NA,26.7169,-82.6654,NA,NA,NA,NA,NA,NA,NA,26.7141,-82.7011,NA,NA,NA,NA,NA,NA,NA,NA,NA,NA,NA,NA,Marine,Nearshore,Subtidal,TNA,TNWA,70,inferred from station location,NA
33f,Scav.18,33f.1,NA,NA, BFCF0516  ,NA,Trawl,Provided by FWRI,,NA,NA,NA,NA,NA,NA,NA,NA,NA,26.1498,-81.815,NA,NA,NA,NA,NA,NA,NA,26.1502,-81.8492,NA,NA,NA,NA,NA,NA,NA,NA,NA,NA,NA,NA,Marine,Nearshore,Subtidal,TNA,TNWA,70,inferred from station location,NA
33f,Scav.19,33f.1,NA,NA, BFCF0516  ,NA,Trawl,Provided by FWRI,,NA,NA,NA,NA,NA,NA,NA,NA,NA,26.1498,-81.815,NA,NA,NA,NA,NA,NA,NA,26.1502,-81.8492,NA,NA,NA,NA,NA,NA,NA,NA,NA,NA,NA,NA,Marine,Nearshore,Subtidal,TNA,TNWA,70,inferred from station location,NA
33f,Scav.24,33f.2,NA,NA, BFCF0517 ,NA,Trawl,Provided by FWRI,,NA,NA,NA,NA,NA,NA,NA,NA,NA,26.1505,-81.9153,NA,NA,NA,NA,NA,NA,NA,26.1508,-81.9407,NA,NA,NA,NA,NA,NA,NA,NA,NA,NA,NA,NA,Marine,Nearshore,Subtidal,TNA,TNWA,70,inferred from station location,NA
33f,Scav.25,33f.2,NA,NA, BFCF0517 ,NA,Trawl,Provided by FWRI,,NA,NA,NA,NA,NA,NA,NA,NA,NA,26.1505,-81.9153,NA,NA,NA,NA,NA,NA,NA,26.1508,-81.9407,NA,NA,NA,NA,NA,NA,NA,NA,NA,NA,NA,NA,Marine,Nearshore,Subtidal,TNA,TNWA,70,inferred from station location,NA
33f,Scav.20,33f.2,NA,NA, BFCF0517  ,NA,Trawl,Provided by FWRI,,NA,NA,NA,NA,NA,NA,NA,NA,NA,26.1505,-81.9153,NA,NA,NA,NA,NA,NA,NA,26.1508,-81.9407,NA,NA,NA,NA,NA,NA,NA,NA,NA,NA,NA,NA,Marine,Nearshore,Subtidal,TNA,TNWA,70,inferred from station location,NA
33f,Scav.21,33f.2,NA,NA, BFCF0517  ,NA,Trawl,Provided by FWRI,,NA,NA,NA,NA,NA,NA,NA,NA,NA,26.1505,-81.9153,NA,NA,NA,NA,NA,NA,NA,26.1508,-81.9407,NA,NA,NA,NA,NA,NA,NA,NA,NA,NA,NA,NA,Marine,Nearshore,Subtidal,TNA,TNWA,70,inferred from station location,NA
33f,Scav.22,33f.2,NA,NA, BFCF0517  ,NA,Trawl,Provided by FWRI,,NA,NA,NA,NA,NA,NA,NA,NA,NA,26.1505,-81.9153,NA,NA,NA,NA,NA,NA,NA,26.1508,-81.9407,NA,NA,NA,NA,NA,NA,NA,NA,NA,NA,NA,NA,Marine,Nearshore,Subtidal,TNA,TNWA,70,inferred from station location,NA
33f,Scav.23,33f.2,NA,NA, BFCF0517  ,NA,Trawl,Provided by FWRI,,NA,NA,NA,NA,NA,NA,NA,NA,NA,26.1505,-81.9153,NA,NA,NA,NA,NA,NA,NA,26.1508,-81.9407,NA,NA,NA,NA,NA,NA,NA,NA,NA,NA,NA,NA,Marine,Nearshore,Subtidal,TNA,TNWA,70,inferred from station location,NA
33f,Scav.26,33f.2,NA,NA, BFCF0522  ,NA,Trawl,Provided by FWRI,,NA,NA,NA,NA,NA,NA,NA,NA,NA,26.415,-82.1846,NA,NA,NA,NA,NA,NA,NA,26.4165,-82.2112,NA,NA,NA,NA,NA,NA,NA,NA,NA,NA,NA,NA,Marine,Nearshore,Subtidal,TNA,TNWA,70,inferred from station location,NA
33f,Scav.27,33f.2,NA,NA, BFCF0522  ,NA,Trawl,Provided by FWRI,,NA,NA,NA,NA,NA,NA,NA,NA,NA,26.415,-82.1846,NA,NA,NA,NA,NA,NA,NA,26.4165,-82.2112,NA,NA,NA,NA,NA,NA,NA,NA,NA,NA,NA,NA,Marine,Nearshore,Subtidal,TNA,TNWA,70,inferred from station location,NA
33f,Scav.28,33f.2,NA,NA, BFCF0522  ,NA,Trawl,Provided by FWRI,,NA,NA,NA,NA,NA,NA,NA,NA,NA,26.415,-82.1846,NA,NA,NA,NA,NA,NA,NA,26.4165,-82.2112,NA,NA,NA,NA,NA,NA,NA,NA,NA,NA,NA,NA,Marine,Nearshore,Subtidal,TNA,TNWA,70,inferred from station location,NA
33f,Scav.29,33f.2,NA,NA, BFCF0522  ,NA,Trawl,Provided by FWRI,,NA,NA,NA,NA,NA,NA,NA,NA,NA,26.415,-82.1846,NA,NA,NA,NA,NA,NA,NA,26.4165,-82.2112,NA,NA,NA,NA,NA,NA,NA,NA,NA,NA,NA,NA,Marine,Nearshore,Subtidal,TNA,TNWA,70,inferred from station location,NA
33f,Scav.30,33f.2,NA,NA, BFCF0522  ,NA,Trawl,Provided by FWRI,,NA,NA,NA,NA,NA,NA,NA,NA,NA,26.415,-82.1846,NA,NA,NA,NA,NA,NA,NA,26.4165,-82.2112,NA,NA,NA,NA,NA,NA,NA,NA,NA,NA,NA,NA,Marine,Nearshore,Subtidal,TNA,TNWA,70,inferred from station location,NA
33f,Scav.31,33f.2,NA,NA, BFCF0527  ,NA,Trawl,Provided by FWRI,,NA,NA,NA,NA,NA,NA,NA,NA,NA,27.1178,-82.5207,NA,NA,NA,NA,NA,NA,NA,27.1171,-82.5505,NA,NA,NA,NA,NA,NA,NA,NA,NA,NA,NA,NA,Marine,Nearshore,Subtidal,TNA,TNWA,70,inferred from station location,NA
33f,Scav.32,33f.2,NA,NA, BFCF0527  ,NA,Trawl,Provided by FWRI,,NA,NA,NA,NA,NA,NA,NA,NA,NA,27.1178,-82.5207,NA,NA,NA,NA,NA,NA,NA,27.1171,-82.5505,NA,NA,NA,NA,NA,NA,NA,NA,NA,NA,NA,NA,Marine,Nearshore,Subtidal,TNA,TNWA,70,inferred from station location,NA
33f,Scav.33,33f.2,NA,NA, BFCF0527  ,NA,Trawl,Provided by FWRI,,NA,NA,NA,NA,NA,NA,NA,NA,NA,27.1178,-82.5207,NA,NA,NA,NA,NA,NA,NA,27.1171,-82.5505,NA,NA,NA,NA,NA,NA,NA,NA,NA,NA,NA,NA,Marine,Nearshore,Subtidal,TNA,TNWA,70,inferred from station location,NA
33f,Scav.34,33f.2,NA,NA, BFCF0527  ,NA,Trawl,Provided by FWRI,,NA,NA,NA,NA,NA,NA,NA,NA,NA,27.1178,-82.5207,NA,NA,NA,NA,NA,NA,NA,27.1171,-82.5505,NA,NA,NA,NA,NA,NA,NA,NA,NA,NA,NA,NA,Marine,Nearshore,Subtidal,TNA,TNWA,70,inferred from station location,NA
33f,Scav.35,33f.2,NA,NA, BFCF0527  ,NA,Trawl,Provided by FWRI,,NA,NA,NA,NA,NA,NA,NA,NA,NA,27.1178,-82.5207,NA,NA,NA,NA,NA,NA,NA,27.1171,-82.5505,NA,NA,NA,NA,NA,NA,NA,NA,NA,NA,NA,NA,Marine,Nearshore,Subtidal,TNA,TNWA,70,inferred from station location,NA
33f,Scav.36,33f.2,NA,NA, BFCF0528  ,NA,Trawl,Provided by FWRI,,NA,NA,NA,NA,NA,NA,NA,NA,NA,27.1183,-82.5857,NA,NA,NA,NA,NA,NA,NA,27.1169,-82.6162,NA,NA,NA,NA,NA,NA,NA,NA,NA,NA,NA,NA,Marine,Nearshore,Subtidal,TNA,TNWA,70,inferred from station location,NA
33f,Scav.37,33f.2,NA,NA, BFCF0528  ,NA,Trawl,Provided by FWRI,,NA,NA,NA,NA,NA,NA,NA,NA,NA,27.1183,-82.5857,NA,NA,NA,NA,NA,NA,NA,27.1169,-82.6162,NA,NA,NA,NA,NA,NA,NA,NA,NA,NA,NA,NA,Marine,Nearshore,Subtidal,TNA,TNWA,70,inferred from station location,NA
33f,Scav.38,33f.2,NA,NA, BFCF0528  ,NA,Trawl,Provided by FWRI,,NA,NA,NA,NA,NA,NA,NA,NA,NA,27.1183,-82.5857,NA,NA,NA,NA,NA,NA,NA,27.1169,-82.6162,NA,NA,NA,NA,NA,NA,NA,NA,NA,NA,NA,NA,Marine,Nearshore,Subtidal,TNA,TNWA,70,inferred from station location,NA
33f,Scav.39,33f.2,NA,NA, BFCF0528  ,NA,Trawl,Provided by FWRI,,NA,NA,NA,NA,NA,NA,NA,NA,NA,27.1183,-82.5857,NA,NA,NA,NA,NA,NA,NA,27.1169,-82.6162,NA,NA,NA,NA,NA,NA,NA,NA,NA,NA,NA,NA,Marine,Nearshore,Subtidal,TNA,TNWA,70,inferred from station location,NA
33f,Scav.40,33f.2,NA,NA, BFCF0528  ,NA,Trawl,Provided by FWRI,,NA,NA,NA,NA,NA,NA,NA,NA,NA,27.1183,-82.5857,NA,NA,NA,NA,NA,NA,NA,27.1169,-82.6162,NA,NA,NA,NA,NA,NA,NA,NA,NA,NA,NA,NA,Marine,Nearshore,Subtidal,TNA,TNWA,70,inferred from station location,NA
33f,Scav.41,33f.2,NA,NA, BFCF0529  ,NA,Trawl,Provided by FWRI,,NA,NA,NA,NA,NA,NA,NA,NA,NA,27.1175,-82.6776,NA,NA,NA,NA,NA,NA,NA,27.1165,-82.7114,NA,NA,NA,NA,NA,NA,NA,NA,NA,NA,NA,NA,Marine,Nearshore,Subtidal,TNA,TNWA,70,inferred from station location,NA
33f,Scav.42,33f.2,NA,NA, BFCF0529  ,NA,Trawl,Provided by FWRI,,NA,NA,NA,NA,NA,NA,NA,NA,NA,27.1175,-82.6776,NA,NA,NA,NA,NA,NA,NA,27.1165,-82.7114,NA,NA,NA,NA,NA,NA,NA,NA,NA,NA,NA,NA,Marine,Nearshore,Subtidal,TNA,TNWA,70,inferred from station location,NA
33f,Scav.43,33f.2,NA,NA, BFCF0529  ,NA,Trawl,Provided by FWRI,,NA,NA,NA,NA,NA,NA,NA,NA,NA,27.1175,-82.6776,NA,NA,NA,NA,NA,NA,NA,27.1165,-82.7114,NA,NA,NA,NA,NA,NA,NA,NA,NA,NA,NA,NA,Marine,Nearshore,Subtidal,TNA,TNWA,70,inferred from station location,NA
33f,Scav.44,33f.2,NA,NA, BFCF0537  ,NA,Trawl,Provided by FWRI,,NA,NA,NA,NA,NA,NA,NA,NA,NA,27.5827,-82.901,NA,NA,NA,NA,NA,NA,NA,27.5834,-82.9356,NA,NA,NA,NA,NA,NA,NA,NA,NA,NA,NA,NA,Marine,Nearshore,Subtidal,TNA,TNWA,70,inferred from station location,NA
33f,Scav.45,33f.2,NA,NA, BFCF0537  ,NA,Trawl,Provided by FWRI,,NA,NA,NA,NA,NA,NA,NA,NA,NA,27.5827,-82.901,NA,NA,NA,NA,NA,NA,NA,27.5834,-82.9356,NA,NA,NA,NA,NA,NA,NA,NA,NA,NA,NA,NA,Marine,Nearshore,Subtidal,TNA,TNWA,70,inferred from station location,NA
33f,Scav.46,33f.2,NA,NA, BFCF0537  ,NA,Trawl,Provided by FWRI,,NA,NA,NA,NA,NA,NA,NA,NA,NA,27.5827,-82.901,NA,NA,NA,NA,NA,NA,NA,27.5834,-82.9356,NA,NA,NA,NA,NA,NA,NA,NA,NA,NA,NA,NA,Marine,Nearshore,Subtidal,TNA,TNWA,70,inferred from station location,NA
33f,Scav.47,33f.2,NA,NA, BFCF0537  ,NA,Trawl,Provided by FWRI,,NA,NA,NA,NA,NA,NA,NA,NA,NA,27.5827,-82.901,NA,NA,NA,NA,NA,NA,NA,27.5834,-82.9356,NA,NA,NA,NA,NA,NA,NA,NA,NA,NA,NA,NA,Marine,Nearshore,Subtidal,TNA,TNWA,70,inferred from station location,NA
33f,Scav.48,33f.2,NA,NA, BFCF0537  ,NA,Trawl,Provided by FWRI,,NA,NA,NA,NA,NA,NA,NA,NA,NA,27.5827,-82.901,NA,NA,NA,NA,NA,NA,NA,27.5834,-82.9356,NA,NA,NA,NA,NA,NA,NA,NA,NA,NA,NA,NA,Marine,Nearshore,Subtidal,TNA,TNWA,70,inferred from station location,NA
33f,Scav.49,33f.2,NA,NA, BFCF0538  ,NA,Trawl,Provided by FWRI,,NA,NA,NA,NA,NA,NA,NA,NA,NA,27.5829,-82.8145,NA,NA,NA,NA,NA,NA,NA,27.5835,-82.8484,NA,NA,NA,NA,NA,NA,NA,NA,NA,NA,NA,NA,Marine,Nearshore,Subtidal,TNA,TNWA,70,inferred from station location,NA
33f,Scav.50,33f.2,NA,NA, BFCF0538  ,NA,Trawl,Provided by FWRI,,NA,NA,NA,NA,NA,NA,NA,NA,NA,27.5829,-82.8145,NA,NA,NA,NA,NA,NA,NA,27.5835,-82.8484,NA,NA,NA,NA,NA,NA,NA,NA,NA,NA,NA,NA,Marine,Nearshore,Subtidal,TNA,TNWA,70,inferred from station location,NA
33f,Scav.51,33f.2,NA,NA, BFCF0538  ,NA,Trawl,Provided by FWRI,,NA,NA,NA,NA,NA,NA,NA,NA,NA,27.5829,-82.8145,NA,NA,NA,NA,NA,NA,NA,27.5835,-82.8484,NA,NA,NA,NA,NA,NA,NA,NA,NA,NA,NA,NA,Marine,Nearshore,Subtidal,TNA,TNWA,70,inferred from station location,NA
33f,Scav.52,33f.2,NA,NA, BFCF0538  ,NA,Trawl,Provided by FWRI,,NA,NA,NA,NA,NA,NA,NA,NA,NA,27.5829,-82.8145,NA,NA,NA,NA,NA,NA,NA,27.5835,-82.8484,NA,NA,NA,NA,NA,NA,NA,NA,NA,NA,NA,NA,Marine,Nearshore,Subtidal,TNA,TNWA,70,inferred from station location,NA
33f,Scav.53,33f.2,NA,NA, BFCF0538  ,NA,Trawl,Provided by FWRI,,NA,NA,NA,NA,NA,NA,NA,NA,NA,27.5829,-82.8145,NA,NA,NA,NA,NA,NA,NA,27.5835,-82.8484,NA,NA,NA,NA,NA,NA,NA,NA,NA,NA,NA,NA,Marine,Nearshore,Subtidal,TNA,TNWA,70,inferred from station location,NA
33f,Scav.54,33f.2,NA,NA, BFCS0505  ,NA,Trawl,Provided by FWRI,,NA,NA,NA,NA,NA,NA,NA,NA,NA,26.7672,-82.4367,NA,NA,NA,NA,NA,NA,NA,26.7656,-82.4115,NA,NA,NA,NA,NA,NA,NA,NA,NA,NA,NA,NA,Marine,Nearshore,Subtidal,TNA,TNWA,70,inferred from station location,NA
33f,Scav.55,33f.2,NA,NA, BFCS0510  ,NA,Trawl,Provided by FWRI,,NA,NA,NA,NA,NA,NA,NA,NA,NA,26.2499,-82.0409,NA,NA,NA,NA,NA,NA,NA,26.25,-82.0675,NA,NA,NA,NA,NA,NA,NA,NA,NA,NA,NA,NA,Marine,Nearshore,Subtidal,TNA,TNWA,70,inferred from station location,NA
33f,Scav.56,33f.2,NA,NA, BFCS0510  ,NA,Trawl,Provided by FWRI,,NA,NA,NA,NA,NA,NA,NA,NA,NA,26.2499,-82.0409,NA,NA,NA,NA,NA,NA,NA,26.25,-82.0675,NA,NA,NA,NA,NA,NA,NA,NA,NA,NA,NA,NA,Marine,Nearshore,Subtidal,TNA,TNWA,70,inferred from station location,NA
33f,Scav.57,33f.2,NA,NA, BFCS0511  ,NA,Trawl,Provided by FWRI,,NA,NA,NA,NA,NA,NA,NA,NA,NA,26.2508,-82.1907,NA,NA,NA,NA,NA,NA,NA,26.2501,-82.2155,NA,NA,NA,NA,NA,NA,NA,NA,NA,NA,NA,NA,Marine,Nearshore,Subtidal,TNA,TNWA,70,inferred from station location,NA
33f,Scav.58,33f.2,NA,NA, BFCS0511  ,NA,Trawl,Provided by FWRI,,NA,NA,NA,NA,NA,NA,NA,NA,NA,26.2508,-82.1907,NA,NA,NA,NA,NA,NA,NA,26.2501,-82.2155,NA,NA,NA,NA,NA,NA,NA,NA,NA,NA,NA,NA,Marine,Nearshore,Subtidal,TNA,TNWA,70,inferred from station location,NA
33f,Scav.59,33f.2,NA,NA, BFCS0511  ,NA,Trawl,Provided by FWRI,,NA,NA,NA,NA,NA,NA,NA,NA,NA,26.2508,-82.1907,NA,NA,NA,NA,NA,NA,NA,26.2501,-82.2155,NA,NA,NA,NA,NA,NA,NA,NA,NA,NA,NA,NA,Marine,Nearshore,Subtidal,TNA,TNWA,70,inferred from station location,NA
33f,Scav.60,33f.2,NA,NA, BFCS0511  ,NA,Trawl,Provided by FWRI,,NA,NA,NA,NA,NA,NA,NA,NA,NA,26.2508,-82.1907,NA,NA,NA,NA,NA,NA,NA,26.2501,-82.2155,NA,NA,NA,NA,NA,NA,NA,NA,NA,NA,NA,NA,Marine,Nearshore,Subtidal,TNA,TNWA,70,inferred from station location,NA
33f,Scav.61,33f.2,NA,NA, BFCS0511  ,NA,Trawl,Provided by FWRI,,NA,NA,NA,NA,NA,NA,NA,NA,NA,26.2508,-82.1907,NA,NA,NA,NA,NA,NA,NA,26.2501,-82.2155,NA,NA,NA,NA,NA,NA,NA,NA,NA,NA,NA,NA,Marine,Nearshore,Subtidal,TNA,TNWA,70,inferred from station location,NA
33f,Scav.62,NA,NA,NA, BFCS05PN  ,NA,NA,Provided by FWRI,,NA,NA,NA,NA,NA,NA,NA,NA,NA,NA,NA,NA,NA,NA,NA,NA,NA,NA,NA,NA,NA,NA,NA,NA,NA,NA,NA,NA,NA,NA,NA,NA,NA,NA,NA,TNA,TNWA,70,inferred from station location,NA
33f,Scav.63,33f.2,NA,NA, BFCS0705  ,NA,Trawl,Provided by FWRI,,NA,NA,NA,NA,NA,NA,NA,NA,NA,27.3837,-82.9732,NA,NA,NA,NA,NA,NA,NA,27.3834,-83.0077,NA,NA,NA,NA,NA,NA,NA,NA,NA,NA,NA,NA,Marine,Nearshore,Subtidal,TNA,TNWA,70,inferred from station location,NA
33f,Scav.64,NA,NA,NA, BFCS08 ,NA,NA,Provided by FWRI,,NA,NA,NA,NA,NA,NA,NA,NA,NA,NA,NA,NA,NA,NA,NA,NA,NA,NA,NA,NA,NA,NA,NA,NA,NA,NA,NA,NA,NA,NA,NA,NA,NA,NA,NA,TNA,TNWA,70,inferred from station location,NA
33f,Scav.65,NA,NA,NA, BFCS08  ,NA,NA,Provided by FWRI,,NA,NA,NA,NA,NA,NA,NA,NA,NA,NA,NA,NA,NA,NA,NA,NA,NA,NA,NA,NA,NA,NA,NA,NA,NA,NA,NA,NA,NA,NA,NA,NA,NA,NA,NA,TNA,TNWA,70,inferred from station location,NA
33f,Scav.66,33f.2,NA,NA, BFCS0809  ,NA,Trawl,Provided by FWRI,,NA,NA,NA,NA,NA,NA,NA,NA,NA,26.6001,-82.3422,NA,NA,NA,NA,NA,NA,NA,26.6,-82.3758,NA,NA,NA,NA,NA,NA,NA,NA,NA,NA,NA,NA,Marine,Nearshore,Subtidal,TNA,TNWA,70,inferred from station location,NA
33f,Scav.67,33f.2,NA,NA, BFCS0832  ,NA,Trawl,Provided by FWRI,,NA,NA,NA,NA,NA,NA,NA,NA,NA,27.7,-82.8337,NA,NA,NA,NA,NA,NA,NA,27.7001,-82.8698,NA,NA,NA,NA,NA,NA,NA,NA,NA,NA,NA,NA,Marine,Nearshore,Subtidal,TNA,TNWA,70,inferred from station location,NA
33f,Scav.68,33f.2,NA,NA, BFCS0936  ,NA,Trawl,Provided by FWRI,,NA,NA,NA,NA,NA,NA,NA,NA,NA,27.8333,-82.9272,NA,NA,NA,NA,NA,NA,NA,27.8333,-82.9606,NA,NA,NA,NA,NA,NA,NA,NA,NA,NA,NA,NA,Marine,Nearshore,Subtidal,TNA,TNWA,70,inferred from station location,NA
33f,Scav.69,33f.3,NA,NA, GMM09060727  ,NA,Trawl,Provided by FWRI,,NA,NA,NA,NA,NA,NA,NA,NA,NA,27.0203,-83.7822,NA,NA,NA,NA,NA,NA,NA,27.0181,-83.7823,NA,NA,NA,NA,NA,NA,NA,NA,NA,NA,NA,NA,Marine,Offshore,Subtidal,TNA,TNWA,70,inferred from station location,NA
